identity	target	tier	profile	since	edition
NSR-CORE-001	x86_64-systemv-elf-linux	STABLE_1_0	BOUNDED_PUBLIC_EXECUTED_WITHIN_LIMITS	Edition 1	1
NSR-CORE-002	x86_64-systemv-elf-linux	STABLE_1_0	BOUNDED_PUBLIC_EXECUTED_WITHIN_LIMITS	Edition 1	1
NSR-CORE-003	x86_64-systemv-elf-linux	STABLE_1_0	BOUNDED_PUBLIC_EXECUTED_WITHIN_LIMITS	Edition 1	1
NSR-CORE-004	x86_64-systemv-elf-linux	STABLE_1_0	BOUNDED_PUBLIC_EXECUTED_WITHIN_LIMITS	Edition 1	1
NSR-CORE-005	x86_64-systemv-elf-linux	STABLE_1_0	BOUNDED_PUBLIC_EXECUTED_WITHIN_LIMITS	Edition 1	1
NSR-CORE-006	x86_64-systemv-elf-linux	STABLE_1_0	BOUNDED_PUBLIC_EXECUTED_WITHIN_LIMITS	Edition 1	1
NSR-CORE-007	x86_64-systemv-elf-linux	STABLE_1_0	BOUNDED_PUBLIC_EXECUTED_WITHIN_LIMITS	Edition 1	1
NSR-CORE-008	x86_64-systemv-elf-linux	STABLE_1_0	BOUNDED_PUBLIC_EXECUTED_WITHIN_LIMITS	Edition 1	1
NSR-CORE-009	x86_64-systemv-elf-linux	STABLE_1_0	BOUNDED_PUBLIC_EXECUTED_WITHIN_LIMITS	Edition 1	1
NSR-CORE-010	x86_64-systemv-elf-linux	STABLE_1_0	BOUNDED_PUBLIC_EXECUTED_WITHIN_LIMITS	Edition 1	1
NSR-CORE-011	x86_64-systemv-elf-linux	STABLE_1_0	BOUNDED_PUBLIC_EXECUTED_WITHIN_LIMITS	Edition 1	1
NSR-CORE-012	x86_64-systemv-elf-linux	STABLE_1_0	BOUNDED_PUBLIC_EXECUTED_WITHIN_LIMITS	Edition 1	1
NSR-CORE-013	x86_64-systemv-elf-linux	STABLE_1_0	BOUNDED_PUBLIC_EXECUTED_WITHIN_LIMITS	Edition 1	1
NSR-CORE-014	x86_64-systemv-elf-linux	STABLE_1_0	BOUNDED_PUBLIC_EXECUTED_WITHIN_LIMITS	Edition 1	1
NSR-CORE-015	x86_64-systemv-elf-linux	STABLE_1_0	BOUNDED_PUBLIC_EXECUTED_WITHIN_LIMITS	Edition 1	1
NSR-CORE-016	x86_64-systemv-elf-linux	STABLE_1_0	BOUNDED_PUBLIC_EXECUTED_WITHIN_LIMITS	Edition 1	1
NSR-CORE-017	x86_64-systemv-elf-linux	STABLE_1_0	BOUNDED_PUBLIC_EXECUTED_WITHIN_LIMITS	Edition 1	1
NSR-CORE-018	x86_64-systemv-elf-linux	STABLE_1_0	BOUNDED_PUBLIC_EXECUTED_WITHIN_LIMITS	Edition 1	1
NSR-CORE-019	x86_64-systemv-elf-linux	STABLE_1_0	BOUNDED_PUBLIC_EXECUTED_WITHIN_LIMITS	Edition 1	1
NSR-CORE-020	x86_64-systemv-elf-linux	STABLE_1_0	BOUNDED_PUBLIC_EXECUTED_WITHIN_LIMITS	Edition 1	1
NSR-CORE-021	x86_64-systemv-elf-linux	STABLE_1_0	BOUNDED_PUBLIC_EXECUTED_WITHIN_LIMITS	Edition 1	1
NSR-CORE-022	x86_64-systemv-elf-linux	STABLE_1_0	BOUNDED_PUBLIC_EXECUTED_WITHIN_LIMITS	Edition 1	1
NSR-CORE-023	x86_64-systemv-elf-linux	STABLE_1_0	BOUNDED_PUBLIC_EXECUTED_WITHIN_LIMITS	Edition 1	1
NSR-CORE-024	x86_64-systemv-elf-linux	STABLE_1_0	BOUNDED_PUBLIC_EXECUTED_WITHIN_LIMITS	Edition 1	1
NSR-CORE-025	x86_64-systemv-elf-linux	STABLE_1_0	BOUNDED_PUBLIC_EXECUTED_WITHIN_LIMITS	Edition 1	1
NSR-CORE-026	x86_64-systemv-elf-linux	STABLE_1_0	BOUNDED_PUBLIC_EXECUTED_WITHIN_LIMITS	Edition 1	1
NSR-CORE-027	x86_64-systemv-elf-linux	STABLE_1_0	BOUNDED_PUBLIC_EXECUTED_WITHIN_LIMITS	Edition 1	1
NSR-CORE-028	x86_64-systemv-elf-linux	STABLE_1_0	BOUNDED_PUBLIC_EXECUTED_WITHIN_LIMITS	Edition 1	1
NSR-CORE-029	x86_64-systemv-elf-linux	STABLE_1_0	BOUNDED_PUBLIC_EXECUTED_WITHIN_LIMITS	Edition 1	1
NSR-CORE-030	x86_64-systemv-elf-linux	STABLE_1_0	BOUNDED_PUBLIC_EXECUTED_WITHIN_LIMITS	Edition 1	1
NSR-CORE-031	x86_64-systemv-elf-linux	STABLE_1_0	BOUNDED_PUBLIC_EXECUTED_WITHIN_LIMITS	Edition 1	1
NSR-CORE-032	x86_64-systemv-elf-linux	STABLE_1_0	BOUNDED_PUBLIC_EXECUTED_WITHIN_LIMITS	Edition 1	1
NSR-CORE-033	x86_64-systemv-elf-linux	STABLE_1_0	BOUNDED_PUBLIC_EXECUTED_WITHIN_LIMITS	Edition 1	1
NSR-CORE-034	x86_64-systemv-elf-linux	STABLE_1_0	BOUNDED_PUBLIC_EXECUTED_WITHIN_LIMITS	Edition 1	1
NSR-CORE-035	x86_64-systemv-elf-linux	STABLE_1_0	BOUNDED_PUBLIC_EXECUTED_WITHIN_LIMITS	Edition 1	1
NSR-CORE-036	x86_64-systemv-elf-linux	STABLE_1_0	BOUNDED_PUBLIC_EXECUTED_WITHIN_LIMITS	Edition 1	1
NSR-CORE-037	x86_64-systemv-elf-linux	STABLE_1_0	BOUNDED_PUBLIC_EXECUTED_WITHIN_LIMITS	Edition 1	1
NSR-CORE-038	x86_64-systemv-elf-linux	STABLE_1_0	BOUNDED_PUBLIC_EXECUTED_WITHIN_LIMITS	Edition 1	1
NSR-CORE-039	x86_64-systemv-elf-linux	STABLE_1_0	BOUNDED_PUBLIC_EXECUTED_WITHIN_LIMITS	Edition 1	1
NSR-CORE-040	x86_64-systemv-elf-linux	STABLE_1_0	BOUNDED_PUBLIC_EXECUTED_WITHIN_LIMITS	Edition 1	1
NSR-CORE-041	x86_64-systemv-elf-linux	STABLE_1_0	BOUNDED_PUBLIC_EXECUTED_WITHIN_LIMITS	Edition 1	1
NSR-CORE-042	x86_64-systemv-elf-linux	STABLE_1_0	BOUNDED_PUBLIC_EXECUTED_WITHIN_LIMITS	Edition 1	1
NSR-CORE-043	x86_64-systemv-elf-linux	STABLE_1_0	BOUNDED_PUBLIC_EXECUTED_WITHIN_LIMITS	Edition 1	1
NSR-CORE-044	x86_64-systemv-elf-linux	STABLE_1_0	BOUNDED_PUBLIC_EXECUTED_WITHIN_LIMITS	Edition 1	1
NSR-CORE-045	x86_64-systemv-elf-linux	STABLE_1_0	BOUNDED_PUBLIC_EXECUTED_WITHIN_LIMITS	Edition 1	1
NSR-CORE-046	x86_64-systemv-elf-linux	STABLE_1_0	BOUNDED_PUBLIC_EXECUTED_WITHIN_LIMITS	Edition 1	1
NSR-CORE-047	x86_64-systemv-elf-linux	STABLE_1_0	BOUNDED_PUBLIC_EXECUTED_WITHIN_LIMITS	Edition 1	1
NSR-DOM-001	x86_64-systemv-elf-linux	STABLE_1_0	BOUNDED_PUBLIC_EXECUTED_WITHIN_LIMITS	Edition 1	1
NSR-DOM-002	x86_64-systemv-elf-linux	STABLE_1_0	BOUNDED_PUBLIC_EXECUTED_WITHIN_LIMITS	Edition 1	1
NSR-DOM-003	x86_64-systemv-elf-linux	STABLE_1_0	BOUNDED_PUBLIC_EXECUTED_WITHIN_LIMITS	Edition 1	1
NSR-DOM-004	x86_64-systemv-elf-linux	STABLE_1_0	BOUNDED_PUBLIC_EXECUTED_WITHIN_LIMITS	Edition 1	1
NSR-DOM-005	x86_64-systemv-elf-linux	STABLE_1_0	BOUNDED_PUBLIC_EXECUTED_WITHIN_LIMITS	Edition 1	1
NSR-DOM-006	x86_64-systemv-elf-linux	STABLE_1_0	BOUNDED_PUBLIC_EXECUTED_WITHIN_LIMITS	Edition 1	1
NSR-DOM-007	x86_64-systemv-elf-linux	STABLE_1_0	BOUNDED_PUBLIC_EXECUTED_WITHIN_LIMITS	Edition 1	1
NSR-DOM-008	x86_64-systemv-elf-linux	STABLE_1_0	BOUNDED_PUBLIC_EXECUTED_WITHIN_LIMITS	Edition 1	1
NSR-DOM-009	x86_64-systemv-elf-linux	STABLE_1_0	BOUNDED_PUBLIC_EXECUTED_WITHIN_LIMITS	Edition 1	1
NSR-DOM-010	x86_64-systemv-elf-linux	STABLE_1_0	BOUNDED_PUBLIC_EXECUTED_WITHIN_LIMITS	Edition 1	1
NSR-DOM-011	x86_64-systemv-elf-linux	STABLE_1_0	BOUNDED_PUBLIC_EXECUTED_WITHIN_LIMITS	Edition 1	1
NSR-DOM-012	x86_64-systemv-elf-linux	STABLE_1_0	BOUNDED_PUBLIC_EXECUTED_WITHIN_LIMITS	Edition 1	1
NSR-DOM-013	x86_64-systemv-elf-linux	STABLE_1_0	BOUNDED_PUBLIC_EXECUTED_WITHIN_LIMITS	Edition 1	1
NSR-DOM-014	x86_64-systemv-elf-linux	STABLE_1_0	BOUNDED_PUBLIC_EXECUTED_WITHIN_LIMITS	Edition 1	1
NSR-DOM-015	x86_64-systemv-elf-linux	STABLE_1_0	BOUNDED_PUBLIC_EXECUTED_WITHIN_LIMITS	Edition 1	1
NSR-DOM-016	x86_64-systemv-elf-linux	STABLE_1_0	BOUNDED_PUBLIC_EXECUTED_WITHIN_LIMITS	Edition 1	1
NSR-DOM-017	x86_64-systemv-elf-linux	STABLE_1_0	BOUNDED_PUBLIC_EXECUTED_WITHIN_LIMITS	Edition 1	1
NSR-DOM-018	x86_64-systemv-elf-linux	STABLE_1_0	BOUNDED_PUBLIC_EXECUTED_WITHIN_LIMITS	Edition 1	1
NSR-DOM-019	x86_64-systemv-elf-linux	STABLE_1_0	BOUNDED_PUBLIC_EXECUTED_WITHIN_LIMITS	Edition 1	1
NSR-DOM-020	x86_64-systemv-elf-linux	STABLE_1_0	BOUNDED_PUBLIC_EXECUTED_WITHIN_LIMITS	Edition 1	1
NSR-DOM-021	x86_64-systemv-elf-linux	STABLE_1_0	BOUNDED_PUBLIC_EXECUTED_WITHIN_LIMITS	Edition 1	1
NSR-DOM-022	x86_64-systemv-elf-linux	STABLE_1_0	BOUNDED_PUBLIC_EXECUTED_WITHIN_LIMITS	Edition 1	1
NSR-DOM-023	x86_64-systemv-elf-linux	STABLE_1_0	BOUNDED_PUBLIC_EXECUTED_WITHIN_LIMITS	Edition 1	1
NSR-DOM-024	x86_64-systemv-elf-linux	STABLE_1_0	BOUNDED_PUBLIC_EXECUTED_WITHIN_LIMITS	Edition 1	1
NSR-DOM-025	x86_64-systemv-elf-linux	STABLE_1_0	BOUNDED_PUBLIC_EXECUTED_WITHIN_LIMITS	Edition 1	1
NSR-DOM-026	x86_64-systemv-elf-linux	STABLE_1_0	BOUNDED_PUBLIC_EXECUTED_WITHIN_LIMITS	Edition 1	1
NSR-DOM-027	x86_64-systemv-elf-linux	STABLE_1_0	BOUNDED_PUBLIC_EXECUTED_WITHIN_LIMITS	Edition 1	1
NSR-DOM-028	x86_64-systemv-elf-linux	STABLE_1_0	BOUNDED_PUBLIC_EXECUTED_WITHIN_LIMITS	Edition 1	1
NSR-DOM-029	x86_64-systemv-elf-linux	STABLE_1_0	BOUNDED_PUBLIC_EXECUTED_WITHIN_LIMITS	Edition 1	1
NSR-DOM-030	x86_64-systemv-elf-linux	STABLE_1_0	BOUNDED_PUBLIC_EXECUTED_WITHIN_LIMITS	Edition 1	1
NSR-DOM-031	x86_64-systemv-elf-linux	STABLE_1_0	BOUNDED_PUBLIC_EXECUTED_WITHIN_LIMITS	Edition 1	1
NSR-DOM-032	x86_64-systemv-elf-linux	STABLE_1_0	BOUNDED_PUBLIC_EXECUTED_WITHIN_LIMITS	Edition 1	1
NSR-DOM-033	x86_64-systemv-elf-linux	STABLE_1_0	BOUNDED_PUBLIC_EXECUTED_WITHIN_LIMITS	Edition 1	1
NSR-DOM-034	x86_64-systemv-elf-linux	STABLE_1_0	BOUNDED_PUBLIC_EXECUTED_WITHIN_LIMITS	Edition 1	1
NSR-DOM-035	x86_64-systemv-elf-linux	STABLE_1_0	BOUNDED_PUBLIC_EXECUTED_WITHIN_LIMITS	Edition 1	1
NSR-DOM-036	x86_64-systemv-elf-linux	STABLE_1_0	BOUNDED_PUBLIC_EXECUTED_WITHIN_LIMITS	Edition 1	1
NSR-DOM-037	x86_64-systemv-elf-linux	STABLE_1_0	BOUNDED_PUBLIC_EXECUTED_WITHIN_LIMITS	Edition 1	1
NSR-DOM-038	x86_64-systemv-elf-linux	STABLE_1_0	BOUNDED_PUBLIC_EXECUTED_WITHIN_LIMITS	Edition 1	1
NSR-DOM-039	x86_64-systemv-elf-linux	STABLE_1_0	BOUNDED_PUBLIC_EXECUTED_WITHIN_LIMITS	Edition 1	1
NSR-DOM-040	x86_64-systemv-elf-linux	STABLE_1_0	BOUNDED_PUBLIC_EXECUTED_WITHIN_LIMITS	Edition 1	1
NSR-DOM-041	x86_64-systemv-elf-linux	STABLE_1_0	BOUNDED_PUBLIC_EXECUTED_WITHIN_LIMITS	Edition 1	1
NSR-DOM-042	x86_64-systemv-elf-linux	STABLE_1_0	BOUNDED_PUBLIC_EXECUTED_WITHIN_LIMITS	Edition 1	1
NSR-DOM-043	x86_64-systemv-elf-linux	STABLE_1_0	BOUNDED_PUBLIC_EXECUTED_WITHIN_LIMITS	Edition 1	1
NSR-DOM-044	x86_64-systemv-elf-linux	STABLE_1_0	BOUNDED_PUBLIC_EXECUTED_WITHIN_LIMITS	Edition 1	1
NSR-DOM-045	x86_64-systemv-elf-linux	STABLE_1_0	BOUNDED_PUBLIC_EXECUTED_WITHIN_LIMITS	Edition 1	1
NSR-DOM-046	x86_64-systemv-elf-linux	STABLE_1_0	BOUNDED_PUBLIC_EXECUTED_WITHIN_LIMITS	Edition 1	1
NSR-DOM-047	x86_64-systemv-elf-linux	STABLE_1_0	BOUNDED_PUBLIC_EXECUTED_WITHIN_LIMITS	Edition 1	1
NSR-DOM-048	x86_64-systemv-elf-linux	STABLE_1_0	BOUNDED_PUBLIC_EXECUTED_WITHIN_LIMITS	Edition 1	1
NSR-DOM-049	x86_64-systemv-elf-linux	STABLE_1_0	BOUNDED_PUBLIC_EXECUTED_WITHIN_LIMITS	Edition 1	1
NSR-DOM-050	x86_64-systemv-elf-linux	STABLE_1_0	BOUNDED_PUBLIC_EXECUTED_WITHIN_LIMITS	Edition 1	1
NSR-DOM-051	x86_64-systemv-elf-linux	STABLE_1_0	BOUNDED_PUBLIC_EXECUTED_WITHIN_LIMITS	Edition 1	1
NSR-DOM-052	x86_64-systemv-elf-linux	STABLE_1_0	BOUNDED_PUBLIC_EXECUTED_WITHIN_LIMITS	Edition 1	1
NSR-DOM-053	x86_64-systemv-elf-linux	STABLE_1_0	BOUNDED_PUBLIC_EXECUTED_WITHIN_LIMITS	Edition 1	1
NSR-DOM-054	x86_64-systemv-elf-linux	STABLE_1_0	BOUNDED_PUBLIC_EXECUTED_WITHIN_LIMITS	Edition 1	1
NSR-DOM-055	x86_64-systemv-elf-linux	STABLE_1_0	BOUNDED_PUBLIC_EXECUTED_WITHIN_LIMITS	Edition 1	1
NSR-DOM-056	x86_64-systemv-elf-linux	STABLE_1_0	BOUNDED_PUBLIC_EXECUTED_WITHIN_LIMITS	Edition 1	1
NSR-DOM-057	x86_64-systemv-elf-linux	STABLE_1_0	BOUNDED_PUBLIC_EXECUTED_WITHIN_LIMITS	Edition 1	1
NSR-DOM-058	x86_64-systemv-elf-linux	STABLE_1_0	BOUNDED_PUBLIC_EXECUTED_WITHIN_LIMITS	Edition 1	1
NSR-DOM-059	x86_64-systemv-elf-linux	STABLE_1_0	BOUNDED_PUBLIC_EXECUTED_WITHIN_LIMITS	Edition 1	1
NSR-DOM-060	x86_64-systemv-elf-linux	STABLE_1_0	BOUNDED_PUBLIC_EXECUTED_WITHIN_LIMITS	Edition 1	1
NSR-DOM-061	x86_64-systemv-elf-linux	STABLE_1_0	BOUNDED_PUBLIC_EXECUTED_WITHIN_LIMITS	Edition 1	1
NSR-DOM-062	x86_64-systemv-elf-linux	STABLE_1_0	BOUNDED_PUBLIC_EXECUTED_WITHIN_LIMITS	Edition 1	1
NSR-DOM-063	x86_64-systemv-elf-linux	STABLE_1_0	BOUNDED_PUBLIC_EXECUTED_WITHIN_LIMITS	Edition 1	1
NSR-DOM-064	x86_64-systemv-elf-linux	STABLE_1_0	BOUNDED_PUBLIC_EXECUTED_WITHIN_LIMITS	Edition 1	1
NSR-DOM-065	x86_64-systemv-elf-linux	STABLE_1_0	BOUNDED_PUBLIC_EXECUTED_WITHIN_LIMITS	Edition 1	1
NSR-DOM-066	x86_64-systemv-elf-linux	STABLE_1_0	BOUNDED_PUBLIC_EXECUTED_WITHIN_LIMITS	Edition 1	1
NSR-DOM-067	x86_64-systemv-elf-linux	STABLE_1_0	BOUNDED_PUBLIC_EXECUTED_WITHIN_LIMITS	Edition 1	1
NSR-DOM-068	x86_64-systemv-elf-linux	STABLE_1_0	BOUNDED_PUBLIC_EXECUTED_WITHIN_LIMITS	Edition 1	1
NSR-DOM-069	x86_64-systemv-elf-linux	STABLE_1_0	BOUNDED_PUBLIC_EXECUTED_WITHIN_LIMITS	Edition 1	1
NSR-DOM-070	x86_64-systemv-elf-linux	STABLE_1_0	BOUNDED_PUBLIC_EXECUTED_WITHIN_LIMITS	Edition 1	1
NSR-DOM-071	x86_64-systemv-elf-linux	STABLE_1_0	BOUNDED_PUBLIC_EXECUTED_WITHIN_LIMITS	Edition 1	1
NSR-DOM-072	x86_64-systemv-elf-linux	STABLE_1_0	BOUNDED_PUBLIC_EXECUTED_WITHIN_LIMITS	Edition 1	1
NSR-DOM-073	x86_64-systemv-elf-linux	STABLE_1_0	BOUNDED_PUBLIC_EXECUTED_WITHIN_LIMITS	Edition 1	1
NSR-DOM-074	x86_64-systemv-elf-linux	STABLE_1_0	BOUNDED_PUBLIC_EXECUTED_WITHIN_LIMITS	Edition 1	1
NSR-DOM-075	x86_64-systemv-elf-linux	STABLE_1_0	BOUNDED_PUBLIC_EXECUTED_WITHIN_LIMITS	Edition 1	1
NSR-DOM-076	x86_64-systemv-elf-linux	STABLE_1_0	BOUNDED_PUBLIC_EXECUTED_WITHIN_LIMITS	Edition 1	1
NSR-DOM-077	x86_64-systemv-elf-linux	STABLE_1_0	BOUNDED_PUBLIC_EXECUTED_WITHIN_LIMITS	Edition 1	1
NSR-DOM-078	x86_64-systemv-elf-linux	STABLE_1_0	BOUNDED_PUBLIC_EXECUTED_WITHIN_LIMITS	Edition 1	1
NSR-DOM-079	x86_64-systemv-elf-linux	STABLE_1_0	BOUNDED_PUBLIC_EXECUTED_WITHIN_LIMITS	Edition 1	1
NSR-DOM-080	x86_64-systemv-elf-linux	STABLE_1_0	BOUNDED_PUBLIC_EXECUTED_WITHIN_LIMITS	Edition 1	1
NSR-UA-001	x86_64-systemv-elf-linux	STABLE_1_0	BOUNDED_PUBLIC_EXECUTED_WITHIN_LIMITS	Edition 1	1
NSR-UA-002	x86_64-systemv-elf-linux	STABLE_1_0	BOUNDED_PUBLIC_EXECUTED_WITHIN_LIMITS	Edition 1	1
NSR-UA-003	x86_64-systemv-elf-linux	STABLE_1_0	BOUNDED_PUBLIC_EXECUTED_WITHIN_LIMITS	Edition 1	1
NSR-UA-004	x86_64-systemv-elf-linux	STABLE_1_0	BOUNDED_PUBLIC_EXECUTED_WITHIN_LIMITS	Edition 1	1
NSR-UA-005	x86_64-systemv-elf-linux	STABLE_1_0	BOUNDED_PUBLIC_EXECUTED_WITHIN_LIMITS	Edition 1	1
NSR-UA-006	x86_64-systemv-elf-linux	STABLE_1_0	BOUNDED_PUBLIC_EXECUTED_WITHIN_LIMITS	Edition 1	1
NSR-UA-007	x86_64-systemv-elf-linux	STABLE_1_0	BOUNDED_PUBLIC_EXECUTED_WITHIN_LIMITS	Edition 1	1
NSR-UA-008	x86_64-systemv-elf-linux	STABLE_1_0	BOUNDED_PUBLIC_EXECUTED_WITHIN_LIMITS	Edition 1	1
NSR-UA-009	x86_64-systemv-elf-linux	STABLE_1_0	BOUNDED_PUBLIC_EXECUTED_WITHIN_LIMITS	Edition 1	1
claim:013c10a6e1b8f372919c46ce	x86_64-systemv-elf-linux	STABLE_1_0	BOUNDED_PUBLIC_EXECUTED_WITHIN_LIMITS	Edition 1	1
claim:017a7d6c072f8f24e093bae7	x86_64-systemv-elf-linux	STABLE_1_0	BOUNDED_PUBLIC_EXECUTED_WITHIN_LIMITS	Edition 1	1
claim:018cb7c46b265bfb7263038d	x86_64-systemv-elf-linux	STABLE_1_0	BOUNDED_PUBLIC_EXECUTED_WITHIN_LIMITS	Edition 1	1
claim:022f5382cff4eecac77e454b	x86_64-systemv-elf-linux	STABLE_1_0	BOUNDED_PUBLIC_EXECUTED_WITHIN_LIMITS	Edition 1	1
claim:031af9436a9f7d0dffe33482	x86_64-systemv-elf-linux	STABLE_1_0	BOUNDED_PUBLIC_EXECUTED_WITHIN_LIMITS	Edition 1	1
claim:04d69c4db900cf6feb9e0b5d	x86_64-systemv-elf-linux	STABLE_1_0	BOUNDED_PUBLIC_EXECUTED_WITHIN_LIMITS	Edition 1	1
claim:090e1636b97a7c2ba7e9dcf7	x86_64-systemv-elf-linux	STABLE_1_0	BOUNDED_PUBLIC_EXECUTED_WITHIN_LIMITS	Edition 1	1
claim:0a3ee9f14f4e4ad3d004070d	x86_64-systemv-elf-linux	STABLE_1_0	BOUNDED_PUBLIC_EXECUTED_WITHIN_LIMITS	Edition 1	1
claim:0a82eaa27482b82b3576e3a9	x86_64-systemv-elf-linux	STABLE_1_0	BOUNDED_PUBLIC_EXECUTED_WITHIN_LIMITS	Edition 1	1
claim:0d203488bdb684e6de9be6f5	x86_64-systemv-elf-linux	STABLE_1_0	BOUNDED_PUBLIC_EXECUTED_WITHIN_LIMITS	Edition 1	1
claim:0dc6e916abc643aea6522c6a	x86_64-systemv-elf-linux	STABLE_1_0	BOUNDED_PUBLIC_EXECUTED_WITHIN_LIMITS	Edition 1	1
claim:0ef92073ff665261e0cc7410	x86_64-systemv-elf-linux	STABLE_1_0	BOUNDED_PUBLIC_EXECUTED_WITHIN_LIMITS	Edition 1	1
claim:0f2d69ab0b4bafa8eab96ede	x86_64-systemv-elf-linux	STABLE_1_0	BOUNDED_PUBLIC_EXECUTED_WITHIN_LIMITS	Edition 1	1
claim:0ff59811257d56187017f0c2	x86_64-systemv-elf-linux	STABLE_1_0	BOUNDED_PUBLIC_EXECUTED_WITHIN_LIMITS	Edition 1	1
claim:10324390ff13489f56c7db8c	x86_64-systemv-elf-linux	STABLE_1_0	BOUNDED_PUBLIC_EXECUTED_WITHIN_LIMITS	Edition 1	1
claim:1069f6270bef9e4c51e0eb71	x86_64-systemv-elf-linux	STABLE_1_0	BOUNDED_PUBLIC_EXECUTED_WITHIN_LIMITS	Edition 1	1
claim:109821e33f71ae544ad7784f	x86_64-systemv-elf-linux	STABLE_1_0	BOUNDED_PUBLIC_EXECUTED_WITHIN_LIMITS	Edition 1	1
claim:1137ab113bef489de4220313	x86_64-systemv-elf-linux	STABLE_1_0	BOUNDED_PUBLIC_EXECUTED_WITHIN_LIMITS	Edition 1	1
claim:122fb8070a74dd176a93a70a	x86_64-systemv-elf-linux	STABLE_1_0	BOUNDED_PUBLIC_EXECUTED_WITHIN_LIMITS	Edition 1	1
claim:123382b0fb71fb06b13e686a	x86_64-systemv-elf-linux	STABLE_1_0	BOUNDED_PUBLIC_EXECUTED_WITHIN_LIMITS	Edition 1	1
claim:1454f6e17030ecf4e207a80a	x86_64-systemv-elf-linux	STABLE_1_0	BOUNDED_PUBLIC_EXECUTED_WITHIN_LIMITS	Edition 1	1
claim:150a35dd2d599313968e7fce	x86_64-systemv-elf-linux	STABLE_1_0	BOUNDED_PUBLIC_EXECUTED_WITHIN_LIMITS	Edition 1	1
claim:15e63ce2f0951bd57d62916a	x86_64-systemv-elf-linux	STABLE_1_0	BOUNDED_PUBLIC_EXECUTED_WITHIN_LIMITS	Edition 1	1
claim:168c50f5ccc961a52c2ffdbe	x86_64-systemv-elf-linux	STABLE_1_0	BOUNDED_PUBLIC_EXECUTED_WITHIN_LIMITS	Edition 1	1
claim:17b82eb83aa749dea6ea6d54	x86_64-systemv-elf-linux	STABLE_1_0	BOUNDED_PUBLIC_EXECUTED_WITHIN_LIMITS	Edition 1	1
claim:185374eead963ba352652e1c	x86_64-systemv-elf-linux	STABLE_1_0	BOUNDED_PUBLIC_EXECUTED_WITHIN_LIMITS	Edition 1	1
claim:188aa5c147fc23ce87bf8589	x86_64-systemv-elf-linux	STABLE_1_0	BOUNDED_PUBLIC_EXECUTED_WITHIN_LIMITS	Edition 1	1
claim:18ffc2806b33703f78e1d402	x86_64-systemv-elf-linux	STABLE_1_0	BOUNDED_PUBLIC_EXECUTED_WITHIN_LIMITS	Edition 1	1
claim:1a9373a3a7fa502dc2f48298	x86_64-systemv-elf-linux	STABLE_1_0	BOUNDED_PUBLIC_EXECUTED_WITHIN_LIMITS	Edition 1	1
claim:1b37363fcba1b2168aabd798	x86_64-systemv-elf-linux	STABLE_1_0	BOUNDED_PUBLIC_EXECUTED_WITHIN_LIMITS	Edition 1	1
claim:1b39fcd025c453fa8357a32a	x86_64-systemv-elf-linux	STABLE_1_0	BOUNDED_PUBLIC_EXECUTED_WITHIN_LIMITS	Edition 1	1
claim:1bc7ef48f216aacfd9f9d058	x86_64-systemv-elf-linux	STABLE_1_0	BOUNDED_PUBLIC_EXECUTED_WITHIN_LIMITS	Edition 1	1
claim:1dee75379199bd3b461864b6	x86_64-systemv-elf-linux	STABLE_1_0	STABLE_PUBLIC_ATOMICALLY_EXECUTED	Edition 1	1
claim:1edb2d6fba6d2069d8ecb1b2	x86_64-systemv-elf-linux	STABLE_1_0	BOUNDED_PUBLIC_EXECUTED_WITHIN_LIMITS	Edition 1	1
claim:1f646618c206bc4091b49782	x86_64-systemv-elf-linux	STABLE_1_0	BOUNDED_PUBLIC_EXECUTED_WITHIN_LIMITS	Edition 1	1
claim:20202d70d4eddbe581997909	x86_64-systemv-elf-linux	STABLE_1_0	BOUNDED_PUBLIC_EXECUTED_WITHIN_LIMITS	Edition 1	1
claim:2164926bff38e7744328017c	x86_64-systemv-elf-linux	STABLE_1_0	BOUNDED_PUBLIC_EXECUTED_WITHIN_LIMITS	Edition 1	1
claim:21825c3b97051c5e515a0567	x86_64-systemv-elf-linux	STABLE_1_0	BOUNDED_PUBLIC_EXECUTED_WITHIN_LIMITS	Edition 1	1
claim:225c70277ef249bd5b21dbbc	x86_64-systemv-elf-linux	STABLE_1_0	BOUNDED_PUBLIC_EXECUTED_WITHIN_LIMITS	Edition 1	1
claim:2415624b2b6b0a01673cac30	x86_64-systemv-elf-linux	STABLE_1_0	BOUNDED_PUBLIC_EXECUTED_WITHIN_LIMITS	Edition 1	1
claim:245ff9bfa5103aeef018ffbf	x86_64-systemv-elf-linux	STABLE_1_0	BOUNDED_PUBLIC_EXECUTED_WITHIN_LIMITS	Edition 1	1
claim:24f727cf6a4134a5df77bbde	x86_64-systemv-elf-linux	STABLE_1_0	BOUNDED_PUBLIC_EXECUTED_WITHIN_LIMITS	Edition 1	1
claim:261d0a7a79e4a669138f207d	x86_64-systemv-elf-linux	STABLE_1_0	BOUNDED_PUBLIC_EXECUTED_WITHIN_LIMITS	Edition 1	1
claim:262485e4560591a88e23d0f6	x86_64-systemv-elf-linux	STABLE_1_0	BOUNDED_PUBLIC_EXECUTED_WITHIN_LIMITS	Edition 1	1
claim:26f684ed60b8d7c9c648a2d4	x86_64-systemv-elf-linux	STABLE_1_0	BOUNDED_PUBLIC_EXECUTED_WITHIN_LIMITS	Edition 1	1
claim:28520f06cc389966c57b1350	x86_64-systemv-elf-linux	STABLE_1_0	BOUNDED_PUBLIC_EXECUTED_WITHIN_LIMITS	Edition 1	1
claim:29096ccbb1c2cfd910ea519a	x86_64-systemv-elf-linux	STABLE_1_0	BOUNDED_PUBLIC_EXECUTED_WITHIN_LIMITS	Edition 1	1
claim:2a0587c33f76f50b748c2541	x86_64-systemv-elf-linux	STABLE_1_0	BOUNDED_PUBLIC_EXECUTED_WITHIN_LIMITS	Edition 1	1
claim:2a60d49452cf9bfd1fdba334	x86_64-systemv-elf-linux	STABLE_1_0	BOUNDED_PUBLIC_EXECUTED_WITHIN_LIMITS	Edition 1	1
claim:2a77e90f89d14ab3a1134646	x86_64-systemv-elf-linux	STABLE_1_0	BOUNDED_PUBLIC_EXECUTED_WITHIN_LIMITS	Edition 1	1
claim:2ba6d1655b5c1271a86e346e	x86_64-systemv-elf-linux	STABLE_1_0	BOUNDED_PUBLIC_EXECUTED_WITHIN_LIMITS	Edition 1	1
claim:2bfd213e6c20704403b90651	x86_64-systemv-elf-linux	STABLE_1_0	BOUNDED_PUBLIC_EXECUTED_WITHIN_LIMITS	Edition 1	1
claim:2c46bd41771626d1704b8e86	x86_64-systemv-elf-linux	STABLE_1_0	BOUNDED_PUBLIC_EXECUTED_WITHIN_LIMITS	Edition 1	1
claim:2c81c1a8cf531346ba5699b2	x86_64-systemv-elf-linux	STABLE_1_0	BOUNDED_PUBLIC_EXECUTED_WITHIN_LIMITS	Edition 1	1
claim:2d0c75419eb6a8f32bec0892	x86_64-systemv-elf-linux	STABLE_1_0	BOUNDED_PUBLIC_EXECUTED_WITHIN_LIMITS	Edition 1	1
claim:2d3c798ac72cb131a3a47321	x86_64-systemv-elf-linux	STABLE_1_0	BOUNDED_PUBLIC_EXECUTED_WITHIN_LIMITS	Edition 1	1
claim:2e196c37538b73525f2527d2	x86_64-systemv-elf-linux	STABLE_1_0	BOUNDED_PUBLIC_EXECUTED_WITHIN_LIMITS	Edition 1	1
claim:2e1c93122fc13d6d34df1b59	x86_64-systemv-elf-linux	STABLE_1_0	BOUNDED_PUBLIC_EXECUTED_WITHIN_LIMITS	Edition 1	1
claim:2e251f062ef34fad18023122	x86_64-systemv-elf-linux	STABLE_1_0	BOUNDED_PUBLIC_EXECUTED_WITHIN_LIMITS	Edition 1	1
claim:2e75bab938b02a3dd8167eb9	x86_64-systemv-elf-linux	STABLE_1_0	BOUNDED_PUBLIC_EXECUTED_WITHIN_LIMITS	Edition 1	1
claim:311685a7a02236989d47900a	x86_64-systemv-elf-linux	STABLE_1_0	BOUNDED_PUBLIC_EXECUTED_WITHIN_LIMITS	Edition 1	1
claim:327d71b504a1fea3c8407863	x86_64-systemv-elf-linux	STABLE_1_0	BOUNDED_PUBLIC_EXECUTED_WITHIN_LIMITS	Edition 1	1
claim:33b5bff070ad391908bba2f9	x86_64-systemv-elf-linux	STABLE_1_0	BOUNDED_PUBLIC_EXECUTED_WITHIN_LIMITS	Edition 1	1
claim:352f3cee7bab13693d1213fb	x86_64-systemv-elf-linux	STABLE_1_0	BOUNDED_PUBLIC_EXECUTED_WITHIN_LIMITS	Edition 1	1
claim:35cb3abf9982aba1b63daa35	x86_64-systemv-elf-linux	STABLE_1_0	BOUNDED_PUBLIC_EXECUTED_WITHIN_LIMITS	Edition 1	1
claim:3643ddeae3432f2b2f9139f8	x86_64-systemv-elf-linux	STABLE_1_0	BOUNDED_PUBLIC_EXECUTED_WITHIN_LIMITS	Edition 1	1
claim:3a1a5191c43d6c42cae03ceb	x86_64-systemv-elf-linux	STABLE_1_0	BOUNDED_PUBLIC_EXECUTED_WITHIN_LIMITS	Edition 1	1
claim:3af5a07d7b408107b32b19a0	x86_64-systemv-elf-linux	STABLE_1_0	BOUNDED_PUBLIC_EXECUTED_WITHIN_LIMITS	Edition 1	1
claim:3b661f2f1f7b1c8dde06f306	x86_64-systemv-elf-linux	STABLE_1_0	BOUNDED_PUBLIC_EXECUTED_WITHIN_LIMITS	Edition 1	1
claim:3b877d773a41ebfce31e2a56	x86_64-systemv-elf-linux	STABLE_1_0	BOUNDED_PUBLIC_EXECUTED_WITHIN_LIMITS	Edition 1	1
claim:3be8074ed4adc596274a600f	x86_64-systemv-elf-linux	STABLE_1_0	BOUNDED_PUBLIC_EXECUTED_WITHIN_LIMITS	Edition 1	1
claim:3c2eb81e414ed36cc23ec4b2	x86_64-systemv-elf-linux	STABLE_1_0	BOUNDED_PUBLIC_EXECUTED_WITHIN_LIMITS	Edition 1	1
claim:3d361b1b7b6ad0b26d30620c	x86_64-systemv-elf-linux	STABLE_1_0	BOUNDED_PUBLIC_EXECUTED_WITHIN_LIMITS	Edition 1	1
claim:3d68dc5fd9e828e756c26f2d	x86_64-systemv-elf-linux	STABLE_1_0	BOUNDED_PUBLIC_EXECUTED_WITHIN_LIMITS	Edition 1	1
claim:3d700a5a1897ad69b07b69c2	x86_64-systemv-elf-linux	STABLE_1_0	BOUNDED_PUBLIC_EXECUTED_WITHIN_LIMITS	Edition 1	1
claim:3e4e1dcddb7062bd03f35941	x86_64-systemv-elf-linux	STABLE_1_0	BOUNDED_PUBLIC_EXECUTED_WITHIN_LIMITS	Edition 1	1
claim:3ed1febf7e80ca9a7ed359a5	x86_64-systemv-elf-linux	STABLE_1_0	BOUNDED_PUBLIC_EXECUTED_WITHIN_LIMITS	Edition 1	1
claim:3f36ddd9d2242fe671e83752	x86_64-systemv-elf-linux	STABLE_1_0	BOUNDED_PUBLIC_EXECUTED_WITHIN_LIMITS	Edition 1	1
claim:3faba2f8f65262fab1216bf7	x86_64-systemv-elf-linux	STABLE_1_0	BOUNDED_PUBLIC_EXECUTED_WITHIN_LIMITS	Edition 1	1
claim:40d488fe4490fa05e7e02d26	x86_64-systemv-elf-linux	STABLE_1_0	BOUNDED_PUBLIC_EXECUTED_WITHIN_LIMITS	Edition 1	1
claim:415c71c28c43aff4440b2800	x86_64-systemv-elf-linux	STABLE_1_0	BOUNDED_PUBLIC_EXECUTED_WITHIN_LIMITS	Edition 1	1
claim:424bb83996a3e38a68dcf3e9	x86_64-systemv-elf-linux	STABLE_1_0	BOUNDED_PUBLIC_EXECUTED_WITHIN_LIMITS	Edition 1	1
claim:457f6ba87c85808174445e46	x86_64-systemv-elf-linux	STABLE_1_0	BOUNDED_PUBLIC_EXECUTED_WITHIN_LIMITS	Edition 1	1
claim:45ec8d7b2a67419031f67091	x86_64-systemv-elf-linux	STABLE_1_0	BOUNDED_PUBLIC_EXECUTED_WITHIN_LIMITS	Edition 1	1
claim:4752f69a488b14ba42ab6346	x86_64-systemv-elf-linux	STABLE_1_0	BOUNDED_PUBLIC_EXECUTED_WITHIN_LIMITS	Edition 1	1
claim:47990c872fdd06e04b656591	x86_64-systemv-elf-linux	STABLE_1_0	BOUNDED_PUBLIC_EXECUTED_WITHIN_LIMITS	Edition 1	1
claim:48e811dda1824a827cb5f5eb	x86_64-systemv-elf-linux	STABLE_1_0	BOUNDED_PUBLIC_EXECUTED_WITHIN_LIMITS	Edition 1	1
claim:492add4012b8533e7ead4cb6	x86_64-systemv-elf-linux	STABLE_1_0	BOUNDED_PUBLIC_EXECUTED_WITHIN_LIMITS	Edition 1	1
claim:49faf7047d69177900e8fe96	x86_64-systemv-elf-linux	STABLE_1_0	BOUNDED_PUBLIC_EXECUTED_WITHIN_LIMITS	Edition 1	1
claim:4c4cb795ffcabd4d37c8a850	x86_64-systemv-elf-linux	STABLE_1_0	BOUNDED_PUBLIC_EXECUTED_WITHIN_LIMITS	Edition 1	1
claim:4c814abc5cf5237a2bd5d2d2	x86_64-systemv-elf-linux	STABLE_1_0	BOUNDED_PUBLIC_EXECUTED_WITHIN_LIMITS	Edition 1	1
claim:4ec899a194e61c8e4122d838	x86_64-systemv-elf-linux	STABLE_1_0	BOUNDED_PUBLIC_EXECUTED_WITHIN_LIMITS	Edition 1	1
claim:4f51bce75a774f5cc3aeb531	x86_64-systemv-elf-linux	STABLE_1_0	BOUNDED_PUBLIC_EXECUTED_WITHIN_LIMITS	Edition 1	1
claim:4fe4393e76342243fa2d88bf	x86_64-systemv-elf-linux	STABLE_1_0	BOUNDED_PUBLIC_EXECUTED_WITHIN_LIMITS	Edition 1	1
claim:52a41f4c247955848764e413	x86_64-systemv-elf-linux	STABLE_1_0	BOUNDED_PUBLIC_EXECUTED_WITHIN_LIMITS	Edition 1	1
claim:5347bdcdb00f42f1c3a42a72	x86_64-systemv-elf-linux	STABLE_1_0	BOUNDED_PUBLIC_EXECUTED_WITHIN_LIMITS	Edition 1	1
claim:53b7c6e2a6265fa7564fb599	x86_64-systemv-elf-linux	STABLE_1_0	BOUNDED_PUBLIC_EXECUTED_WITHIN_LIMITS	Edition 1	1
claim:53cf67a22ac4477f89f4005b	x86_64-systemv-elf-linux	STABLE_1_0	BOUNDED_PUBLIC_EXECUTED_WITHIN_LIMITS	Edition 1	1
claim:547467641629e92203b10bf1	x86_64-systemv-elf-linux	STABLE_1_0	BOUNDED_PUBLIC_EXECUTED_WITHIN_LIMITS	Edition 1	1
claim:549e7059025a971fcc365dc9	x86_64-systemv-elf-linux	STABLE_1_0	BOUNDED_PUBLIC_EXECUTED_WITHIN_LIMITS	Edition 1	1
claim:54ad79f5f8bd26f18fe4bb4d	x86_64-systemv-elf-linux	STABLE_1_0	BOUNDED_PUBLIC_EXECUTED_WITHIN_LIMITS	Edition 1	1
claim:55290ab94bb4dfe62eb3d860	x86_64-systemv-elf-linux	STABLE_1_0	BOUNDED_PUBLIC_EXECUTED_WITHIN_LIMITS	Edition 1	1
claim:55dee89308056e33be8c40fb	x86_64-systemv-elf-linux	STABLE_1_0	BOUNDED_PUBLIC_EXECUTED_WITHIN_LIMITS	Edition 1	1
claim:5627492c9ec2cab409b18eaf	x86_64-systemv-elf-linux	STABLE_1_0	BOUNDED_PUBLIC_EXECUTED_WITHIN_LIMITS	Edition 1	1
claim:5650d741e3336cb96ad15195	x86_64-systemv-elf-linux	STABLE_1_0	BOUNDED_PUBLIC_EXECUTED_WITHIN_LIMITS	Edition 1	1
claim:579eeed18af4e5b64384372f	x86_64-systemv-elf-linux	STABLE_1_0	BOUNDED_PUBLIC_EXECUTED_WITHIN_LIMITS	Edition 1	1
claim:57b9a3fd10dc01e0aea508b1	x86_64-systemv-elf-linux	STABLE_1_0	BOUNDED_PUBLIC_EXECUTED_WITHIN_LIMITS	Edition 1	1
claim:587e6f8343e0bd64c09b5952	x86_64-systemv-elf-linux	STABLE_1_0	BOUNDED_PUBLIC_EXECUTED_WITHIN_LIMITS	Edition 1	1
claim:596c8f79dd98c9f8afc299ff	x86_64-systemv-elf-linux	STABLE_1_0	BOUNDED_PUBLIC_EXECUTED_WITHIN_LIMITS	Edition 1	1
claim:5bc5f510dfda3d787fe58416	x86_64-systemv-elf-linux	STABLE_1_0	BOUNDED_PUBLIC_EXECUTED_WITHIN_LIMITS	Edition 1	1
claim:5c4067090d3eb3b35c41ae27	x86_64-systemv-elf-linux	STABLE_1_0	BOUNDED_PUBLIC_EXECUTED_WITHIN_LIMITS	Edition 1	1
claim:5c562dd249bf5aac06fc39e8	x86_64-systemv-elf-linux	STABLE_1_0	BOUNDED_PUBLIC_EXECUTED_WITHIN_LIMITS	Edition 1	1
claim:5d47e5dcd877ab58dedc8c74	x86_64-systemv-elf-linux	STABLE_1_0	BOUNDED_PUBLIC_EXECUTED_WITHIN_LIMITS	Edition 1	1
claim:5d68b86e20730e28aa956938	x86_64-systemv-elf-linux	STABLE_1_0	BOUNDED_PUBLIC_EXECUTED_WITHIN_LIMITS	Edition 1	1
claim:5e73e28d4202b9aaa2f0b803	x86_64-systemv-elf-linux	STABLE_1_0	BOUNDED_PUBLIC_EXECUTED_WITHIN_LIMITS	Edition 1	1
claim:5eff28a6e44e3a21a5fe4063	x86_64-systemv-elf-linux	STABLE_1_0	BOUNDED_PUBLIC_EXECUTED_WITHIN_LIMITS	Edition 1	1
claim:605839f798b2d5e2acbe2ece	x86_64-systemv-elf-linux	STABLE_1_0	BOUNDED_PUBLIC_EXECUTED_WITHIN_LIMITS	Edition 1	1
claim:60d1fd8b101110462a0f41f7	x86_64-systemv-elf-linux	STABLE_1_0	BOUNDED_PUBLIC_EXECUTED_WITHIN_LIMITS	Edition 1	1
claim:6173cc5395595d52edab0b9e	x86_64-systemv-elf-linux	STABLE_1_0	BOUNDED_PUBLIC_EXECUTED_WITHIN_LIMITS	Edition 1	1
claim:61aa7b5cbbbb8c070ae1ba1e	x86_64-systemv-elf-linux	STABLE_1_0	BOUNDED_PUBLIC_EXECUTED_WITHIN_LIMITS	Edition 1	1
claim:620b2733fc66bb9048954ffb	x86_64-systemv-elf-linux	STABLE_1_0	BOUNDED_PUBLIC_EXECUTED_WITHIN_LIMITS	Edition 1	1
claim:641aec17a589f5dddf4bd6d8	x86_64-systemv-elf-linux	STABLE_1_0	BOUNDED_PUBLIC_EXECUTED_WITHIN_LIMITS	Edition 1	1
claim:66f55df88e329e6f7b3845b5	x86_64-systemv-elf-linux	STABLE_1_0	BOUNDED_PUBLIC_EXECUTED_WITHIN_LIMITS	Edition 1	1
claim:672cbc44e1fd06f50a7411eb	x86_64-systemv-elf-linux	STABLE_1_0	BOUNDED_PUBLIC_EXECUTED_WITHIN_LIMITS	Edition 1	1
claim:67b6d4ca4484c9e25d4b86e1	x86_64-systemv-elf-linux	STABLE_1_0	BOUNDED_PUBLIC_EXECUTED_WITHIN_LIMITS	Edition 1	1
claim:6937d35c35869eaea1bf0bc4	x86_64-systemv-elf-linux	STABLE_1_0	BOUNDED_PUBLIC_EXECUTED_WITHIN_LIMITS	Edition 1	1
claim:6a2d6ca2a076aba49e66d2b6	x86_64-systemv-elf-linux	STABLE_1_0	BOUNDED_PUBLIC_EXECUTED_WITHIN_LIMITS	Edition 1	1
claim:6bb554d0f4e59db5aeb18326	x86_64-systemv-elf-linux	STABLE_1_0	BOUNDED_PUBLIC_EXECUTED_WITHIN_LIMITS	Edition 1	1
claim:6c23175d9d55314ba5b93297	x86_64-systemv-elf-linux	STABLE_1_0	BOUNDED_PUBLIC_EXECUTED_WITHIN_LIMITS	Edition 1	1
claim:6d58fe076f0a92fb0f968d5d	x86_64-systemv-elf-linux	STABLE_1_0	BOUNDED_PUBLIC_EXECUTED_WITHIN_LIMITS	Edition 1	1
claim:6ef45fa5e187a095aa4bb988	x86_64-systemv-elf-linux	STABLE_1_0	BOUNDED_PUBLIC_EXECUTED_WITHIN_LIMITS	Edition 1	1
claim:6f82e8fa7619ca993905dee9	x86_64-systemv-elf-linux	STABLE_1_0	BOUNDED_PUBLIC_EXECUTED_WITHIN_LIMITS	Edition 1	1
claim:6fb6caef89fc6a429f8ac647	x86_64-systemv-elf-linux	STABLE_1_0	BOUNDED_PUBLIC_EXECUTED_WITHIN_LIMITS	Edition 1	1
claim:70a32b2332904c991acd74a9	x86_64-systemv-elf-linux	STABLE_1_0	BOUNDED_PUBLIC_EXECUTED_WITHIN_LIMITS	Edition 1	1
claim:73678e7a57b1ccfbeadb9513	x86_64-systemv-elf-linux	STABLE_1_0	BOUNDED_PUBLIC_EXECUTED_WITHIN_LIMITS	Edition 1	1
claim:73d2cc57c1e6c24f7d38330d	x86_64-systemv-elf-linux	STABLE_1_0	BOUNDED_PUBLIC_EXECUTED_WITHIN_LIMITS	Edition 1	1
claim:744c77a8fc81f2e310d00d07	x86_64-systemv-elf-linux	STABLE_1_0	BOUNDED_PUBLIC_EXECUTED_WITHIN_LIMITS	Edition 1	1
claim:7469642aa07e1e30b24b32d0	x86_64-systemv-elf-linux	STABLE_1_0	BOUNDED_PUBLIC_EXECUTED_WITHIN_LIMITS	Edition 1	1
claim:75a6787eaf379c6879a069c7	x86_64-systemv-elf-linux	STABLE_1_0	BOUNDED_PUBLIC_EXECUTED_WITHIN_LIMITS	Edition 1	1
claim:766d1ec0b8bced8b0d79fbb6	x86_64-systemv-elf-linux	STABLE_1_0	BOUNDED_PUBLIC_EXECUTED_WITHIN_LIMITS	Edition 1	1
claim:76c12b03f3d49b8de281cb2c	x86_64-systemv-elf-linux	STABLE_1_0	BOUNDED_PUBLIC_EXECUTED_WITHIN_LIMITS	Edition 1	1
claim:776ba84a7a9af90a944f77da	x86_64-systemv-elf-linux	STABLE_1_0	BOUNDED_PUBLIC_EXECUTED_WITHIN_LIMITS	Edition 1	1
claim:792cb04d29a9070ae6b61069	x86_64-systemv-elf-linux	STABLE_1_0	BOUNDED_PUBLIC_EXECUTED_WITHIN_LIMITS	Edition 1	1
claim:79eadfe5d0e112c7b8276900	x86_64-systemv-elf-linux	STABLE_1_0	BOUNDED_PUBLIC_EXECUTED_WITHIN_LIMITS	Edition 1	1
claim:7af40ce94be0b71e6cf6264b	x86_64-systemv-elf-linux	STABLE_1_0	BOUNDED_PUBLIC_EXECUTED_WITHIN_LIMITS	Edition 1	1
claim:7ca242ad78c0757e4c01f045	x86_64-systemv-elf-linux	STABLE_1_0	BOUNDED_PUBLIC_EXECUTED_WITHIN_LIMITS	Edition 1	1
claim:7ca8c7c0b07be6c44e825420	x86_64-systemv-elf-linux	STABLE_1_0	BOUNDED_PUBLIC_EXECUTED_WITHIN_LIMITS	Edition 1	1
claim:7d801be18c4ca393da223ca0	x86_64-systemv-elf-linux	STABLE_1_0	BOUNDED_PUBLIC_EXECUTED_WITHIN_LIMITS	Edition 1	1
claim:7f24f3ab7bde1402db6a4ab0	x86_64-systemv-elf-linux	STABLE_1_0	BOUNDED_PUBLIC_EXECUTED_WITHIN_LIMITS	Edition 1	1
claim:7fe154d8b77af9baa35135bb	x86_64-systemv-elf-linux	STABLE_1_0	BOUNDED_PUBLIC_EXECUTED_WITHIN_LIMITS	Edition 1	1
claim:7fe225c46198adab3c4282f7	x86_64-systemv-elf-linux	STABLE_1_0	BOUNDED_PUBLIC_EXECUTED_WITHIN_LIMITS	Edition 1	1
claim:8077650a5870b943da633456	x86_64-systemv-elf-linux	STABLE_1_0	BOUNDED_PUBLIC_EXECUTED_WITHIN_LIMITS	Edition 1	1
claim:814a06fd95b3f3717e0e707b	x86_64-systemv-elf-linux	STABLE_1_0	BOUNDED_PUBLIC_EXECUTED_WITHIN_LIMITS	Edition 1	1
claim:81f88d5ea73328af2efaa0de	x86_64-systemv-elf-linux	STABLE_1_0	BOUNDED_PUBLIC_EXECUTED_WITHIN_LIMITS	Edition 1	1
claim:8425036f3bb061a9469c15d6	x86_64-systemv-elf-linux	STABLE_1_0	BOUNDED_PUBLIC_EXECUTED_WITHIN_LIMITS	Edition 1	1
claim:850b86728cdc67cead69c7dd	x86_64-systemv-elf-linux	STABLE_1_0	BOUNDED_PUBLIC_EXECUTED_WITHIN_LIMITS	Edition 1	1
claim:85b7b475a9f317b026a7b687	x86_64-systemv-elf-linux	STABLE_1_0	BOUNDED_PUBLIC_EXECUTED_WITHIN_LIMITS	Edition 1	1
claim:85e6a241d1d7461f4f73b5d2	x86_64-systemv-elf-linux	STABLE_1_0	BOUNDED_PUBLIC_EXECUTED_WITHIN_LIMITS	Edition 1	1
claim:86e52c9f8f121bb50e591b94	x86_64-systemv-elf-linux	STABLE_1_0	BOUNDED_PUBLIC_EXECUTED_WITHIN_LIMITS	Edition 1	1
claim:872db359c13358ce35543c68	x86_64-systemv-elf-linux	STABLE_1_0	BOUNDED_PUBLIC_EXECUTED_WITHIN_LIMITS	Edition 1	1
claim:873d46ff74862ba8df902efd	x86_64-systemv-elf-linux	STABLE_1_0	STABLE_PUBLIC_ATOMICALLY_EXECUTED	Edition 1	1
claim:875916d78ba5e72544abf539	x86_64-systemv-elf-linux	STABLE_1_0	BOUNDED_PUBLIC_EXECUTED_WITHIN_LIMITS	Edition 1	1
claim:88f657a205f8ac766d97907b	x86_64-systemv-elf-linux	STABLE_1_0	BOUNDED_PUBLIC_EXECUTED_WITHIN_LIMITS	Edition 1	1
claim:892c2cb159efe2f607813a51	x86_64-systemv-elf-linux	STABLE_1_0	BOUNDED_PUBLIC_EXECUTED_WITHIN_LIMITS	Edition 1	1
claim:89dfddd5c928ea764b8de89d	x86_64-systemv-elf-linux	STABLE_1_0	BOUNDED_PUBLIC_EXECUTED_WITHIN_LIMITS	Edition 1	1
claim:8a391605f4e96a02e9fde741	x86_64-systemv-elf-linux	STABLE_1_0	BOUNDED_PUBLIC_EXECUTED_WITHIN_LIMITS	Edition 1	1
claim:8a75e51d03aef913884b07a4	x86_64-systemv-elf-linux	STABLE_1_0	BOUNDED_PUBLIC_EXECUTED_WITHIN_LIMITS	Edition 1	1
claim:8d4785a4a08eba9369775a99	x86_64-systemv-elf-linux	STABLE_1_0	BOUNDED_PUBLIC_EXECUTED_WITHIN_LIMITS	Edition 1	1
claim:8e15a8f4a8f5afb584c5a969	x86_64-systemv-elf-linux	STABLE_1_0	BOUNDED_PUBLIC_EXECUTED_WITHIN_LIMITS	Edition 1	1
claim:906cf79438abd7c0f42d0f42	x86_64-systemv-elf-linux	STABLE_1_0	BOUNDED_PUBLIC_EXECUTED_WITHIN_LIMITS	Edition 1	1
claim:90f616b7d80dfdd6aefa604c	x86_64-systemv-elf-linux	STABLE_1_0	BOUNDED_PUBLIC_EXECUTED_WITHIN_LIMITS	Edition 1	1
claim:93d1c9445e431ff7c4c14a9f	x86_64-systemv-elf-linux	STABLE_1_0	BOUNDED_PUBLIC_EXECUTED_WITHIN_LIMITS	Edition 1	1
claim:96cf60e02658947cd1ea3349	x86_64-systemv-elf-linux	STABLE_1_0	BOUNDED_PUBLIC_EXECUTED_WITHIN_LIMITS	Edition 1	1
claim:97876e7515f5a2663ca12f98	x86_64-systemv-elf-linux	STABLE_1_0	BOUNDED_PUBLIC_EXECUTED_WITHIN_LIMITS	Edition 1	1
claim:980d2266a234a171cc0c5407	x86_64-systemv-elf-linux	STABLE_1_0	BOUNDED_PUBLIC_EXECUTED_WITHIN_LIMITS	Edition 1	1
claim:9817044e18a110e36db56434	x86_64-systemv-elf-linux	STABLE_1_0	BOUNDED_PUBLIC_EXECUTED_WITHIN_LIMITS	Edition 1	1
claim:98c84ae23bad8170c6869b62	x86_64-systemv-elf-linux	STABLE_1_0	BOUNDED_PUBLIC_EXECUTED_WITHIN_LIMITS	Edition 1	1
claim:992d32bcce649fc5aa92fd76	x86_64-systemv-elf-linux	STABLE_1_0	BOUNDED_PUBLIC_EXECUTED_WITHIN_LIMITS	Edition 1	1
claim:9c7d133565d37ffa1f0d008c	x86_64-systemv-elf-linux	STABLE_1_0	BOUNDED_PUBLIC_EXECUTED_WITHIN_LIMITS	Edition 1	1
claim:9c9df93d2fe2ff17ca8439de	x86_64-systemv-elf-linux	STABLE_1_0	BOUNDED_PUBLIC_EXECUTED_WITHIN_LIMITS	Edition 1	1
claim:9eee2d656736e2dba5df8228	x86_64-systemv-elf-linux	STABLE_1_0	BOUNDED_PUBLIC_EXECUTED_WITHIN_LIMITS	Edition 1	1
claim:a04f7c67ac62f3dffd7e2d2d	x86_64-systemv-elf-linux	STABLE_1_0	BOUNDED_PUBLIC_EXECUTED_WITHIN_LIMITS	Edition 1	1
claim:a123e52af2631ff4b4505176	x86_64-systemv-elf-linux	STABLE_1_0	BOUNDED_PUBLIC_EXECUTED_WITHIN_LIMITS	Edition 1	1
claim:a3bc1e9e18ededf09763bc5a	x86_64-systemv-elf-linux	STABLE_1_0	BOUNDED_PUBLIC_EXECUTED_WITHIN_LIMITS	Edition 1	1
claim:a4d646f6ab5654f4270c69e7	x86_64-systemv-elf-linux	STABLE_1_0	BOUNDED_PUBLIC_EXECUTED_WITHIN_LIMITS	Edition 1	1
claim:a7d39a6257bb772bb07c730e	x86_64-systemv-elf-linux	STABLE_1_0	BOUNDED_PUBLIC_EXECUTED_WITHIN_LIMITS	Edition 1	1
claim:aa108d62ea5c02d471c7e874	x86_64-systemv-elf-linux	STABLE_1_0	BOUNDED_PUBLIC_EXECUTED_WITHIN_LIMITS	Edition 1	1
claim:aad326d5fef4be450a5f0239	x86_64-systemv-elf-linux	STABLE_1_0	BOUNDED_PUBLIC_EXECUTED_WITHIN_LIMITS	Edition 1	1
claim:abad9ccaf4dae20d4328fccf	x86_64-systemv-elf-linux	STABLE_1_0	BOUNDED_PUBLIC_EXECUTED_WITHIN_LIMITS	Edition 1	1
claim:abec9cca114540021e52bc8c	x86_64-systemv-elf-linux	STABLE_1_0	BOUNDED_PUBLIC_EXECUTED_WITHIN_LIMITS	Edition 1	1
claim:ac60dc5c0711b39f0c57310e	x86_64-systemv-elf-linux	STABLE_1_0	BOUNDED_PUBLIC_EXECUTED_WITHIN_LIMITS	Edition 1	1
claim:ae39db657afe152aa210ab2f	x86_64-systemv-elf-linux	STABLE_1_0	BOUNDED_PUBLIC_EXECUTED_WITHIN_LIMITS	Edition 1	1
claim:ae8d22912c1a770129779c49	x86_64-systemv-elf-linux	STABLE_1_0	BOUNDED_PUBLIC_EXECUTED_WITHIN_LIMITS	Edition 1	1
claim:af1e211ae36a1ecb0c79ed3c	x86_64-systemv-elf-linux	STABLE_1_0	BOUNDED_PUBLIC_EXECUTED_WITHIN_LIMITS	Edition 1	1
claim:b0a714c04094f35b25d89ad4	x86_64-systemv-elf-linux	STABLE_1_0	BOUNDED_PUBLIC_EXECUTED_WITHIN_LIMITS	Edition 1	1
claim:b1968febf742b83dac424b01	x86_64-systemv-elf-linux	STABLE_1_0	BOUNDED_PUBLIC_EXECUTED_WITHIN_LIMITS	Edition 1	1
claim:b46bc81bef2288d80c55f06c	x86_64-systemv-elf-linux	STABLE_1_0	BOUNDED_PUBLIC_EXECUTED_WITHIN_LIMITS	Edition 1	1
claim:b4e6c473be922721f8308fa8	x86_64-systemv-elf-linux	STABLE_1_0	BOUNDED_PUBLIC_EXECUTED_WITHIN_LIMITS	Edition 1	1
claim:b4ef49137abb98c4399ea805	x86_64-systemv-elf-linux	STABLE_1_0	BOUNDED_PUBLIC_EXECUTED_WITHIN_LIMITS	Edition 1	1
claim:b527988140b16cb2b195d6ab	x86_64-systemv-elf-linux	STABLE_1_0	BOUNDED_PUBLIC_EXECUTED_WITHIN_LIMITS	Edition 1	1
claim:b6afa9cf081896cc3c2a5f0c	x86_64-systemv-elf-linux	STABLE_1_0	BOUNDED_PUBLIC_EXECUTED_WITHIN_LIMITS	Edition 1	1
claim:b7aeab092dbacdd8def161e7	x86_64-systemv-elf-linux	STABLE_1_0	BOUNDED_PUBLIC_EXECUTED_WITHIN_LIMITS	Edition 1	1
claim:b7d025f424a1282604832494	x86_64-systemv-elf-linux	STABLE_1_0	BOUNDED_PUBLIC_EXECUTED_WITHIN_LIMITS	Edition 1	1
claim:b7ffcdf5e25b3713c3415c6c	x86_64-systemv-elf-linux	STABLE_1_0	BOUNDED_PUBLIC_EXECUTED_WITHIN_LIMITS	Edition 1	1
claim:bc28c557c108e7ae083d19ef	x86_64-systemv-elf-linux	STABLE_1_0	BOUNDED_PUBLIC_EXECUTED_WITHIN_LIMITS	Edition 1	1
claim:bcaffdb822955a437c82c671	x86_64-systemv-elf-linux	STABLE_1_0	BOUNDED_PUBLIC_EXECUTED_WITHIN_LIMITS	Edition 1	1
claim:be1e782a2d56e77dcd88269d	x86_64-systemv-elf-linux	STABLE_1_0	BOUNDED_PUBLIC_EXECUTED_WITHIN_LIMITS	Edition 1	1
claim:c01376d8eaedb654340c8593	x86_64-systemv-elf-linux	STABLE_1_0	BOUNDED_PUBLIC_EXECUTED_WITHIN_LIMITS	Edition 1	1
claim:c0739f72efe3896918ce9731	x86_64-systemv-elf-linux	STABLE_1_0	BOUNDED_PUBLIC_EXECUTED_WITHIN_LIMITS	Edition 1	1
claim:c0998ab6b8fbaf1f877a4314	x86_64-systemv-elf-linux	STABLE_1_0	BOUNDED_PUBLIC_EXECUTED_WITHIN_LIMITS	Edition 1	1
claim:c23da4ce0992b047ec8afe30	x86_64-systemv-elf-linux	STABLE_1_0	BOUNDED_PUBLIC_EXECUTED_WITHIN_LIMITS	Edition 1	1
claim:c555e83e61df06e38b15a258	x86_64-systemv-elf-linux	STABLE_1_0	BOUNDED_PUBLIC_EXECUTED_WITHIN_LIMITS	Edition 1	1
claim:c5b1151c2ef4cdd12eca18fe	x86_64-systemv-elf-linux	STABLE_1_0	BOUNDED_PUBLIC_EXECUTED_WITHIN_LIMITS	Edition 1	1
claim:c5f600d8f08de68f0db6e718	x86_64-systemv-elf-linux	STABLE_1_0	BOUNDED_PUBLIC_EXECUTED_WITHIN_LIMITS	Edition 1	1
claim:c6fcab493c85eccb852feab7	x86_64-systemv-elf-linux	STABLE_1_0	BOUNDED_PUBLIC_EXECUTED_WITHIN_LIMITS	Edition 1	1
claim:c76165af03df20e5abaf51e2	x86_64-systemv-elf-linux	STABLE_1_0	BOUNDED_PUBLIC_EXECUTED_WITHIN_LIMITS	Edition 1	1
claim:c8b14da9317fa2ae62e9ca17	x86_64-systemv-elf-linux	STABLE_1_0	BOUNDED_PUBLIC_EXECUTED_WITHIN_LIMITS	Edition 1	1
claim:ca00b7de3e6e77425c82a097	x86_64-systemv-elf-linux	STABLE_1_0	BOUNDED_PUBLIC_EXECUTED_WITHIN_LIMITS	Edition 1	1
claim:cb16a44ffa95d8c361d0c0c8	x86_64-systemv-elf-linux	STABLE_1_0	BOUNDED_PUBLIC_EXECUTED_WITHIN_LIMITS	Edition 1	1
claim:cc1d47dce2d484b84f04478a	x86_64-systemv-elf-linux	STABLE_1_0	BOUNDED_PUBLIC_EXECUTED_WITHIN_LIMITS	Edition 1	1
claim:cdf7651cb0c39fe2c1c7041e	x86_64-systemv-elf-linux	STABLE_1_0	BOUNDED_PUBLIC_EXECUTED_WITHIN_LIMITS	Edition 1	1
claim:ce545f606b61e12a4dfa91de	x86_64-systemv-elf-linux	STABLE_1_0	BOUNDED_PUBLIC_EXECUTED_WITHIN_LIMITS	Edition 1	1
claim:ce58a02fc4cc1d6cdeeaf444	x86_64-systemv-elf-linux	STABLE_1_0	BOUNDED_PUBLIC_EXECUTED_WITHIN_LIMITS	Edition 1	1
claim:cf0163f1d9536e519c18869b	x86_64-systemv-elf-linux	STABLE_1_0	BOUNDED_PUBLIC_EXECUTED_WITHIN_LIMITS	Edition 1	1
claim:d007c078c2c3e323f5cf3605	x86_64-systemv-elf-linux	STABLE_1_0	BOUNDED_PUBLIC_EXECUTED_WITHIN_LIMITS	Edition 1	1
claim:d1d386364763385ed98ce935	x86_64-systemv-elf-linux	STABLE_1_0	BOUNDED_PUBLIC_EXECUTED_WITHIN_LIMITS	Edition 1	1
claim:d2f39b129b1dd314fc858bd1	x86_64-systemv-elf-linux	STABLE_1_0	BOUNDED_PUBLIC_EXECUTED_WITHIN_LIMITS	Edition 1	1
claim:d31b675b1c30ee373abc69a1	x86_64-systemv-elf-linux	STABLE_1_0	BOUNDED_PUBLIC_EXECUTED_WITHIN_LIMITS	Edition 1	1
claim:d3d8d6de73194afe74a0a8de	x86_64-systemv-elf-linux	STABLE_1_0	BOUNDED_PUBLIC_EXECUTED_WITHIN_LIMITS	Edition 1	1
claim:d41dbfa820ee0843f5ee5bd4	x86_64-systemv-elf-linux	STABLE_1_0	BOUNDED_PUBLIC_EXECUTED_WITHIN_LIMITS	Edition 1	1
claim:d44687ceab8f796e02bc5310	x86_64-systemv-elf-linux	STABLE_1_0	BOUNDED_PUBLIC_EXECUTED_WITHIN_LIMITS	Edition 1	1
claim:d57dab5c6bd296989b402a05	x86_64-systemv-elf-linux	STABLE_1_0	BOUNDED_PUBLIC_EXECUTED_WITHIN_LIMITS	Edition 1	1
claim:d5944006021423146a51ff73	x86_64-systemv-elf-linux	STABLE_1_0	BOUNDED_PUBLIC_EXECUTED_WITHIN_LIMITS	Edition 1	1
claim:d625462cb98de7afd1913ea7	x86_64-systemv-elf-linux	STABLE_1_0	BOUNDED_PUBLIC_EXECUTED_WITHIN_LIMITS	Edition 1	1
claim:d785dbc264a12187d3df24c4	x86_64-systemv-elf-linux	STABLE_1_0	BOUNDED_PUBLIC_EXECUTED_WITHIN_LIMITS	Edition 1	1
claim:d7e3b4d2a0621f233366f3a4	x86_64-systemv-elf-linux	STABLE_1_0	BOUNDED_PUBLIC_EXECUTED_WITHIN_LIMITS	Edition 1	1
claim:d868cfc43c050cbac67070fb	x86_64-systemv-elf-linux	STABLE_1_0	BOUNDED_PUBLIC_EXECUTED_WITHIN_LIMITS	Edition 1	1
claim:d87e5aa71b4e98274d214d47	x86_64-systemv-elf-linux	STABLE_1_0	BOUNDED_PUBLIC_EXECUTED_WITHIN_LIMITS	Edition 1	1
claim:d9af5dbe5cd58b17c26c06a6	x86_64-systemv-elf-linux	STABLE_1_0	BOUNDED_PUBLIC_EXECUTED_WITHIN_LIMITS	Edition 1	1
claim:da20bfa83f48811c625e1146	x86_64-systemv-elf-linux	STABLE_1_0	BOUNDED_PUBLIC_EXECUTED_WITHIN_LIMITS	Edition 1	1
claim:dab9d08c0346a6a395720dae	x86_64-systemv-elf-linux	STABLE_1_0	BOUNDED_PUBLIC_EXECUTED_WITHIN_LIMITS	Edition 1	1
claim:dca093f988973a0a07cdd72b	x86_64-systemv-elf-linux	STABLE_1_0	BOUNDED_PUBLIC_EXECUTED_WITHIN_LIMITS	Edition 1	1
claim:ddd75188695701aa50db12fa	x86_64-systemv-elf-linux	STABLE_1_0	BOUNDED_PUBLIC_EXECUTED_WITHIN_LIMITS	Edition 1	1
claim:de9488198c88a7f95371751a	x86_64-systemv-elf-linux	STABLE_1_0	BOUNDED_PUBLIC_EXECUTED_WITHIN_LIMITS	Edition 1	1
claim:df4f0148b2440ecd656bf01f	x86_64-systemv-elf-linux	STABLE_1_0	BOUNDED_PUBLIC_EXECUTED_WITHIN_LIMITS	Edition 1	1
claim:e1043152c29f090c6eeb1943	x86_64-systemv-elf-linux	STABLE_1_0	BOUNDED_PUBLIC_EXECUTED_WITHIN_LIMITS	Edition 1	1
claim:e1282f512e9258c2f1e099b7	x86_64-systemv-elf-linux	STABLE_1_0	BOUNDED_PUBLIC_EXECUTED_WITHIN_LIMITS	Edition 1	1
claim:e15da49ba928c94d5643b708	x86_64-systemv-elf-linux	STABLE_1_0	BOUNDED_PUBLIC_EXECUTED_WITHIN_LIMITS	Edition 1	1
claim:e1694ab28375fdf523789369	x86_64-systemv-elf-linux	STABLE_1_0	BOUNDED_PUBLIC_EXECUTED_WITHIN_LIMITS	Edition 1	1
claim:e1e12033665161272e214426	x86_64-systemv-elf-linux	STABLE_1_0	BOUNDED_PUBLIC_EXECUTED_WITHIN_LIMITS	Edition 1	1
claim:e21a03c4a4d252ce269a85bb	x86_64-systemv-elf-linux	STABLE_1_0	BOUNDED_PUBLIC_EXECUTED_WITHIN_LIMITS	Edition 1	1
claim:e28c6ed1f7608e0e538cd4e2	x86_64-systemv-elf-linux	STABLE_1_0	BOUNDED_PUBLIC_EXECUTED_WITHIN_LIMITS	Edition 1	1
claim:e2f8aa80437d021072f2d498	x86_64-systemv-elf-linux	STABLE_1_0	BOUNDED_PUBLIC_EXECUTED_WITHIN_LIMITS	Edition 1	1
claim:e373f34ea6d115dc9edf77b3	x86_64-systemv-elf-linux	STABLE_1_0	BOUNDED_PUBLIC_EXECUTED_WITHIN_LIMITS	Edition 1	1
claim:e51b046dbfa30b7291fbad28	x86_64-systemv-elf-linux	STABLE_1_0	BOUNDED_PUBLIC_EXECUTED_WITHIN_LIMITS	Edition 1	1
claim:e664b92dda5c99ae936f11a7	x86_64-systemv-elf-linux	STABLE_1_0	BOUNDED_PUBLIC_EXECUTED_WITHIN_LIMITS	Edition 1	1
claim:e7f93db4bceb04c0ad2147b4	x86_64-systemv-elf-linux	STABLE_1_0	BOUNDED_PUBLIC_EXECUTED_WITHIN_LIMITS	Edition 1	1
claim:e8149ff28098a7f2e0908db7	x86_64-systemv-elf-linux	STABLE_1_0	BOUNDED_PUBLIC_EXECUTED_WITHIN_LIMITS	Edition 1	1
claim:ea1c3af532dae0be53acddcd	x86_64-systemv-elf-linux	STABLE_1_0	BOUNDED_PUBLIC_EXECUTED_WITHIN_LIMITS	Edition 1	1
claim:eac52e4a95d35b1330df17ef	x86_64-systemv-elf-linux	STABLE_1_0	BOUNDED_PUBLIC_EXECUTED_WITHIN_LIMITS	Edition 1	1
claim:ebc047cacea7df56097706f2	x86_64-systemv-elf-linux	STABLE_1_0	BOUNDED_PUBLIC_EXECUTED_WITHIN_LIMITS	Edition 1	1
claim:ebc56343af6bbadff156dda5	x86_64-systemv-elf-linux	STABLE_1_0	BOUNDED_PUBLIC_EXECUTED_WITHIN_LIMITS	Edition 1	1
claim:ec6979e772820bedad52b29f	x86_64-systemv-elf-linux	STABLE_1_0	BOUNDED_PUBLIC_EXECUTED_WITHIN_LIMITS	Edition 1	1
claim:ed6761c74b27ad1b60f145eb	x86_64-systemv-elf-linux	STABLE_1_0	BOUNDED_PUBLIC_EXECUTED_WITHIN_LIMITS	Edition 1	1
claim:edba8deaca5346c91645f9ed	x86_64-systemv-elf-linux	STABLE_1_0	BOUNDED_PUBLIC_EXECUTED_WITHIN_LIMITS	Edition 1	1
claim:ee65c8536fe60039f4a5f212	x86_64-systemv-elf-linux	STABLE_1_0	BOUNDED_PUBLIC_EXECUTED_WITHIN_LIMITS	Edition 1	1
claim:ef117fcc0e9f03791231e0cf	x86_64-systemv-elf-linux	STABLE_1_0	BOUNDED_PUBLIC_EXECUTED_WITHIN_LIMITS	Edition 1	1
claim:efa3beb45cb68277b395a2a8	x86_64-systemv-elf-linux	STABLE_1_0	BOUNDED_PUBLIC_EXECUTED_WITHIN_LIMITS	Edition 1	1
claim:f0579b177e3fb61a2d0cdd03	x86_64-systemv-elf-linux	STABLE_1_0	BOUNDED_PUBLIC_EXECUTED_WITHIN_LIMITS	Edition 1	1
claim:f1f3aa4cde215a622900f030	x86_64-systemv-elf-linux	STABLE_1_0	BOUNDED_PUBLIC_EXECUTED_WITHIN_LIMITS	Edition 1	1
claim:f21e8f40ed63519f770b9251	x86_64-systemv-elf-linux	STABLE_1_0	BOUNDED_PUBLIC_EXECUTED_WITHIN_LIMITS	Edition 1	1
claim:f5e7ec639e82011bf56bb6ab	x86_64-systemv-elf-linux	STABLE_1_0	BOUNDED_PUBLIC_EXECUTED_WITHIN_LIMITS	Edition 1	1
claim:f63e75ad5095ebabf67198ad	x86_64-systemv-elf-linux	STABLE_1_0	BOUNDED_PUBLIC_EXECUTED_WITHIN_LIMITS	Edition 1	1
claim:f6db667ad6eb8d84d0a4c098	x86_64-systemv-elf-linux	STABLE_1_0	BOUNDED_PUBLIC_EXECUTED_WITHIN_LIMITS	Edition 1	1
claim:f6f3bdc4481d28e97276b5ee	x86_64-systemv-elf-linux	STABLE_1_0	BOUNDED_PUBLIC_EXECUTED_WITHIN_LIMITS	Edition 1	1
claim:f7adc0185da65a7014d9fd8e	x86_64-systemv-elf-linux	STABLE_1_0	BOUNDED_PUBLIC_EXECUTED_WITHIN_LIMITS	Edition 1	1
claim:f964af5f37200ef063a4f559	x86_64-systemv-elf-linux	STABLE_1_0	BOUNDED_PUBLIC_EXECUTED_WITHIN_LIMITS	Edition 1	1
claim:f9aa11780a5d6e2053cc2d1f	x86_64-systemv-elf-linux	STABLE_1_0	BOUNDED_PUBLIC_EXECUTED_WITHIN_LIMITS	Edition 1	1
claim:f9d361b4f62271e8a2dd6e6d	x86_64-systemv-elf-linux	STABLE_1_0	BOUNDED_PUBLIC_EXECUTED_WITHIN_LIMITS	Edition 1	1
claim:fb586a453cf389e6ca5ed7ed	x86_64-systemv-elf-linux	STABLE_1_0	BOUNDED_PUBLIC_EXECUTED_WITHIN_LIMITS	Edition 1	1
claim:fdc16e93d3b89cd08b34b44b	x86_64-systemv-elf-linux	STABLE_1_0	BOUNDED_PUBLIC_EXECUTED_WITHIN_LIMITS	Edition 1	1
claim:fe608d3195a9d10f99232fc9	x86_64-systemv-elf-linux	STABLE_1_0	BOUNDED_PUBLIC_EXECUTED_WITHIN_LIMITS	Edition 1	1
claim:feb47573c015bf6f3f8c20fb	x86_64-systemv-elf-linux	STABLE_1_0	BOUNDED_PUBLIC_EXECUTED_WITHIN_LIMITS	Edition 1	1
g007-public:Deque.popBack	x86_64-systemv-elf-linux	STABLE_1_0	BOUNDED_PUBLIC_EXECUTED_WITHIN_LIMITS	Edition 1	1
g007-public:Deque.popFront	x86_64-systemv-elf-linux	STABLE_1_0	BOUNDED_PUBLIC_EXECUTED_WITHIN_LIMITS	Edition 1	1
g007-public:Deque.pushBack	x86_64-systemv-elf-linux	STABLE_1_0	BOUNDED_PUBLIC_EXECUTED_WITHIN_LIMITS	Edition 1	1
g007-public:Deque.pushFront	x86_64-systemv-elf-linux	STABLE_1_0	BOUNDED_PUBLIC_EXECUTED_WITHIN_LIMITS	Edition 1	1
g007-public:List.at	x86_64-systemv-elf-linux	STABLE_1_0	BOUNDED_PUBLIC_EXECUTED_WITHIN_LIMITS	Edition 1	1
g007-public:List.capacity	x86_64-systemv-elf-linux	STABLE_1_0	BOUNDED_PUBLIC_EXECUTED_WITHIN_LIMITS	Edition 1	1
g007-public:List.contains	x86_64-systemv-elf-linux	STABLE_1_0	BOUNDED_PUBLIC_EXECUTED_WITHIN_LIMITS	Edition 1	1
g007-public:List.deduplicate	x86_64-systemv-elf-linux	STABLE_1_0	BOUNDED_PUBLIC_EXECUTED_WITHIN_LIMITS	Edition 1	1
g007-public:List.filter	x86_64-systemv-elf-linux	STABLE_1_0	BOUNDED_PUBLIC_EXECUTED_WITHIN_LIMITS	Edition 1	1
g007-public:List.find	x86_64-systemv-elf-linux	STABLE_1_0	BOUNDED_PUBLIC_EXECUTED_WITHIN_LIMITS	Edition 1	1
g007-public:List.get	x86_64-systemv-elf-linux	STABLE_1_0	BOUNDED_PUBLIC_EXECUTED_WITHIN_LIMITS	Edition 1	1
g007-public:List.insert	x86_64-systemv-elf-linux	STABLE_1_0	BOUNDED_PUBLIC_EXECUTED_WITHIN_LIMITS	Edition 1	1
g007-public:List.length	x86_64-systemv-elf-linux	STABLE_1_0	BOUNDED_PUBLIC_EXECUTED_WITHIN_LIMITS	Edition 1	1
g007-public:List.map	x86_64-systemv-elf-linux	STABLE_1_0	BOUNDED_PUBLIC_EXECUTED_WITHIN_LIMITS	Edition 1	1
g007-public:List.pop	x86_64-systemv-elf-linux	STABLE_1_0	BOUNDED_PUBLIC_EXECUTED_WITHIN_LIMITS	Edition 1	1
g007-public:List.push	x86_64-systemv-elf-linux	STABLE_1_0	BOUNDED_PUBLIC_EXECUTED_WITHIN_LIMITS	Edition 1	1
g007-public:List.remove	x86_64-systemv-elf-linux	STABLE_1_0	BOUNDED_PUBLIC_EXECUTED_WITHIN_LIMITS	Edition 1	1
g007-public:List.reserve	x86_64-systemv-elf-linux	STABLE_1_0	BOUNDED_PUBLIC_EXECUTED_WITHIN_LIMITS	Edition 1	1
g007-public:List.retain	x86_64-systemv-elf-linux	STABLE_1_0	BOUNDED_PUBLIC_EXECUTED_WITHIN_LIMITS	Edition 1	1
g007-public:List.sort	x86_64-systemv-elf-linux	STABLE_1_0	BOUNDED_PUBLIC_EXECUTED_WITHIN_LIMITS	Edition 1	1
g007-public:List.swapRemove	x86_64-systemv-elf-linux	STABLE_1_0	BOUNDED_PUBLIC_EXECUTED_WITHIN_LIMITS	Edition 1	1
g007-public:List<Int>.from	x86_64-systemv-elf-linux	STABLE_1_0	BOUNDED_PUBLIC_EXECUTED_WITHIN_LIMITS	Edition 1	1
g007-public:List<Int>.new	x86_64-systemv-elf-linux	STABLE_1_0	BOUNDED_PUBLIC_EXECUTED_WITHIN_LIMITS	Edition 1	1
g007-public:List<Int>.withCapacity	x86_64-systemv-elf-linux	STABLE_1_0	BOUNDED_PUBLIC_EXECUTED_WITHIN_LIMITS	Edition 1	1
g007-public:Queue.dequeue	x86_64-systemv-elf-linux	STABLE_1_0	BOUNDED_PUBLIC_EXECUTED_WITHIN_LIMITS	Edition 1	1
g007-public:Queue.enqueue	x86_64-systemv-elf-linux	STABLE_1_0	BOUNDED_PUBLIC_EXECUTED_WITHIN_LIMITS	Edition 1	1
g007-public:Queue.peek	x86_64-systemv-elf-linux	STABLE_1_0	BOUNDED_PUBLIC_EXECUTED_WITHIN_LIMITS	Edition 1	1
g007-public:Queue<Int>.new	x86_64-systemv-elf-linux	STABLE_1_0	BOUNDED_PUBLIC_EXECUTED_WITHIN_LIMITS	Edition 1	1
g007-public:Stack.clear	x86_64-systemv-elf-linux	STABLE_1_0	BOUNDED_PUBLIC_EXECUTED_WITHIN_LIMITS	Edition 1	1
g007-public:Stack.length	x86_64-systemv-elf-linux	STABLE_1_0	BOUNDED_PUBLIC_EXECUTED_WITHIN_LIMITS	Edition 1	1
g007-public:Stack.peek	x86_64-systemv-elf-linux	STABLE_1_0	BOUNDED_PUBLIC_EXECUTED_WITHIN_LIMITS	Edition 1	1
g007-public:Stack.pop	x86_64-systemv-elf-linux	STABLE_1_0	BOUNDED_PUBLIC_EXECUTED_WITHIN_LIMITS	Edition 1	1
g007-public:Stack.push	x86_64-systemv-elf-linux	STABLE_1_0	BOUNDED_PUBLIC_EXECUTED_WITHIN_LIMITS	Edition 1	1
g007-public:Stack<Int>.new	x86_64-systemv-elf-linux	STABLE_1_0	BOUNDED_PUBLIC_EXECUTED_WITHIN_LIMITS	Edition 1	1
g007-public:collection.iterator	x86_64-systemv-elf-linux	STABLE_1_0	BOUNDED_PUBLIC_EXECUTED_WITHIN_LIMITS	Edition 1	1
g007-public:collection.iteratorMutable	x86_64-systemv-elf-linux	STABLE_1_0	BOUNDED_PUBLIC_EXECUTED_WITHIN_LIMITS	Edition 1	1
g007-public:iterator.collect<List<Int>>	x86_64-systemv-elf-linux	STABLE_1_0	BOUNDED_PUBLIC_EXECUTED_WITHIN_LIMITS	Edition 1	1
g007-public:iterator.enumerate	x86_64-systemv-elf-linux	STABLE_1_0	BOUNDED_PUBLIC_EXECUTED_WITHIN_LIMITS	Edition 1	1
g007-public:iterator.next	x86_64-systemv-elf-linux	STABLE_1_0	BOUNDED_PUBLIC_EXECUTED_WITHIN_LIMITS	Edition 1	1
g007-public:iterator.skip	x86_64-systemv-elf-linux	STABLE_1_0	BOUNDED_PUBLIC_EXECUTED_WITHIN_LIMITS	Edition 1	1
g007-public:iterator.take	x86_64-systemv-elf-linux	STABLE_1_0	BOUNDED_PUBLIC_EXECUTED_WITHIN_LIMITS	Edition 1	1
g008-public:Dict.capacity	x86_64-systemv-elf-linux	STABLE_1_0	BOUNDED_PUBLIC_EXECUTED_WITHIN_LIMITS	Edition 1	1
g008-public:Dict.clear	x86_64-systemv-elf-linux	STABLE_1_0	BOUNDED_PUBLIC_EXECUTED_WITHIN_LIMITS	Edition 1	1
g008-public:Dict.collisionCount	x86_64-systemv-elf-linux	STABLE_1_0	BOUNDED_PUBLIC_EXECUTED_WITHIN_LIMITS	Edition 1	1
g008-public:Dict.containsKey	x86_64-systemv-elf-linux	STABLE_1_0	BOUNDED_PUBLIC_EXECUTED_WITHIN_LIMITS	Edition 1	1
g008-public:Dict.entries	x86_64-systemv-elf-linux	STABLE_1_0	BOUNDED_PUBLIC_EXECUTED_WITHIN_LIMITS	Edition 1	1
g008-public:Dict.entry	x86_64-systemv-elf-linux	STABLE_1_0	BOUNDED_PUBLIC_EXECUTED_WITHIN_LIMITS	Edition 1	1
g008-public:Dict.get	x86_64-systemv-elf-linux	STABLE_1_0	BOUNDED_PUBLIC_EXECUTED_WITHIN_LIMITS	Edition 1	1
g008-public:Dict.getMutable	x86_64-systemv-elf-linux	STABLE_1_0	BOUNDED_PUBLIC_EXECUTED_WITHIN_LIMITS	Edition 1	1
g008-public:Dict.insert	x86_64-systemv-elf-linux	STABLE_1_0	BOUNDED_PUBLIC_EXECUTED_WITHIN_LIMITS	Edition 1	1
g008-public:Dict.iterationOrder	x86_64-systemv-elf-linux	STABLE_1_0	BOUNDED_PUBLIC_EXECUTED_WITHIN_LIMITS	Edition 1	1
g008-public:Dict.keys	x86_64-systemv-elf-linux	STABLE_1_0	BOUNDED_PUBLIC_EXECUTED_WITHIN_LIMITS	Edition 1	1
g008-public:Dict.length	x86_64-systemv-elf-linux	STABLE_1_0	BOUNDED_PUBLIC_EXECUTED_WITHIN_LIMITS	Edition 1	1
g008-public:Dict.loadFactor	x86_64-systemv-elf-linux	STABLE_1_0	BOUNDED_PUBLIC_EXECUTED_WITHIN_LIMITS	Edition 1	1
g008-public:Dict.maxProbeLength	x86_64-systemv-elf-linux	STABLE_1_0	BOUNDED_PUBLIC_EXECUTED_WITHIN_LIMITS	Edition 1	1
g008-public:Dict.remove	x86_64-systemv-elf-linux	STABLE_1_0	BOUNDED_PUBLIC_EXECUTED_WITHIN_LIMITS	Edition 1	1
g008-public:Dict.reseed	x86_64-systemv-elf-linux	STABLE_1_0	BOUNDED_PUBLIC_EXECUTED_WITHIN_LIMITS	Edition 1	1
g008-public:Dict.reserve	x86_64-systemv-elf-linux	STABLE_1_0	BOUNDED_PUBLIC_EXECUTED_WITHIN_LIMITS	Edition 1	1
g008-public:Dict.retain	x86_64-systemv-elf-linux	STABLE_1_0	BOUNDED_PUBLIC_EXECUTED_WITHIN_LIMITS	Edition 1	1
g008-public:Dict.toSortedEntries	x86_64-systemv-elf-linux	STABLE_1_0	BOUNDED_PUBLIC_EXECUTED_WITHIN_LIMITS	Edition 1	1
g008-public:Dict.validateInvariants	x86_64-systemv-elf-linux	STABLE_1_0	BOUNDED_PUBLIC_EXECUTED_WITHIN_LIMITS	Edition 1	1
g008-public:Dict.values	x86_64-systemv-elf-linux	STABLE_1_0	BOUNDED_PUBLIC_EXECUTED_WITHIN_LIMITS	Edition 1	1
g008-public:Dict<Int,Int>.new	x86_64-systemv-elf-linux	STABLE_1_0	BOUNDED_PUBLIC_EXECUTED_WITHIN_LIMITS	Edition 1	1
g008-public:Dict<Int,Int>.withCapacity	x86_64-systemv-elf-linux	STABLE_1_0	BOUNDED_PUBLIC_EXECUTED_WITHIN_LIMITS	Edition 1	1
g008-public:Hasher.finish	x86_64-systemv-elf-linux	STABLE_1_0	BOUNDED_PUBLIC_EXECUTED_WITHIN_LIMITS	Edition 1	1
g008-public:Hasher.new	x86_64-systemv-elf-linux	STABLE_1_0	BOUNDED_PUBLIC_EXECUTED_WITHIN_LIMITS	Edition 1	1
g008-public:Hasher.writeBytes	x86_64-systemv-elf-linux	STABLE_1_0	BOUNDED_PUBLIC_EXECUTED_WITHIN_LIMITS	Edition 1	1
g008-public:Int.equals	x86_64-systemv-elf-linux	STABLE_1_0	BOUNDED_PUBLIC_EXECUTED_WITHIN_LIMITS	Edition 1	1
g008-public:Int.hash	x86_64-systemv-elf-linux	STABLE_1_0	BOUNDED_PUBLIC_EXECUTED_WITHIN_LIMITS	Edition 1	1
g008-public:Int.hashStable	x86_64-systemv-elf-linux	STABLE_1_0	BOUNDED_PUBLIC_EXECUTED_WITHIN_LIMITS	Edition 1	1
g008-public:Set.contains	x86_64-systemv-elf-linux	STABLE_1_0	BOUNDED_PUBLIC_EXECUTED_WITHIN_LIMITS	Edition 1	1
g008-public:Set.difference	x86_64-systemv-elf-linux	STABLE_1_0	BOUNDED_PUBLIC_EXECUTED_WITHIN_LIMITS	Edition 1	1
g008-public:Set.insert	x86_64-systemv-elf-linux	STABLE_1_0	BOUNDED_PUBLIC_EXECUTED_WITHIN_LIMITS	Edition 1	1
g008-public:Set.intersection	x86_64-systemv-elf-linux	STABLE_1_0	BOUNDED_PUBLIC_EXECUTED_WITHIN_LIMITS	Edition 1	1
g008-public:Set.isSubsetOf	x86_64-systemv-elf-linux	STABLE_1_0	BOUNDED_PUBLIC_EXECUTED_WITHIN_LIMITS	Edition 1	1
g008-public:Set.remove	x86_64-systemv-elf-linux	STABLE_1_0	BOUNDED_PUBLIC_EXECUTED_WITHIN_LIMITS	Edition 1	1
g008-public:Set.union	x86_64-systemv-elf-linux	STABLE_1_0	BOUNDED_PUBLIC_EXECUTED_WITHIN_LIMITS	Edition 1	1
g008-public:Set<Int>.new	x86_64-systemv-elf-linux	STABLE_1_0	BOUNDED_PUBLIC_EXECUTED_WITHIN_LIMITS	Edition 1	1
g008-public:hash.deterministic	x86_64-systemv-elf-linux	STABLE_1_0	BOUNDED_PUBLIC_EXECUTED_WITHIN_LIMITS	Edition 1	1
g008-public:hash.randomized	x86_64-systemv-elf-linux	STABLE_1_0	BOUNDED_PUBLIC_EXECUTED_WITHIN_LIMITS	Edition 1	1
g009-public:Graph.addEdge	x86_64-systemv-elf-linux	STABLE_1_0	BOUNDED_PUBLIC_EXECUTED_WITHIN_LIMITS	Edition 1	1
g009-public:Graph.addNode	x86_64-systemv-elf-linux	STABLE_1_0	BOUNDED_PUBLIC_EXECUTED_WITHIN_LIMITS	Edition 1	1
g009-public:Graph.breadthFirst	x86_64-systemv-elf-linux	STABLE_1_0	BOUNDED_PUBLIC_EXECUTED_WITHIN_LIMITS	Edition 1	1
g009-public:Graph.connectedComponents	x86_64-systemv-elf-linux	STABLE_1_0	BOUNDED_PUBLIC_EXECUTED_WITHIN_LIMITS	Edition 1	1
g009-public:Graph.depthFirst	x86_64-systemv-elf-linux	STABLE_1_0	BOUNDED_PUBLIC_EXECUTED_WITHIN_LIMITS	Edition 1	1
g009-public:Graph.dijkstra	x86_64-systemv-elf-linux	STABLE_1_0	BOUNDED_PUBLIC_EXECUTED_WITHIN_LIMITS	Edition 1	1
g009-public:Graph.hasCycle	x86_64-systemv-elf-linux	STABLE_1_0	BOUNDED_PUBLIC_EXECUTED_WITHIN_LIMITS	Edition 1	1
g009-public:Graph.neighbors	x86_64-systemv-elf-linux	STABLE_1_0	BOUNDED_PUBLIC_EXECUTED_WITHIN_LIMITS	Edition 1	1
g009-public:Graph.removeEdge	x86_64-systemv-elf-linux	STABLE_1_0	BOUNDED_PUBLIC_EXECUTED_WITHIN_LIMITS	Edition 1	1
g009-public:Graph.removeNode	x86_64-systemv-elf-linux	STABLE_1_0	BOUNDED_PUBLIC_EXECUTED_WITHIN_LIMITS	Edition 1	1
g009-public:Graph.shortestPathUnweighted	x86_64-systemv-elf-linux	STABLE_1_0	BOUNDED_PUBLIC_EXECUTED_WITHIN_LIMITS	Edition 1	1
g009-public:Graph.topologicalSort	x86_64-systemv-elf-linux	STABLE_1_0	BOUNDED_PUBLIC_EXECUTED_WITHIN_LIMITS	Edition 1	1
g009-public:Graph<Int,Int>.directed	x86_64-systemv-elf-linux	STABLE_1_0	BOUNDED_PUBLIC_EXECUTED_WITHIN_LIMITS	Edition 1	1
g009-public:Graph<Int,Int>.undirected	x86_64-systemv-elf-linux	STABLE_1_0	BOUNDED_PUBLIC_EXECUTED_WITHIN_LIMITS	Edition 1	1
g009-public:Node.degree	x86_64-systemv-elf-linux	STABLE_1_0	BOUNDED_PUBLIC_EXECUTED_WITHIN_LIMITS	Edition 1	1
g009-public:Node.id	x86_64-systemv-elf-linux	STABLE_1_0	BOUNDED_PUBLIC_EXECUTED_WITHIN_LIMITS	Edition 1	1
g009-public:Node.replaceValue	x86_64-systemv-elf-linux	STABLE_1_0	BOUNDED_PUBLIC_EXECUTED_WITHIN_LIMITS	Edition 1	1
g009-public:Node.value	x86_64-systemv-elf-linux	STABLE_1_0	BOUNDED_PUBLIC_EXECUTED_WITHIN_LIMITS	Edition 1	1
g009-public:Node<Int> value	x86_64-systemv-elf-linux	STABLE_1_0	BOUNDED_PUBLIC_EXECUTED_WITHIN_LIMITS	Edition 1	1
g009-public:Node<Int>.new	x86_64-systemv-elf-linux	STABLE_1_0	BOUNDED_PUBLIC_EXECUTED_WITHIN_LIMITS	Edition 1	1
g009-public:Tree.addChild	x86_64-systemv-elf-linux	STABLE_1_0	BOUNDED_PUBLIC_EXECUTED_WITHIN_LIMITS	Edition 1	1
g009-public:Tree.children	x86_64-systemv-elf-linux	STABLE_1_0	BOUNDED_PUBLIC_EXECUTED_WITHIN_LIMITS	Edition 1	1
g009-public:Tree.height	x86_64-systemv-elf-linux	STABLE_1_0	BOUNDED_PUBLIC_EXECUTED_WITHIN_LIMITS	Edition 1	1
g009-public:Tree.lowestCommonAncestor	x86_64-systemv-elf-linux	STABLE_1_0	BOUNDED_PUBLIC_EXECUTED_WITHIN_LIMITS	Edition 1	1
g009-public:Tree.parent	x86_64-systemv-elf-linux	STABLE_1_0	BOUNDED_PUBLIC_EXECUTED_WITHIN_LIMITS	Edition 1	1
g009-public:Tree.postorder	x86_64-systemv-elf-linux	STABLE_1_0	BOUNDED_PUBLIC_EXECUTED_WITHIN_LIMITS	Edition 1	1
g009-public:Tree.preorder	x86_64-systemv-elf-linux	STABLE_1_0	BOUNDED_PUBLIC_EXECUTED_WITHIN_LIMITS	Edition 1	1
g009-public:Tree.removeSubtree	x86_64-systemv-elf-linux	STABLE_1_0	BOUNDED_PUBLIC_EXECUTED_WITHIN_LIMITS	Edition 1	1
g009-public:Tree.root	x86_64-systemv-elf-linux	STABLE_1_0	BOUNDED_PUBLIC_EXECUTED_WITHIN_LIMITS	Edition 1	1
g009-public:Tree<Int>.new	x86_64-systemv-elf-linux	STABLE_1_0	BOUNDED_PUBLIC_EXECUTED_WITHIN_LIMITS	Edition 1	1
g009-public:traversal.next	x86_64-systemv-elf-linux	STABLE_1_0	BOUNDED_PUBLIC_EXECUTED_WITHIN_LIMITS	Edition 1	1
g009-public:traversal.path	x86_64-systemv-elf-linux	STABLE_1_0	BOUNDED_PUBLIC_EXECUTED_WITHIN_LIMITS	Edition 1	1
g009-public:traversal.stopWhen	x86_64-systemv-elf-linux	STABLE_1_0	BOUNDED_PUBLIC_EXECUTED_WITHIN_LIMITS	Edition 1	1
g010-public:Column.cast<U>	x86_64-systemv-elf-linux	STABLE_1_0	BOUNDED_PUBLIC_EXECUTED_WITHIN_LIMITS	Edition 1	1
g010-public:Column.coalesce	x86_64-systemv-elf-linux	STABLE_1_0	BOUNDED_PUBLIC_EXECUTED_WITHIN_LIMITS	Edition 1	1
g010-public:Column.countMissing	x86_64-systemv-elf-linux	STABLE_1_0	BOUNDED_PUBLIC_EXECUTED_WITHIN_LIMITS	Edition 1	1
g010-public:Column.dropMissing	x86_64-systemv-elf-linux	STABLE_1_0	BOUNDED_PUBLIC_EXECUTED_WITHIN_LIMITS	Edition 1	1
g010-public:Column.fillMissing	x86_64-systemv-elf-linux	STABLE_1_0	BOUNDED_PUBLIC_EXECUTED_WITHIN_LIMITS	Edition 1	1
g010-public:Column.get	x86_64-systemv-elf-linux	STABLE_1_0	BOUNDED_PUBLIC_EXECUTED_WITHIN_LIMITS	Edition 1	1
g010-public:Column.isMissing	x86_64-systemv-elf-linux	STABLE_1_0	BOUNDED_PUBLIC_EXECUTED_WITHIN_LIMITS	Edition 1	1
g010-public:Column.max	x86_64-systemv-elf-linux	STABLE_1_0	BOUNDED_PUBLIC_EXECUTED_WITHIN_LIMITS	Edition 1	1
g010-public:Column.min	x86_64-systemv-elf-linux	STABLE_1_0	BOUNDED_PUBLIC_EXECUTED_WITHIN_LIMITS	Edition 1	1
g010-public:Column.sum	x86_64-systemv-elf-linux	STABLE_1_0	BOUNDED_PUBLIC_EXECUTED_WITHIN_LIMITS	Edition 1	1
g010-public:Column<Int> [values]	x86_64-systemv-elf-linux	STABLE_1_0	BOUNDED_PUBLIC_EXECUTED_WITHIN_LIMITS	Edition 1	1
g010-public:Column<Int>.from	x86_64-systemv-elf-linux	STABLE_1_0	BOUNDED_PUBLIC_EXECUTED_WITHIN_LIMITS	Edition 1	1
g010-public:Dataset.cache	x86_64-systemv-elf-linux	STABLE_1_0	BOUNDED_PUBLIC_EXECUTED_WITHIN_LIMITS	Edition 1	1
g010-public:Dataset.collect	x86_64-systemv-elf-linux	STABLE_1_0	BOUNDED_PUBLIC_EXECUTED_WITHIN_LIMITS	Edition 1	1
g010-public:Dataset.collect.at	x86_64-systemv-elf-linux	STABLE_1_0	BOUNDED_PUBLIC_EXECUTED_WITHIN_LIMITS	Edition 1	1
g010-public:Dataset.collect.next	x86_64-systemv-elf-linux	STABLE_1_0	BOUNDED_PUBLIC_EXECUTED_WITHIN_LIMITS	Edition 1	1
g010-public:Dataset.fromTables	x86_64-systemv-elf-linux	STABLE_1_0	BOUNDED_PUBLIC_EXECUTED_WITHIN_LIMITS	Edition 1	1
g010-public:Dataset.partitionCount	x86_64-systemv-elf-linux	STABLE_1_0	BOUNDED_PUBLIC_EXECUTED_WITHIN_LIMITS	Edition 1	1
g010-public:Dataset.repartition	x86_64-systemv-elf-linux	STABLE_1_0	BOUNDED_PUBLIC_EXECUTED_WITHIN_LIMITS	Edition 1	1
g010-public:Dataset.scan	x86_64-systemv-elf-linux	STABLE_1_0	BOUNDED_PUBLIC_EXECUTED_WITHIN_LIMITS	Edition 1	1
g010-public:Dataset.scan.sink	x86_64-systemv-elf-linux	STABLE_1_0	BOUNDED_PUBLIC_EXECUTED_WITHIN_LIMITS	Edition 1	1
g010-public:Dataset.schema	x86_64-systemv-elf-linux	STABLE_1_0	BOUNDED_PUBLIC_EXECUTED_WITHIN_LIMITS	Edition 1	1
g010-public:Event<Int>.value	x86_64-systemv-elf-linux	STABLE_1_0	BOUNDED_PUBLIC_EXECUTED_WITHIN_LIMITS	Edition 1	1
g010-public:Flow<Int>.value	x86_64-systemv-elf-linux	STABLE_1_0	BOUNDED_PUBLIC_EXECUTED_WITHIN_LIMITS	Edition 1	1
g010-public:Row.from	x86_64-systemv-elf-linux	STABLE_1_0	BOUNDED_PUBLIC_EXECUTED_WITHIN_LIMITS	Edition 1	1
g010-public:Row.get	x86_64-systemv-elf-linux	STABLE_1_0	BOUNDED_PUBLIC_EXECUTED_WITHIN_LIMITS	Edition 1	1
g010-public:Row.project	x86_64-systemv-elf-linux	STABLE_1_0	BOUNDED_PUBLIC_EXECUTED_WITHIN_LIMITS	Edition 1	1
g010-public:Row.toTuple	x86_64-systemv-elf-linux	STABLE_1_0	BOUNDED_PUBLIC_EXECUTED_WITHIN_LIMITS	Edition 1	1
g010-public:Schema.field	x86_64-systemv-elf-linux	STABLE_1_0	BOUNDED_PUBLIC_EXECUTED_WITHIN_LIMITS	Edition 1	1
g010-public:Schema.indexOf	x86_64-systemv-elf-linux	STABLE_1_0	BOUNDED_PUBLIC_EXECUTED_WITHIN_LIMITS	Edition 1	1
g010-public:Schema.new	x86_64-systemv-elf-linux	STABLE_1_0	BOUNDED_PUBLIC_EXECUTED_WITHIN_LIMITS	Edition 1	1
g010-public:Stream.batch	x86_64-systemv-elf-linux	STABLE_1_0	BOUNDED_PUBLIC_EXECUTED_WITHIN_LIMITS	Edition 1	1
g010-public:Stream.batch.next	x86_64-systemv-elf-linux	STABLE_1_0	BOUNDED_PUBLIC_EXECUTED_WITHIN_LIMITS	Edition 1	1
g010-public:Stream.batch.sink	x86_64-systemv-elf-linux	STABLE_1_0	BOUNDED_PUBLIC_EXECUTED_WITHIN_LIMITS	Edition 1	1
g010-public:Stream.filter	x86_64-systemv-elf-linux	STABLE_1_0	BOUNDED_PUBLIC_EXECUTED_WITHIN_LIMITS	Edition 1	1
g010-public:Stream.map	x86_64-systemv-elf-linux	STABLE_1_0	BOUNDED_PUBLIC_EXECUTED_WITHIN_LIMITS	Edition 1	1
g010-public:Stream.next	x86_64-systemv-elf-linux	STABLE_1_0	BOUNDED_PUBLIC_EXECUTED_WITHIN_LIMITS	Edition 1	1
g010-public:Stream.sink	x86_64-systemv-elf-linux	STABLE_1_0	BOUNDED_PUBLIC_EXECUTED_WITHIN_LIMITS	Edition 1	1
g010-public:Stream.window	x86_64-systemv-elf-linux	STABLE_1_0	BOUNDED_PUBLIC_EXECUTED_WITHIN_LIMITS	Edition 1	1
g010-public:Stream<Int>.from	x86_64-systemv-elf-linux	STABLE_1_0	BOUNDED_PUBLIC_EXECUTED_WITHIN_LIMITS	Edition 1	1
g010-public:Table.columnCount	x86_64-systemv-elf-linux	STABLE_1_0	BOUNDED_PUBLIC_EXECUTED_WITHIN_LIMITS	Edition 1	1
g010-public:Table.filter	x86_64-systemv-elf-linux	STABLE_1_0	BOUNDED_PUBLIC_EXECUTED_WITHIN_LIMITS	Edition 1	1
g010-public:Table.fromColumns	x86_64-systemv-elf-linux	STABLE_1_0	BOUNDED_PUBLIC_EXECUTED_WITHIN_LIMITS	Edition 1	1
g010-public:Table.groupBy	x86_64-systemv-elf-linux	STABLE_1_0	BOUNDED_PUBLIC_EXECUTED_WITHIN_LIMITS	Edition 1	1
g010-public:Table.groupBy.next	x86_64-systemv-elf-linux	STABLE_1_0	BOUNDED_PUBLIC_EXECUTED_WITHIN_LIMITS	Edition 1	1
g010-public:Table.groupBy.sink	x86_64-systemv-elf-linux	STABLE_1_0	BOUNDED_PUBLIC_EXECUTED_WITHIN_LIMITS	Edition 1	1
g010-public:Table.invalidRows	x86_64-systemv-elf-linux	STABLE_1_0	BOUNDED_PUBLIC_EXECUTED_WITHIN_LIMITS	Edition 1	1
g010-public:Table.join	x86_64-systemv-elf-linux	STABLE_1_0	BOUNDED_PUBLIC_EXECUTED_WITHIN_LIMITS	Edition 1	1
g010-public:Table.rowCount	x86_64-systemv-elf-linux	STABLE_1_0	BOUNDED_PUBLIC_EXECUTED_WITHIN_LIMITS	Edition 1	1
g010-public:Table.select	x86_64-systemv-elf-linux	STABLE_1_0	BOUNDED_PUBLIC_EXECUTED_WITHIN_LIMITS	Edition 1	1
g010-public:Table.sortBy	x86_64-systemv-elf-linux	STABLE_1_0	BOUNDED_PUBLIC_EXECUTED_WITHIN_LIMITS	Edition 1	1
g010-public:Table.validate	x86_64-systemv-elf-linux	STABLE_1_0	BOUNDED_PUBLIC_EXECUTED_WITHIN_LIMITS	Edition 1	1
g018-declaration:Bool.console()	x86_64-systemv-elf-linux	STABLE_1_0	BOUNDED_PUBLIC_EXECUTED_WITHIN_LIMITS	Edition 1	1
g018-declaration:Int.console()	x86_64-systemv-elf-linux	STABLE_1_0	BOUNDED_PUBLIC_EXECUTED_WITHIN_LIMITS	Edition 1	1
g018-declaration:Text.console()	x86_64-systemv-elf-linux	STABLE_1_0	BOUNDED_PUBLIC_EXECUTED_WITHIN_LIMITS	Edition 1	1
g018-declaration:Text.scan()	x86_64-systemv-elf-linux	STABLE_1_0	BOUNDED_PUBLIC_EXECUTED_WITHIN_LIMITS	Edition 1	1
g018-declaration:console.append(value, style)	x86_64-systemv-elf-linux	STABLE_1_0	BOUNDED_PUBLIC_EXECUTED_WITHIN_LIMITS	Edition 1	1
g018-declaration:console.clear()	x86_64-systemv-elf-linux	STABLE_1_0	BOUNDED_PUBLIC_EXECUTED_WITHIN_LIMITS	Edition 1	1
g018-declaration:console.close()	x86_64-systemv-elf-linux	STABLE_1_0	BOUNDED_PUBLIC_EXECUTED_WITHIN_LIMITS	Edition 1	1
g018-declaration:console.scrollToEnd()	x86_64-systemv-elf-linux	STABLE_1_0	BOUNDED_PUBLIC_EXECUTED_WITHIN_LIMITS	Edition 1	1
g018-declaration:console.size()	x86_64-systemv-elf-linux	STABLE_1_0	BOUNDED_PUBLIC_EXECUTED_WITHIN_LIMITS	Edition 1	1
g018-declaration:console.style(range, style)	x86_64-systemv-elf-linux	STABLE_1_0	BOUNDED_PUBLIC_EXECUTED_WITHIN_LIMITS	Edition 1	1
g018-declaration:console.title(text)	x86_64-systemv-elf-linux	STABLE_1_0	BOUNDED_PUBLIC_EXECUTED_WITHIN_LIMITS	Edition 1	1
g018-declaration:visual.summarize(value)	x86_64-systemv-elf-linux	STABLE_1_0	BOUNDED_PUBLIC_EXECUTED_WITHIN_LIMITS	Edition 1	1
"g059-format:""%s tem %d anos"".format(nome, idade).console();"	x86_64-systemv-elf-linux	STABLE_1_0	BOUNDED_PUBLIC_EXECUTED_WITHIN_LIMITS	Edition 1	1
g059-format:ConsoleOptions	x86_64-systemv-elf-linux	STABLE_1_0	BOUNDED_PUBLIC_EXECUTED_WITHIN_LIMITS	Edition 1	1
g059-format:FormatError.AllocationFailed	x86_64-systemv-elf-linux	STABLE_1_0	BOUNDED_PUBLIC_EXECUTED_WITHIN_LIMITS	Edition 1	1
g059-format:FormatError.InvalidTemplate	x86_64-systemv-elf-linux	STABLE_1_0	BOUNDED_PUBLIC_EXECUTED_WITHIN_LIMITS	Edition 1	1
g059-format:FormatError.SizeOverflow	x86_64-systemv-elf-linux	STABLE_1_0	BOUNDED_PUBLIC_EXECUTED_WITHIN_LIMITS	Edition 1	1
g059-format:FormatString.parseChecked(Text)	x86_64-systemv-elf-linux	STABLE_1_0	BOUNDED_PUBLIC_EXECUTED_WITHIN_LIMITS	Edition 1	1
g059-format:FormatString.validate(types)	x86_64-systemv-elf-linux	STABLE_1_0	BOUNDED_PUBLIC_EXECUTED_WITHIN_LIMITS	Edition 1	1
g059-format:FormatString<TArgs>	x86_64-systemv-elf-linux	STABLE_1_0	BOUNDED_PUBLIC_EXECUTED_WITHIN_LIMITS	Edition 1	1
g059-format:StaticFormatString	x86_64-systemv-elf-linux	STABLE_1_0	BOUNDED_PUBLIC_EXECUTED_WITHIN_LIMITS	Edition 1	1
g059-format:Text.console(options...)	x86_64-systemv-elf-linux	STABLE_1_0	BOUNDED_PUBLIC_EXECUTED_WITHIN_LIMITS	Edition 1	1
g059-format:Text.format(args...) -> Text	x86_64-systemv-elf-linux	STABLE_1_0	BOUNDED_PUBLIC_EXECUTED_WITHIN_LIMITS	Edition 1	1
g059-format:Text.formatWith(policy, args...) -> Result<Text, FormatError>	x86_64-systemv-elf-linux	STABLE_1_0	BOUNDED_PUBLIC_EXECUTED_WITHIN_LIMITS	Edition 1	1
g059-format:format(...).binding	x86_64-systemv-elf-linux	STABLE_1_0	BOUNDED_PUBLIC_EXECUTED_WITHIN_LIMITS	Edition 1	1
g060-format:%#	x86_64-systemv-elf-linux	STABLE_1_0	BOUNDED_PUBLIC_EXECUTED_WITHIN_LIMITS	Edition 1	1
g060-format:%%	x86_64-systemv-elf-linux	STABLE_1_0	BOUNDED_PUBLIC_EXECUTED_WITHIN_LIMITS	Edition 1	1
g060-format:%-8s	x86_64-systemv-elf-linux	STABLE_1_0	BOUNDED_PUBLIC_EXECUTED_WITHIN_LIMITS	Edition 1	1
g060-format:%.2f	x86_64-systemv-elf-linux	STABLE_1_0	BOUNDED_PUBLIC_EXECUTED_WITHIN_LIMITS	Edition 1	1
g060-format:%04d	x86_64-systemv-elf-linux	STABLE_1_0	BOUNDED_PUBLIC_EXECUTED_WITHIN_LIMITS	Edition 1	1
g060-format:%1$d	x86_64-systemv-elf-linux	STABLE_1_0	BOUNDED_PUBLIC_EXECUTED_WITHIN_LIMITS	Edition 1	1
g060-format:%2$s	x86_64-systemv-elf-linux	STABLE_1_0	BOUNDED_PUBLIC_EXECUTED_WITHIN_LIMITS	Edition 1	1
g060-format:%8s	x86_64-systemv-elf-linux	STABLE_1_0	BOUNDED_PUBLIC_EXECUTED_WITHIN_LIMITS	Edition 1	1
g060-format:%?	x86_64-systemv-elf-linux	STABLE_1_0	BOUNDED_PUBLIC_EXECUTED_WITHIN_LIMITS	Edition 1	1
g060-format:%T	x86_64-systemv-elf-linux	STABLE_1_0	BOUNDED_PUBLIC_EXECUTED_WITHIN_LIMITS	Edition 1	1
g060-format:%b	x86_64-systemv-elf-linux	STABLE_1_0	BOUNDED_PUBLIC_EXECUTED_WITHIN_LIMITS	Edition 1	1
g060-format:%d	x86_64-systemv-elf-linux	STABLE_1_0	BOUNDED_PUBLIC_EXECUTED_WITHIN_LIMITS	Edition 1	1
g060-format:%e	x86_64-systemv-elf-linux	STABLE_1_0	BOUNDED_PUBLIC_EXECUTED_WITHIN_LIMITS	Edition 1	1
g060-format:%f	x86_64-systemv-elf-linux	STABLE_1_0	BOUNDED_PUBLIC_EXECUTED_WITHIN_LIMITS	Edition 1	1
g060-format:%j	x86_64-systemv-elf-linux	STABLE_1_0	BOUNDED_PUBLIC_EXECUTED_WITHIN_LIMITS	Edition 1	1
g060-format:%o	x86_64-systemv-elf-linux	STABLE_1_0	BOUNDED_PUBLIC_EXECUTED_WITHIN_LIMITS	Edition 1	1
g060-format:%q	x86_64-systemv-elf-linux	STABLE_1_0	BOUNDED_PUBLIC_EXECUTED_WITHIN_LIMITS	Edition 1	1
g060-format:%s	x86_64-systemv-elf-linux	STABLE_1_0	BOUNDED_PUBLIC_EXECUTED_WITHIN_LIMITS	Edition 1	1
g060-format:%v	x86_64-systemv-elf-linux	STABLE_1_0	BOUNDED_PUBLIC_EXECUTED_WITHIN_LIMITS	Edition 1	1
g060-format:%x	x86_64-systemv-elf-linux	STABLE_1_0	BOUNDED_PUBLIC_EXECUTED_WITHIN_LIMITS	Edition 1	1
g060-format:%{idade:d}	x86_64-systemv-elf-linux	STABLE_1_0	BOUNDED_PUBLIC_EXECUTED_WITHIN_LIMITS	Edition 1	1
g060-format:%{nome:s}	x86_64-systemv-elf-linux	STABLE_1_0	BOUNDED_PUBLIC_EXECUTED_WITHIN_LIMITS	Edition 1	1
g060-format:.allowCoerce()	x86_64-systemv-elf-linux	STABLE_1_0	BOUNDED_PUBLIC_EXECUTED_WITHIN_LIMITS	Edition 1	1
g060-format:.extraArgs(policy)	x86_64-systemv-elf-linux	STABLE_1_0	BOUNDED_PUBLIC_EXECUTED_WITHIN_LIMITS	Edition 1	1
g060-format:.formatOnly()	x86_64-systemv-elf-linux	STABLE_1_0	BOUNDED_PUBLIC_EXECUTED_WITHIN_LIMITS	Edition 1	1
g060-format:.loose()	x86_64-systemv-elf-linux	STABLE_1_0	BOUNDED_PUBLIC_EXECUTED_WITHIN_LIMITS	Edition 1	1
g060-format:.missingArgs(policy)	x86_64-systemv-elf-linux	STABLE_1_0	BOUNDED_PUBLIC_EXECUTED_WITHIN_LIMITS	Edition 1	1
g060-format:.noCoerce()	x86_64-systemv-elf-linux	STABLE_1_0	BOUNDED_PUBLIC_EXECUTED_WITHIN_LIMITS	Edition 1	1
g060-format:.placeholderMode(mode)	x86_64-systemv-elf-linux	STABLE_1_0	BOUNDED_PUBLIC_EXECUTED_WITHIN_LIMITS	Edition 1	1
g060-format:.strict()	x86_64-systemv-elf-linux	STABLE_1_0	BOUNDED_PUBLIC_EXECUTED_WITHIN_LIMITS	Edition 1	1
g060-format:.unknownPlaceholder(policy)	x86_64-systemv-elf-linux	STABLE_1_0	BOUNDED_PUBLIC_EXECUTED_WITHIN_LIMITS	Edition 1	1
g060-format:.validateOnly()	x86_64-systemv-elf-linux	STABLE_1_0	BOUNDED_PUBLIC_EXECUTED_WITHIN_LIMITS	Edition 1	1
g060-format:NEBO-FORMAT-001	x86_64-systemv-elf-linux	STABLE_1_0	BOUNDED_PUBLIC_EXECUTED_WITHIN_LIMITS	Edition 1	1
g060-format:NEBO-FORMAT-002	x86_64-systemv-elf-linux	STABLE_1_0	BOUNDED_PUBLIC_EXECUTED_WITHIN_LIMITS	Edition 1	1
g060-format:NEBO-FORMAT-003	x86_64-systemv-elf-linux	STABLE_1_0	BOUNDED_PUBLIC_EXECUTED_WITHIN_LIMITS	Edition 1	1
g060-format:NEBO-FORMAT-004	x86_64-systemv-elf-linux	STABLE_1_0	BOUNDED_PUBLIC_EXECUTED_WITHIN_LIMITS	Edition 1	1
g060-format:NEBO-FORMAT-005	x86_64-systemv-elf-linux	STABLE_1_0	BOUNDED_PUBLIC_EXECUTED_WITHIN_LIMITS	Edition 1	1
g060-format:NEBO-FORMAT-006	x86_64-systemv-elf-linux	STABLE_1_0	BOUNDED_PUBLIC_EXECUTED_WITHIN_LIMITS	Edition 1	1
g060-format:NEBO-FORMAT-007	x86_64-systemv-elf-linux	STABLE_1_0	BOUNDED_PUBLIC_EXECUTED_WITHIN_LIMITS	Edition 1	1
g060-format:NEBO-FORMAT-008	x86_64-systemv-elf-linux	STABLE_1_0	BOUNDED_PUBLIC_EXECUTED_WITHIN_LIMITS	Edition 1	1
g061-format:${id:hex(width: 8)}	x86_64-systemv-elf-linux	STABLE_1_0	BOUNDED_PUBLIC_EXECUTED_WITHIN_LIMITS	Edition 1	1
g061-format:${nome:align(right, 20)}	x86_64-systemv-elf-linux	STABLE_1_0	BOUNDED_PUBLIC_EXECUTED_WITHIN_LIMITS	Edition 1	1
g061-format:${nome}	x86_64-systemv-elf-linux	STABLE_1_0	BOUNDED_PUBLIC_EXECUTED_WITHIN_LIMITS	Edition 1	1
g061-format:${preco:fixed(2)}	x86_64-systemv-elf-linux	STABLE_1_0	BOUNDED_PUBLIC_EXECUTED_WITHIN_LIMITS	Edition 1	1
g061-format:${texto.codepointCount()}	x86_64-systemv-elf-linux	STABLE_1_0	BOUNDED_PUBLIC_EXECUTED_WITHIN_LIMITS	Edition 1	1
g061-format:${utilizador.nome}	x86_64-systemv-elf-linux	STABLE_1_0	BOUNDED_PUBLIC_EXECUTED_WITHIN_LIMITS	Edition 1	1
g061-format:${valor:fixed(2)}	x86_64-systemv-elf-linux	STABLE_1_0	BOUNDED_PUBLIC_EXECUTED_WITHIN_LIMITS	Edition 1	1
g061-format:${x + y}	x86_64-systemv-elf-linux	STABLE_1_0	BOUNDED_PUBLIC_EXECUTED_WITHIN_LIMITS	Edition 1	1
g061-format:A_B_FORMAT_PLAN_EQUIVALENCE	x86_64-systemv-elf-linux	STABLE_1_0	BOUNDED_PUBLIC_EXECUTED_WITHIN_LIMITS	Edition 1	1
g061-format:FormatProfileExpr	x86_64-systemv-elf-linux	STABLE_1_0	BOUNDED_PUBLIC_EXECUTED_WITHIN_LIMITS	Edition 1	1
g061-format:INTERPOLATION_EFFECT_POLICY=PURE_ONLY	x86_64-systemv-elf-linux	STABLE_1_0	BOUNDED_PUBLIC_EXECUTED_WITHIN_LIMITS	Edition 1	1
g061-format:INTERPOLATION_EVALUATION=EXACTLY_ONCE	x86_64-systemv-elf-linux	STABLE_1_0	BOUNDED_PUBLIC_EXECUTED_WITHIN_LIMITS	Edition 1	1
g061-format:INTERPOLATION_ORDER=LEFT_TO_RIGHT	x86_64-systemv-elf-linux	STABLE_1_0	BOUNDED_PUBLIC_EXECUTED_WITHIN_LIMITS	Edition 1	1
g061-format:InterpolatedTextExpr	x86_64-systemv-elf-linux	STABLE_1_0	BOUNDED_PUBLIC_EXECUTED_WITHIN_LIMITS	Edition 1	1
g061-format:InterpolatedTextExpr.lowerToFormatPlan()	x86_64-systemv-elf-linux	STABLE_1_0	BOUNDED_PUBLIC_EXECUTED_WITHIN_LIMITS	Edition 1	1
g061-format:InterpolationEndToken	x86_64-systemv-elf-linux	STABLE_1_0	BOUNDED_PUBLIC_EXECUTED_WITHIN_LIMITS	Edition 1	1
g061-format:InterpolationPurityCheck	x86_64-systemv-elf-linux	STABLE_1_0	BOUNDED_PUBLIC_EXECUTED_WITHIN_LIMITS	Edition 1	1
g061-format:InterpolationRecovery	x86_64-systemv-elf-linux	STABLE_1_0	BOUNDED_PUBLIC_EXECUTED_WITHIN_LIMITS	Edition 1	1
g061-format:InterpolationSegment.expression	x86_64-systemv-elf-linux	STABLE_1_0	BOUNDED_PUBLIC_EXECUTED_WITHIN_LIMITS	Edition 1	1
g061-format:InterpolationSegment.literal	x86_64-systemv-elf-linux	STABLE_1_0	BOUNDED_PUBLIC_EXECUTED_WITHIN_LIMITS	Edition 1	1
g061-format:InterpolationStartToken	x86_64-systemv-elf-linux	STABLE_1_0	BOUNDED_PUBLIC_EXECUTED_WITHIN_LIMITS	Edition 1	1
g061-format:InterpolationTemporary	x86_64-systemv-elf-linux	STABLE_1_0	BOUNDED_PUBLIC_EXECUTED_WITHIN_LIMITS	Edition 1	1
g061-format:LSP interpolation tokens	x86_64-systemv-elf-linux	STABLE_1_0	BOUNDED_PUBLIC_EXECUTED_WITHIN_LIMITS	Edition 1	1
g061-format:RUNTIME_TEMPLATE_PARSE=NO	x86_64-systemv-elf-linux	STABLE_1_0	BOUNDED_PUBLIC_EXECUTED_WITHIN_LIMITS	Edition 1	1
g061-format:\${	x86_64-systemv-elf-linux	STABLE_1_0	BOUNDED_PUBLIC_EXECUTED_WITHIN_LIMITS	Edition 1	1
g061-format:formatter interpolation	x86_64-systemv-elf-linux	STABLE_1_0	BOUNDED_PUBLIC_EXECUTED_WITHIN_LIMITS	Edition 1	1
g061-format:rename inside interpolation	x86_64-systemv-elf-linux	STABLE_1_0	BOUNDED_PUBLIC_EXECUTED_WITHIN_LIMITS	Edition 1	1
g170-console:Bool.console	x86_64-systemv-elf-linux	STABLE_1_0	BOUNDED_PUBLIC_EXECUTED_WITHIN_LIMITS	Edition 1	1
g170-console:Color(Int,Int,Int)	x86_64-systemv-elf-linux	STABLE_1_0	BOUNDED_PUBLIC_EXECUTED_WITHIN_LIMITS	Edition 1	1
g170-console:Color(Int,Int,Int,Int)	x86_64-systemv-elf-linux	STABLE_1_0	BOUNDED_PUBLIC_EXECUTED_WITHIN_LIMITS	Edition 1	1
g170-console:Color(TextLiteral)	x86_64-systemv-elf-linux	STABLE_1_0	BOUNDED_PUBLIC_EXECUTED_WITHIN_LIMITS	Edition 1	1
g170-console:Color.alpha	x86_64-systemv-elf-linux	STABLE_1_0	BOUNDED_PUBLIC_EXECUTED_WITHIN_LIMITS	Edition 1	1
g170-console:Color.blue	x86_64-systemv-elf-linux	STABLE_1_0	BOUNDED_PUBLIC_EXECUTED_WITHIN_LIMITS	Edition 1	1
g170-console:Color.copy	x86_64-systemv-elf-linux	STABLE_1_0	BOUNDED_PUBLIC_EXECUTED_WITHIN_LIMITS	Edition 1	1
g170-console:Color.equals	x86_64-systemv-elf-linux	STABLE_1_0	BOUNDED_PUBLIC_EXECUTED_WITHIN_LIMITS	Edition 1	1
g170-console:Color.green	x86_64-systemv-elf-linux	STABLE_1_0	BOUNDED_PUBLIC_EXECUTED_WITHIN_LIMITS	Edition 1	1
g170-console:Color.hash	x86_64-systemv-elf-linux	STABLE_1_0	BOUNDED_PUBLIC_EXECUTED_WITHIN_LIMITS	Edition 1	1
g170-console:Color.hex	x86_64-systemv-elf-linux	STABLE_1_0	BOUNDED_PUBLIC_EXECUTED_WITHIN_LIMITS	Edition 1	1
g170-console:Color.isOpaque	x86_64-systemv-elf-linux	STABLE_1_0	BOUNDED_PUBLIC_EXECUTED_WITHIN_LIMITS	Edition 1	1
g170-console:Color.parseHex	x86_64-systemv-elf-linux	STABLE_1_0	BOUNDED_PUBLIC_EXECUTED_WITHIN_LIMITS	Edition 1	1
g170-console:Color.red	x86_64-systemv-elf-linux	STABLE_1_0	BOUNDED_PUBLIC_EXECUTED_WITHIN_LIMITS	Edition 1	1
g170-console:Color.rgb	x86_64-systemv-elf-linux	STABLE_1_0	BOUNDED_PUBLIC_EXECUTED_WITHIN_LIMITS	Edition 1	1
g170-console:Color.rgba	x86_64-systemv-elf-linux	STABLE_1_0	BOUNDED_PUBLIC_EXECUTED_WITHIN_LIMITS	Edition 1	1
g170-console:Color.toHex	x86_64-systemv-elf-linux	STABLE_1_0	BOUNDED_PUBLIC_EXECUTED_WITHIN_LIMITS	Edition 1	1
g170-console:Color.toHexWithAlpha	x86_64-systemv-elf-linux	STABLE_1_0	BOUNDED_PUBLIC_EXECUTED_WITHIN_LIMITS	Edition 1	1
g170-console:Color.withAlpha	x86_64-systemv-elf-linux	STABLE_1_0	BOUNDED_PUBLIC_EXECUTED_WITHIN_LIMITS	Edition 1	1
g170-console:Console.append	x86_64-systemv-elf-linux	STABLE_1_0	BOUNDED_PUBLIC_EXECUTED_WITHIN_LIMITS	Edition 1	1
g170-console:Console.bg	x86_64-systemv-elf-linux	STABLE_1_0	BOUNDED_PUBLIC_EXECUTED_WITHIN_LIMITS	Edition 1	1
g170-console:Console.clear	x86_64-systemv-elf-linux	STABLE_1_0	BOUNDED_PUBLIC_EXECUTED_WITHIN_LIMITS	Edition 1	1
g170-console:Console.close	x86_64-systemv-elf-linux	STABLE_1_0	BOUNDED_PUBLIC_EXECUTED_WITHIN_LIMITS	Edition 1	1
g170-console:Console.fg	x86_64-systemv-elf-linux	STABLE_1_0	BOUNDED_PUBLIC_EXECUTED_WITHIN_LIMITS	Edition 1	1
g170-console:Console.scrollToEnd	x86_64-systemv-elf-linux	STABLE_1_0	BOUNDED_PUBLIC_EXECUTED_WITHIN_LIMITS	Edition 1	1
g170-console:Console.size	x86_64-systemv-elf-linux	STABLE_1_0	BOUNDED_PUBLIC_EXECUTED_WITHIN_LIMITS	Edition 1	1
g170-console:Console.style	x86_64-systemv-elf-linux	STABLE_1_0	BOUNDED_PUBLIC_EXECUTED_WITHIN_LIMITS	Edition 1	1
g170-console:Console.title	x86_64-systemv-elf-linux	STABLE_1_0	BOUNDED_PUBLIC_EXECUTED_WITHIN_LIMITS	Edition 1	1
g170-console:Int.console	x86_64-systemv-elf-linux	STABLE_1_0	BOUNDED_PUBLIC_EXECUTED_WITHIN_LIMITS	Edition 1	1
g170-console:Object.console	x86_64-systemv-elf-linux	STABLE_1_0	BOUNDED_PUBLIC_EXECUTED_WITHIN_LIMITS	Edition 1	1
g170-console:Position.at	x86_64-systemv-elf-linux	STABLE_1_0	BOUNDED_PUBLIC_EXECUTED_WITHIN_LIMITS	Edition 1	1
g170-console:Result<Color,ColorParseError>.expect	x86_64-systemv-elf-linux	STABLE_1_0	BOUNDED_PUBLIC_EXECUTED_WITHIN_LIMITS	Edition 1	1
g170-console:Result<Color,ColorParseError>.isErr	x86_64-systemv-elf-linux	STABLE_1_0	BOUNDED_PUBLIC_EXECUTED_WITHIN_LIMITS	Edition 1	1
g170-console:Result<Color,ColorParseError>.isOk	x86_64-systemv-elf-linux	STABLE_1_0	BOUNDED_PUBLIC_EXECUTED_WITHIN_LIMITS	Edition 1	1
g170-console:Result<Color,ColorParseError>.unwrapOr	x86_64-systemv-elf-linux	STABLE_1_0	BOUNDED_PUBLIC_EXECUTED_WITHIN_LIMITS	Edition 1	1
g170-console:Table.console	x86_64-systemv-elf-linux	STABLE_1_0	BOUNDED_PUBLIC_EXECUTED_WITHIN_LIMITS	Edition 1	1
g170-console:Text.console	x86_64-systemv-elf-linux	STABLE_1_0	BOUNDED_PUBLIC_EXECUTED_WITHIN_LIMITS	Edition 1	1
g170-console:Text.hash	x86_64-systemv-elf-linux	STABLE_1_0	BOUNDED_PUBLIC_EXECUTED_WITHIN_LIMITS	Edition 1	1
g170-console:Tree.console	x86_64-systemv-elf-linux	STABLE_1_0	BOUNDED_PUBLIC_EXECUTED_WITHIN_LIMITS	Edition 1	1
g170-console:visual.summarize	x86_64-systemv-elf-linux	STABLE_1_0	BOUNDED_PUBLIC_EXECUTED_WITHIN_LIMITS	Edition 1	1
g170-scan:allowEmpty	x86_64-systemv-elf-linux	STABLE_1_0	BOUNDED_PUBLIC_EXECUTED_WITHIN_LIMITS	Edition 1	1
g170-scan:autocomplete	x86_64-systemv-elf-linux	STABLE_1_0	BOUNDED_PUBLIC_EXECUTED_WITHIN_LIMITS	Edition 1	1
g170-scan:block	x86_64-systemv-elf-linux	STABLE_1_0	BOUNDED_PUBLIC_EXECUTED_WITHIN_LIMITS	Edition 1	1
g170-scan:bool	x86_64-systemv-elf-linux	STABLE_1_0	BOUNDED_PUBLIC_EXECUTED_WITHIN_LIMITS	Edition 1	1
g170-scan:cancelOn	x86_64-systemv-elf-linux	STABLE_1_0	BOUNDED_PUBLIC_EXECUTED_WITHIN_LIMITS	Edition 1	1
g170-scan:char	x86_64-systemv-elf-linux	STABLE_1_0	BOUNDED_PUBLIC_EXECUTED_WITHIN_LIMITS	Edition 1	1
g170-scan:choice	x86_64-systemv-elf-linux	STABLE_1_0	BOUNDED_PUBLIC_EXECUTED_WITHIN_LIMITS	Edition 1	1
g170-scan:chomp	x86_64-systemv-elf-linux	STABLE_1_0	BOUNDED_PUBLIC_EXECUTED_WITHIN_LIMITS	Edition 1	1
g170-scan:code	x86_64-systemv-elf-linux	STABLE_1_0	BOUNDED_PUBLIC_EXECUTED_WITHIN_LIMITS	Edition 1	1
g170-scan:confirm	x86_64-systemv-elf-linux	STABLE_1_0	BOUNDED_PUBLIC_EXECUTED_WITHIN_LIMITS	Edition 1	1
g170-scan:confirmSecret	x86_64-systemv-elf-linux	STABLE_1_0	BOUNDED_PUBLIC_EXECUTED_WITHIN_LIMITS	Edition 1	1
g170-scan:console	x86_64-systemv-elf-linux	STABLE_1_0	BOUNDED_PUBLIC_EXECUTED_WITHIN_LIMITS	Edition 1	1
g170-scan:enum	x86_64-systemv-elf-linux	STABLE_1_0	BOUNDED_PUBLIC_EXECUTED_WITHIN_LIMITS	Edition 1	1
g170-scan:eofAs	x86_64-systemv-elf-linux	STABLE_1_0	BOUNDED_PUBLIC_EXECUTED_WITHIN_LIMITS	Edition 1	1
g170-scan:eofAsNone	x86_64-systemv-elf-linux	STABLE_1_0	BOUNDED_PUBLIC_EXECUTED_WITHIN_LIMITS	Edition 1	1
g170-scan:feedback	x86_64-systemv-elf-linux	STABLE_1_0	BOUNDED_PUBLIC_EXECUTED_WITHIN_LIMITS	Edition 1	1
g170-scan:field	x86_64-systemv-elf-linux	STABLE_1_0	BOUNDED_PUBLIC_EXECUTED_WITHIN_LIMITS	Edition 1	1
g170-scan:forgetAfterUse	x86_64-systemv-elf-linux	STABLE_1_0	BOUNDED_PUBLIC_EXECUTED_WITHIN_LIMITS	Edition 1	1
g170-scan:form	x86_64-systemv-elf-linux	STABLE_1_0	BOUNDED_PUBLIC_EXECUTED_WITHIN_LIMITS	Edition 1	1
g170-scan:indexChoice	x86_64-systemv-elf-linux	STABLE_1_0	BOUNDED_PUBLIC_EXECUTED_WITHIN_LIMITS	Edition 1	1
g170-scan:int	x86_64-systemv-elf-linux	STABLE_1_0	BOUNDED_PUBLIC_EXECUTED_WITHIN_LIMITS	Edition 1	1
g170-scan:jsonBlock	x86_64-systemv-elf-linux	STABLE_1_0	BOUNDED_PUBLIC_EXECUTED_WITHIN_LIMITS	Edition 1	1
g170-scan:lower	x86_64-systemv-elf-linux	STABLE_1_0	BOUNDED_PUBLIC_EXECUTED_WITHIN_LIMITS	Edition 1	1
g170-scan:markdown	x86_64-systemv-elf-linux	STABLE_1_0	BOUNDED_PUBLIC_EXECUTED_WITHIN_LIMITS	Edition 1	1
g170-scan:mask	x86_64-systemv-elf-linux	STABLE_1_0	BOUNDED_PUBLIC_EXECUTED_WITHIN_LIMITS	Edition 1	1
g170-scan:max	x86_64-systemv-elf-linux	STABLE_1_0	BOUNDED_PUBLIC_EXECUTED_WITHIN_LIMITS	Edition 1	1
g170-scan:maxAttempts	x86_64-systemv-elf-linux	STABLE_1_0	BOUNDED_PUBLIC_EXECUTED_WITHIN_LIMITS	Edition 1	1
g170-scan:maxLen	x86_64-systemv-elf-linux	STABLE_1_0	BOUNDED_PUBLIC_EXECUTED_WITHIN_LIMITS	Edition 1	1
g170-scan:maxLines	x86_64-systemv-elf-linux	STABLE_1_0	BOUNDED_PUBLIC_EXECUTED_WITHIN_LIMITS	Edition 1	1
g170-scan:menu	x86_64-systemv-elf-linux	STABLE_1_0	BOUNDED_PUBLIC_EXECUTED_WITHIN_LIMITS	Edition 1	1
g170-scan:min	x86_64-systemv-elf-linux	STABLE_1_0	BOUNDED_PUBLIC_EXECUTED_WITHIN_LIMITS	Edition 1	1
g170-scan:minLen	x86_64-systemv-elf-linux	STABLE_1_0	BOUNDED_PUBLIC_EXECUTED_WITHIN_LIMITS	Edition 1	1
g170-scan:minStrength	x86_64-systemv-elf-linux	STABLE_1_0	BOUNDED_PUBLIC_EXECUTED_WITHIN_LIMITS	Edition 1	1
g170-scan:mock	x86_64-systemv-elf-linux	STABLE_1_0	BOUNDED_PUBLIC_EXECUTED_WITHIN_LIMITS	Edition 1	1
g170-scan:multiSelect	x86_64-systemv-elf-linux	STABLE_1_0	BOUNDED_PUBLIC_EXECUTED_WITHIN_LIMITS	Edition 1	1
g170-scan:multiline	x86_64-systemv-elf-linux	STABLE_1_0	BOUNDED_PUBLIC_EXECUTED_WITHIN_LIMITS	Edition 1	1
g170-scan:noEcho	x86_64-systemv-elf-linux	STABLE_1_0	BOUNDED_PUBLIC_EXECUTED_WITHIN_LIMITS	Edition 1	1
g170-scan:noHistory	x86_64-systemv-elf-linux	STABLE_1_0	BOUNDED_PUBLIC_EXECUTED_WITHIN_LIMITS	Edition 1	1
g170-scan:onCancel	x86_64-systemv-elf-linux	STABLE_1_0	BOUNDED_PUBLIC_EXECUTED_WITHIN_LIMITS	Edition 1	1
g170-scan:oneOf	x86_64-systemv-elf-linux	STABLE_1_0	BOUNDED_PUBLIC_EXECUTED_WITHIN_LIMITS	Edition 1	1
g170-scan:optional	x86_64-systemv-elf-linux	STABLE_1_0	BOUNDED_PUBLIC_EXECUTED_WITHIN_LIMITS	Edition 1	1
g170-scan:panel	x86_64-systemv-elf-linux	STABLE_1_0	BOUNDED_PUBLIC_EXECUTED_WITHIN_LIMITS	Edition 1	1
g170-scan:paragraph	x86_64-systemv-elf-linux	STABLE_1_0	BOUNDED_PUBLIC_EXECUTED_WITHIN_LIMITS	Edition 1	1
g170-scan:password	x86_64-systemv-elf-linux	STABLE_1_0	BOUNDED_PUBLIC_EXECUTED_WITHIN_LIMITS	Edition 1	1
g170-scan:rawBlock	x86_64-systemv-elf-linux	STABLE_1_0	BOUNDED_PUBLIC_EXECUTED_WITHIN_LIMITS	Edition 1	1
g170-scan:redact	x86_64-systemv-elf-linux	STABLE_1_0	BOUNDED_PUBLIC_EXECUTED_WITHIN_LIMITS	Edition 1	1
g170-scan:replay	x86_64-systemv-elf-linux	STABLE_1_0	BOUNDED_PUBLIC_EXECUTED_WITHIN_LIMITS	Edition 1	1
g170-scan:required	x86_64-systemv-elf-linux	STABLE_1_0	BOUNDED_PUBLIC_EXECUTED_WITHIN_LIMITS	Edition 1	1
g170-scan:result	x86_64-systemv-elf-linux	STABLE_1_0	BOUNDED_PUBLIC_EXECUTED_WITHIN_LIMITS	Edition 1	1
g170-scan:retry	x86_64-systemv-elf-linux	STABLE_1_0	BOUNDED_PUBLIC_EXECUTED_WITHIN_LIMITS	Edition 1	1
g170-scan:scan	x86_64-systemv-elf-linux	STABLE_1_0	BOUNDED_PUBLIC_EXECUTED_WITHIN_LIMITS	Edition 1	1
g170-scan:secret	x86_64-systemv-elf-linux	STABLE_1_0	BOUNDED_PUBLIC_EXECUTED_WITHIN_LIMITS	Edition 1	1
g170-scan:select	x86_64-systemv-elf-linux	STABLE_1_0	BOUNDED_PUBLIC_EXECUTED_WITHIN_LIMITS	Edition 1	1
g170-scan:sensitive	x86_64-systemv-elf-linux	STABLE_1_0	BOUNDED_PUBLIC_EXECUTED_WITHIN_LIMITS	Edition 1	1
g170-scan:style	x86_64-systemv-elf-linux	STABLE_1_0	BOUNDED_PUBLIC_EXECUTED_WITHIN_LIMITS	Edition 1	1
g170-scan:text	x86_64-systemv-elf-linux	STABLE_1_0	BOUNDED_PUBLIC_EXECUTED_WITHIN_LIMITS	Edition 1	1
g170-scan:trim	x86_64-systemv-elf-linux	STABLE_1_0	BOUNDED_PUBLIC_EXECUTED_WITHIN_LIMITS	Edition 1	1
g170-scan:until	x86_64-systemv-elf-linux	STABLE_1_0	BOUNDED_PUBLIC_EXECUTED_WITHIN_LIMITS	Edition 1	1
g170-scan:untrusted	x86_64-systemv-elf-linux	STABLE_1_0	BOUNDED_PUBLIC_EXECUTED_WITHIN_LIMITS	Edition 1	1
g170-scan:upper	x86_64-systemv-elf-linux	STABLE_1_0	BOUNDED_PUBLIC_EXECUTED_WITHIN_LIMITS	Edition 1	1
g170-scan:view	x86_64-systemv-elf-linux	STABLE_1_0	BOUNDED_PUBLIC_EXECUTED_WITHIN_LIMITS	Edition 1	1
g170-scan:yesNo	x86_64-systemv-elf-linux	STABLE_1_0	BOUNDED_PUBLIC_EXECUTED_WITHIN_LIMITS	Edition 1	1
