usage	command	help_sha256	exit_contract	machine_formats	stability	shell
neboc --help	--help	7a963068d73f2ea9908c8b4b116d7d0ec5b01600ec42bf8cf4cf72d18f3b750c	command-specific; share/nebo/cli/exit-codes.txt	text; advertised JSON/JSON-lines/SARIF/LSP flags in help	Edition 1; frozen argument spelling	argv; no shell evaluation; UTF-8; TTY color controlled by --color
neboc --version	--version	7a963068d73f2ea9908c8b4b116d7d0ec5b01600ec42bf8cf4cf72d18f3b750c	command-specific; share/nebo/cli/exit-codes.txt	text; advertised JSON/JSON-lines/SARIF/LSP flags in help	Edition 1; frozen argument spelling	argv; no shell evaluation; UTF-8; TTY color controlled by --color
neboc bench numeric	bench	7a963068d73f2ea9908c8b4b116d7d0ec5b01600ec42bf8cf4cf72d18f3b750c	command-specific; share/nebo/cli/exit-codes.txt	text; advertised JSON/JSON-lines/SARIF/LSP flags in help	Edition 1; frozen argument spelling	argv; no shell evaluation; UTF-8; TTY color controlled by --color
neboc scientific-bench <suite>	scientific-bench	7a963068d73f2ea9908c8b4b116d7d0ec5b01600ec42bf8cf4cf72d18f3b750c	command-specific; share/nebo/cli/exit-codes.txt	text; advertised JSON/JSON-lines/SARIF/LSP flags in help	Edition 1; frozen argument spelling	argv; no shell evaluation; UTF-8; TTY color controlled by --color
neboc numeric-report <artifact>	numeric-report	7a963068d73f2ea9908c8b4b116d7d0ec5b01600ec42bf8cf4cf72d18f3b750c	command-specific; share/nebo/cli/exit-codes.txt	text; advertised JSON/JSON-lines/SARIF/LSP flags in help	Edition 1; frozen argument spelling	argv; no shell evaluation; UTF-8; TTY color controlled by --color
neboc probabilistic-report <artifact>	probabilistic-report	7a963068d73f2ea9908c8b4b116d7d0ec5b01600ec42bf8cf4cf72d18f3b750c	command-specific; share/nebo/cli/exit-codes.txt	text; advertised JSON/JSON-lines/SARIF/LSP flags in help	Edition 1; frozen argument spelling	argv; no shell evaluation; UTF-8; TTY color controlled by --color
neboc reactive-report <program>	reactive-report	7a963068d73f2ea9908c8b4b116d7d0ec5b01600ec42bf8cf4cf72d18f3b750c	command-specific; share/nebo/cli/exit-codes.txt	text; advertised JSON/JSON-lines/SARIF/LSP flags in help	Edition 1; frozen argument spelling	argv; no shell evaluation; UTF-8; TTY color controlled by --color
neboc db migrate <path>	db	7a963068d73f2ea9908c8b4b116d7d0ec5b01600ec42bf8cf4cf72d18f3b750c	command-specific; share/nebo/cli/exit-codes.txt	text; advertised JSON/JSON-lines/SARIF/LSP flags in help	Edition 1; frozen argument spelling	argv; no shell evaluation; UTF-8; TTY color controlled by --color
neboc db verify <path>	db	7a963068d73f2ea9908c8b4b116d7d0ec5b01600ec42bf8cf4cf72d18f3b750c	command-specific; share/nebo/cli/exit-codes.txt	text; advertised JSON/JSON-lines/SARIF/LSP flags in help	Edition 1; frozen argument spelling	argv; no shell evaluation; UTF-8; TTY color controlled by --color
neboc firmware build --board NEBO_REFERENCE_BOARD_SIM_V1	firmware	7a963068d73f2ea9908c8b4b116d7d0ec5b01600ec42bf8cf4cf72d18f3b750c	command-specific; share/nebo/cli/exit-codes.txt	text; advertised JSON/JSON-lines/SARIF/LSP flags in help	Edition 1; frozen argument spelling	argv; no shell evaluation; UTF-8; TTY color controlled by --color
neboc firmware test --simulator NEBO_REFERENCE_BOARD_SIM_V1	firmware	7a963068d73f2ea9908c8b4b116d7d0ec5b01600ec42bf8cf4cf72d18f3b750c	command-specific; share/nebo/cli/exit-codes.txt	text; advertised JSON/JSON-lines/SARIF/LSP flags in help	Edition 1; frozen argument spelling	argv; no shell evaluation; UTF-8; TTY color controlled by --color
neboc simulation-replay <log>	simulation-replay	7a963068d73f2ea9908c8b4b116d7d0ec5b01600ec42bf8cf4cf72d18f3b750c	command-specific; share/nebo/cli/exit-codes.txt	text; advertised JSON/JSON-lines/SARIF/LSP flags in help	Edition 1; frozen argument spelling	argv; no shell evaluation; UTF-8; TTY color controlled by --color
neboc crypto-audit <artifact>	crypto-audit	7a963068d73f2ea9908c8b4b116d7d0ec5b01600ec42bf8cf4cf72d18f3b750c	command-specific; share/nebo/cli/exit-codes.txt	text; advertised JSON/JSON-lines/SARIF/LSP flags in help	Edition 1; frozen argument spelling	argv; no shell evaluation; UTF-8; TTY color controlled by --color
neboc optimize-explain <file>	optimize-explain	7a963068d73f2ea9908c8b4b116d7d0ec5b01600ec42bf8cf4cf72d18f3b750c	command-specific; share/nebo/cli/exit-codes.txt	text; advertised JSON/JSON-lines/SARIF/LSP flags in help	Edition 1; frozen argument spelling	argv; no shell evaluation; UTF-8; TTY color controlled by --color
neboc bootstrap --verify	bootstrap	7a963068d73f2ea9908c8b4b116d7d0ec5b01600ec42bf8cf4cf72d18f3b750c	command-specific; share/nebo/cli/exit-codes.txt	text; advertised JSON/JSON-lines/SARIF/LSP flags in help	Edition 1; frozen argument spelling	argv; no shell evaluation; UTF-8; TTY color controlled by --color
neboc bootstrap --stage 0|1|2	bootstrap	7a963068d73f2ea9908c8b4b116d7d0ec5b01600ec42bf8cf4cf72d18f3b750c	command-specific; share/nebo/cli/exit-codes.txt	text; advertised JSON/JSON-lines/SARIF/LSP flags in help	Edition 1; frozen argument spelling	argv; no shell evaluation; UTF-8; TTY color controlled by --color
neboc toolchain-report <artifact-or-trace>	toolchain-report	7a963068d73f2ea9908c8b4b116d7d0ec5b01600ec42bf8cf4cf72d18f3b750c	command-specific; share/nebo/cli/exit-codes.txt	text; advertised JSON/JSON-lines/SARIF/LSP flags in help	Edition 1; frozen argument spelling	argv; no shell evaluation; UTF-8; TTY color controlled by --color
neboc self-contained-audit <file.no>	self-contained-audit	7a963068d73f2ea9908c8b4b116d7d0ec5b01600ec42bf8cf4cf72d18f3b750c	command-specific; share/nebo/cli/exit-codes.txt	text; advertised JSON/JSON-lines/SARIF/LSP flags in help	Edition 1; frozen argument spelling	argv; no shell evaluation; UTF-8; TTY color controlled by --color
neboc assemble <file> --target <triple> -o <object>	assemble	7a963068d73f2ea9908c8b4b116d7d0ec5b01600ec42bf8cf4cf72d18f3b750c	command-specific; share/nebo/cli/exit-codes.txt	text; advertised JSON/JSON-lines/SARIF/LSP flags in help	Edition 1; frozen argument spelling	argv; no shell evaluation; UTF-8; TTY color controlled by --color
neboc object-build <file> --target <triple> -o <object>	object-build	7a963068d73f2ea9908c8b4b116d7d0ec5b01600ec42bf8cf4cf72d18f3b750c	command-specific; share/nebo/cli/exit-codes.txt	text; advertised JSON/JSON-lines/SARIF/LSP flags in help	Edition 1; frozen argument spelling	argv; no shell evaluation; UTF-8; TTY color controlled by --color
neboc object-verify <object>	object-verify	7a963068d73f2ea9908c8b4b116d7d0ec5b01600ec42bf8cf4cf72d18f3b750c	command-specific; share/nebo/cli/exit-codes.txt	text; advertised JSON/JSON-lines/SARIF/LSP flags in help	Edition 1; frozen argument spelling	argv; no shell evaluation; UTF-8; TTY color controlled by --color
neboc reproducibility-report <a> <b>	reproducibility-report	7a963068d73f2ea9908c8b4b116d7d0ec5b01600ec42bf8cf4cf72d18f3b750c	command-specific; share/nebo/cli/exit-codes.txt	text; advertised JSON/JSON-lines/SARIF/LSP flags in help	Edition 1; frozen argument spelling	argv; no shell evaluation; UTF-8; TTY color controlled by --color
neboc diverse-build --plan|--report <path>	diverse-build	7a963068d73f2ea9908c8b4b116d7d0ec5b01600ec42bf8cf4cf72d18f3b750c	command-specific; share/nebo/cli/exit-codes.txt	text; advertised JSON/JSON-lines/SARIF/LSP flags in help	Edition 1; frozen argument spelling	argv; no shell evaluation; UTF-8; TTY color controlled by --color
neboc trust-manifest <artifact-or-sdk>	trust-manifest	7a963068d73f2ea9908c8b4b116d7d0ec5b01600ec42bf8cf4cf72d18f3b750c	command-specific; share/nebo/cli/exit-codes.txt	text; advertised JSON/JSON-lines/SARIF/LSP flags in help	Edition 1; frozen argument spelling	argv; no shell evaluation; UTF-8; TTY color controlled by --color
neboc provenance-verify <manifest>	provenance-verify	7a963068d73f2ea9908c8b4b116d7d0ec5b01600ec42bf8cf4cf72d18f3b750c	command-specific; share/nebo/cli/exit-codes.txt	text; advertised JSON/JSON-lines/SARIF/LSP flags in help	Edition 1; frozen argument spelling	argv; no shell evaluation; UTF-8; TTY color controlled by --color
neboc sdk pack|verify|restore|self-test ...	sdk	7a963068d73f2ea9908c8b4b116d7d0ec5b01600ec42bf8cf4cf72d18f3b750c	command-specific; share/nebo/cli/exit-codes.txt	text; advertised JSON/JSON-lines/SARIF/LSP flags in help	Edition 1; frozen argument spelling	argv; no shell evaluation; UTF-8; TTY color controlled by --color
neboc protocol generate <schema>	protocol	7a963068d73f2ea9908c8b4b116d7d0ec5b01600ec42bf8cf4cf72d18f3b750c	command-specific; share/nebo/cli/exit-codes.txt	text; advertised JSON/JSON-lines/SARIF/LSP flags in help	Edition 1; frozen argument spelling	argv; no shell evaluation; UTF-8; TTY color controlled by --color
neboc protocol fuzz <schema>	protocol	7a963068d73f2ea9908c8b4b116d7d0ec5b01600ec42bf8cf4cf72d18f3b750c	command-specific; share/nebo/cli/exit-codes.txt	text; advertised JSON/JSON-lines/SARIF/LSP flags in help	Edition 1; frozen argument spelling	argv; no shell evaluation; UTF-8; TTY color controlled by --color
neboc workflow verify <definition>	workflow	7a963068d73f2ea9908c8b4b116d7d0ec5b01600ec42bf8cf4cf72d18f3b750c	command-specific; share/nebo/cli/exit-codes.txt	text; advertised JSON/JSON-lines/SARIF/LSP flags in help	Edition 1; frozen argument spelling	argv; no shell evaluation; UTF-8; TTY color controlled by --color
neboc geometry-check <file>	geometry-check	7a963068d73f2ea9908c8b4b116d7d0ec5b01600ec42bf8cf4cf72d18f3b750c	command-specific; share/nebo/cli/exit-codes.txt	text; advertised JSON/JSON-lines/SARIF/LSP flags in help	Edition 1; frozen argument spelling	argv; no shell evaluation; UTF-8; TTY color controlled by --color
neboc route-bench <suite>	route-bench	7a963068d73f2ea9908c8b4b116d7d0ec5b01600ec42bf8cf4cf72d18f3b750c	command-specific; share/nebo/cli/exit-codes.txt	text; advertised JSON/JSON-lines/SARIF/LSP flags in help	Edition 1; frozen argument spelling	argv; no shell evaluation; UTF-8; TTY color controlled by --color
neboc emit-wasm <file.no>	emit-wasm	7a963068d73f2ea9908c8b4b116d7d0ec5b01600ec42bf8cf4cf72d18f3b750c	command-specific; share/nebo/cli/exit-codes.txt	text; advertised JSON/JSON-lines/SARIF/LSP flags in help	Edition 1; frozen argument spelling	argv; no shell evaluation; UTF-8; TTY color controlled by --color
neboc wasm-inspect <module.wasm>	wasm-inspect	7a963068d73f2ea9908c8b4b116d7d0ec5b01600ec42bf8cf4cf72d18f3b750c	command-specific; share/nebo/cli/exit-codes.txt	text; advertised JSON/JSON-lines/SARIF/LSP flags in help	Edition 1; frozen argument spelling	argv; no shell evaluation; UTF-8; TTY color controlled by --color
neboc emit-bpf <file.no>	emit-bpf	7a963068d73f2ea9908c8b4b116d7d0ec5b01600ec42bf8cf4cf72d18f3b750c	command-specific; share/nebo/cli/exit-codes.txt	text; advertised JSON/JSON-lines/SARIF/LSP flags in help	Edition 1; frozen argument spelling	argv; no shell evaluation; UTF-8; TTY color controlled by --color
neboc portable-test <artifact>	portable-test	7a963068d73f2ea9908c8b4b116d7d0ec5b01600ec42bf8cf4cf72d18f3b750c	command-specific; share/nebo/cli/exit-codes.txt	text; advertised JSON/JSON-lines/SARIF/LSP flags in help	Edition 1; frozen argument spelling	argv; no shell evaluation; UTF-8; TTY color controlled by --color
neboc portable-sbom <artifact>	portable-sbom	7a963068d73f2ea9908c8b4b116d7d0ec5b01600ec42bf8cf4cf72d18f3b750c	command-specific; share/nebo/cli/exit-codes.txt	text; advertised JSON/JSON-lines/SARIF/LSP flags in help	Edition 1; frozen argument spelling	argv; no shell evaluation; UTF-8; TTY color controlled by --color
neboc warnings --list	warnings	7a963068d73f2ea9908c8b4b116d7d0ec5b01600ec42bf8cf4cf72d18f3b750c	command-specific; share/nebo/cli/exit-codes.txt	text; advertised JSON/JSON-lines/SARIF/LSP flags in help	Edition 1; frozen argument spelling	argv; no shell evaluation; UTF-8; TTY color controlled by --color
neboc diagnostic-schema --version 1	diagnostic-schema	7a963068d73f2ea9908c8b4b116d7d0ec5b01600ec42bf8cf4cf72d18f3b750c	command-specific; share/nebo/cli/exit-codes.txt	text; advertised JSON/JSON-lines/SARIF/LSP flags in help	Edition 1; frozen argument spelling	argv; no shell evaluation; UTF-8; TTY color controlled by --color
neboc explain <diagnostic-code>	explain	7a963068d73f2ea9908c8b4b116d7d0ec5b01600ec42bf8cf4cf72d18f3b750c	command-specific; share/nebo/cli/exit-codes.txt	text; advertised JSON/JSON-lines/SARIF/LSP flags in help	Edition 1; frozen argument spelling	argv; no shell evaluation; UTF-8; TTY color controlled by --color
neboc format <path> --check|--diff|--stdout|--write	format	7a963068d73f2ea9908c8b4b116d7d0ec5b01600ec42bf8cf4cf72d18f3b750c	command-specific; share/nebo/cli/exit-codes.txt	text; advertised JSON/JSON-lines/SARIF/LSP flags in help	Edition 1; frozen argument spelling	argv; no shell evaluation; UTF-8; TTY color controlled by --color
neboc format <paths> --preserve-comments	format	7a963068d73f2ea9908c8b4b116d7d0ec5b01600ec42bf8cf4cf72d18f3b750c	command-specific; share/nebo/cli/exit-codes.txt	text; advertised JSON/JSON-lines/SARIF/LSP flags in help	Edition 1; frozen argument spelling	argv; no shell evaluation; UTF-8; TTY color controlled by --color
neboc lint <path> [--profile recommended] [--report text|json|sarif]	lint	7a963068d73f2ea9908c8b4b116d7d0ec5b01600ec42bf8cf4cf72d18f3b750c	command-specific; share/nebo/cli/exit-codes.txt	text; advertised JSON/JSON-lines/SARIF/LSP flags in help	Edition 1; frozen argument spelling	argv; no shell evaluation; UTF-8; TTY color controlled by --color
neboc lint <paths> --group comments [--report text|json|sarif]	lint	7a963068d73f2ea9908c8b4b116d7d0ec5b01600ec42bf8cf4cf72d18f3b750c	command-specific; share/nebo/cli/exit-codes.txt	text; advertised JSON/JSON-lines/SARIF/LSP flags in help	Edition 1; frozen argument spelling	argv; no shell evaluation; UTF-8; TTY color controlled by --color
neboc repl [--script <commands>]	repl	7a963068d73f2ea9908c8b4b116d7d0ec5b01600ec42bf8cf4cf72d18f3b750c	command-specific; share/nebo/cli/exit-codes.txt	text; advertised JSON/JSON-lines/SARIF/LSP flags in help	Edition 1; frozen argument spelling	argv; no shell evaluation; UTF-8; TTY color controlled by --color
neboc init|add|remove|resolve|vendor|package|audit ...	init|add|remove|resolve|vendor|package|audit	7a963068d73f2ea9908c8b4b116d7d0ec5b01600ec42bf8cf4cf72d18f3b750c	command-specific; share/nebo/cli/exit-codes.txt	text; advertised JSON/JSON-lines/SARIF/LSP flags in help	Edition 1; frozen argument spelling	argv; no shell evaluation; UTF-8; TTY color controlled by --color
neboc lsp	lsp	7a963068d73f2ea9908c8b4b116d7d0ec5b01600ec42bf8cf4cf72d18f3b750c	command-specific; share/nebo/cli/exit-codes.txt	text; advertised JSON/JSON-lines/SARIF/LSP flags in help	Edition 1; frozen argument spelling	argv; no shell evaluation; UTF-8; TTY color controlled by --color
neboc completion-debug <file>:<line>:<column>	completion-debug	7a963068d73f2ea9908c8b4b116d7d0ec5b01600ec42bf8cf4cf72d18f3b750c	command-specific; share/nebo/cli/exit-codes.txt	text; advertised JSON/JSON-lines/SARIF/LSP flags in help	Edition 1; frozen argument spelling	argv; no shell evaluation; UTF-8; TTY color controlled by --color
neboc completion-corpus --verify	completion-corpus	7a963068d73f2ea9908c8b4b116d7d0ec5b01600ec42bf8cf4cf72d18f3b750c	command-specific; share/nebo/cli/exit-codes.txt	text; advertised JSON/JSON-lines/SARIF/LSP flags in help	Edition 1; frozen argument spelling	argv; no shell evaluation; UTF-8; TTY color controlled by --color
neboc hover|signature-help|definition <file>:<line>:<column>	hover|signature-help|definition	7a963068d73f2ea9908c8b4b116d7d0ec5b01600ec42bf8cf4cf72d18f3b750c	command-specific; share/nebo/cli/exit-codes.txt	text; advertised JSON/JSON-lines/SARIF/LSP flags in help	Edition 1; frozen argument spelling	argv; no shell evaluation; UTF-8; TTY color controlled by --color
neboc references <name-or-SymbolId>	references	7a963068d73f2ea9908c8b4b116d7d0ec5b01600ec42bf8cf4cf72d18f3b750c	command-specific; share/nebo/cli/exit-codes.txt	text; advertised JSON/JSON-lines/SARIF/LSP flags in help	Edition 1; frozen argument spelling	argv; no shell evaluation; UTF-8; TTY color controlled by --color
neboc rename <name-or-SymbolId> <new-name> --preview|--apply	rename	7a963068d73f2ea9908c8b4b116d7d0ec5b01600ec42bf8cf4cf72d18f3b750c	command-specific; share/nebo/cli/exit-codes.txt	text; advertised JSON/JSON-lines/SARIF/LSP flags in help	Edition 1; frozen argument spelling	argv; no shell evaluation; UTF-8; TTY color controlled by --color
neboc navigation-corpus --verify	navigation-corpus	7a963068d73f2ea9908c8b4b116d7d0ec5b01600ec42bf8cf4cf72d18f3b750c	command-specific; share/nebo/cli/exit-codes.txt	text; advertised JSON/JSON-lines/SARIF/LSP flags in help	Edition 1; frozen argument spelling	argv; no shell evaluation; UTF-8; TTY color controlled by --color
neboc check <source> --no-prelude [--edition <v>]	check	7a963068d73f2ea9908c8b4b116d7d0ec5b01600ec42bf8cf4cf72d18f3b750c	command-specific; share/nebo/cli/exit-codes.txt	text; advertised JSON/JSON-lines/SARIF/LSP flags in help	Edition 1; frozen argument spelling	argv; no shell evaluation; UTF-8; TTY color controlled by --color
neboc emit-asm|build <source> --no-prelude -o <output> [--edition <v>]	emit-asm|build	7a963068d73f2ea9908c8b4b116d7d0ec5b01600ec42bf8cf4cf72d18f3b750c	command-specific; share/nebo/cli/exit-codes.txt	text; advertised JSON/JSON-lines/SARIF/LSP flags in help	Edition 1; frozen argument spelling	argv; no shell evaluation; UTF-8; TTY color controlled by --color
neboc prelude-report [--edition <v>] [--source <path>]	prelude-report	7a963068d73f2ea9908c8b4b116d7d0ec5b01600ec42bf8cf4cf72d18f3b750c	command-specific; share/nebo/cli/exit-codes.txt	text; advertised JSON/JSON-lines/SARIF/LSP flags in help	Edition 1; frozen argument spelling	argv; no shell evaluation; UTF-8; TTY color controlled by --color
neboc migrate-imports <paths> --edition <v> --profile default|no-prelude --preview|--apply	migrate-imports	7a963068d73f2ea9908c8b4b116d7d0ec5b01600ec42bf8cf4cf72d18f3b750c	command-specific; share/nebo/cli/exit-codes.txt	text; advertised JSON/JSON-lines/SARIF/LSP flags in help	Edition 1; frozen argument spelling	argv; no shell evaluation; UTF-8; TTY color controlled by --color
neboc stdlib modules [--target <triple>]	stdlib	7a963068d73f2ea9908c8b4b116d7d0ec5b01600ec42bf8cf4cf72d18f3b750c	command-specific; share/nebo/cli/exit-codes.txt	text; advertised JSON/JSON-lines/SARIF/LSP flags in help	Edition 1; frozen argument spelling	argv; no shell evaluation; UTF-8; TTY color controlled by --color
neboc operator-info <NSR-ID> [--format terminal|json|jsonl|lsp|sarif]	operator-info	7a963068d73f2ea9908c8b4b116d7d0ec5b01600ec42bf8cf4cf72d18f3b750c	command-specific; share/nebo/cli/exit-codes.txt	text; advertised JSON/JSON-lines/SARIF/LSP flags in help	Edition 1; frozen argument spelling	argv; no shell evaluation; UTF-8; TTY color controlled by --color
neboc profile <file.no>	profile	7a963068d73f2ea9908c8b4b116d7d0ec5b01600ec42bf8cf4cf72d18f3b750c	command-specific; share/nebo/cli/exit-codes.txt	text; advertised JSON/JSON-lines/SARIF/LSP flags in help	Edition 1; frozen argument spelling	argv; no shell evaluation; UTF-8; TTY color controlled by --color
neboc emit-hir|emit-lir <file.no>	emit-hir|emit-lir	7a963068d73f2ea9908c8b4b116d7d0ec5b01600ec42bf8cf4cf72d18f3b750c	command-specific; share/nebo/cli/exit-codes.txt	text; advertised JSON/JSON-lines/SARIF/LSP flags in help	Edition 1; frozen argument spelling	argv; no shell evaluation; UTF-8; TTY color controlled by --color
neboc test [root] [--filter <glob>]	test	7a963068d73f2ea9908c8b4b116d7d0ec5b01600ec42bf8cf4cf72d18f3b750c	command-specific; share/nebo/cli/exit-codes.txt	text; advertised JSON/JSON-lines/SARIF/LSP flags in help	Edition 1; frozen argument spelling	argv; no shell evaluation; UTF-8; TTY color controlled by --color
neboc conformance <manifest.json>	conformance	7a963068d73f2ea9908c8b4b116d7d0ec5b01600ec42bf8cf4cf72d18f3b750c	command-specific; share/nebo/cli/exit-codes.txt	text; advertised JSON/JSON-lines/SARIF/LSP flags in help	Edition 1; frozen argument spelling	argv; no shell evaluation; UTF-8; TTY color controlled by --color
neboc fuzz <file.no> [--cases N] [--seed N]	fuzz	7a963068d73f2ea9908c8b4b116d7d0ec5b01600ec42bf8cf4cf72d18f3b750c	command-specific; share/nebo/cli/exit-codes.txt	text; advertised JSON/JSON-lines/SARIF/LSP flags in help	Edition 1; frozen argument spelling	argv; no shell evaluation; UTF-8; TTY color controlled by --color
neboc conformance modules-docs-lsp	conformance	7a963068d73f2ea9908c8b4b116d7d0ec5b01600ec42bf8cf4cf72d18f3b750c	command-specific; share/nebo/cli/exit-codes.txt	text; advertised JSON/JSON-lines/SARIF/LSP flags in help	Edition 1; frozen argument spelling	argv; no shell evaluation; UTF-8; TTY color controlled by --color
neboc fuzz-source --domains imports,docs,comments [--seed N] [--budget N]	fuzz-source	7a963068d73f2ea9908c8b4b116d7d0ec5b01600ec42bf8cf4cf72d18f3b750c	command-specific; share/nebo/cli/exit-codes.txt	text; advertised JSON/JSON-lines/SARIF/LSP flags in help	Edition 1; frozen argument spelling	argv; no shell evaluation; UTF-8; TTY color controlled by --color
neboc migration-check rf166 <paths>	migration-check	7a963068d73f2ea9908c8b4b116d7d0ec5b01600ec42bf8cf4cf72d18f3b750c	command-specific; share/nebo/cli/exit-codes.txt	text; advertised JSON/JSON-lines/SARIF/LSP flags in help	Edition 1; frozen argument spelling	argv; no shell evaluation; UTF-8; TTY color controlled by --color
neboc selftest modules-docs-devex	selftest	7a963068d73f2ea9908c8b4b116d7d0ec5b01600ec42bf8cf4cf72d18f3b750c	command-specific; share/nebo/cli/exit-codes.txt	text; advertised JSON/JSON-lines/SARIF/LSP flags in help	Edition 1; frozen argument spelling	argv; no shell evaluation; UTF-8; TTY color controlled by --color
neboc roadmap-closeout rf166	roadmap-closeout	7a963068d73f2ea9908c8b4b116d7d0ec5b01600ec42bf8cf4cf72d18f3b750c	command-specific; share/nebo/cli/exit-codes.txt	text; advertised JSON/JSON-lines/SARIF/LSP flags in help	Edition 1; frozen argument spelling	argv; no shell evaluation; UTF-8; TTY color controlled by --color
neboc abi-report	abi-report	7a963068d73f2ea9908c8b4b116d7d0ec5b01600ec42bf8cf4cf72d18f3b750c	command-specific; share/nebo/cli/exit-codes.txt	text; advertised JSON/JSON-lines/SARIF/LSP flags in help	Edition 1; frozen argument spelling	argv; no shell evaluation; UTF-8; TTY color controlled by --color
neboc runtime-report [--feature <name>]	runtime-report	7a963068d73f2ea9908c8b4b116d7d0ec5b01600ec42bf8cf4cf72d18f3b750c	command-specific; share/nebo/cli/exit-codes.txt	text; advertised JSON/JSON-lines/SARIF/LSP flags in help	Edition 1; frozen argument spelling	argv; no shell evaluation; UTF-8; TTY color controlled by --color
neboc check <source> --edition 1|2	check	7a963068d73f2ea9908c8b4b116d7d0ec5b01600ec42bf8cf4cf72d18f3b750c	command-specific; share/nebo/cli/exit-codes.txt	text; advertised JSON/JSON-lines/SARIF/LSP flags in help	Edition 1; frozen argument spelling	argv; no shell evaluation; UTF-8; TTY color controlled by --color
neboc migrate --from 1 --to 2 [--features <list>]	migrate	7a963068d73f2ea9908c8b4b116d7d0ec5b01600ec42bf8cf4cf72d18f3b750c	command-specific; share/nebo/cli/exit-codes.txt	text; advertised JSON/JSON-lines/SARIF/LSP flags in help	Edition 1; frozen argument spelling	argv; no shell evaluation; UTF-8; TTY color controlled by --color
neboc migrate <paths> [--root <dir>] [--profile keep|default|no-prelude] [--apply]	migrate	7a963068d73f2ea9908c8b4b116d7d0ec5b01600ec42bf8cf4cf72d18f3b750c	command-specific; share/nebo/cli/exit-codes.txt	text; advertised JSON/JSON-lines/SARIF/LSP flags in help	Edition 1; frozen argument spelling	argv; no shell evaluation; UTF-8; TTY color controlled by --color
neboc migrate --workspace <json> --rename-package <old:new> --allow-api-change	migrate	7a963068d73f2ea9908c8b4b116d7d0ec5b01600ec42bf8cf4cf72d18f3b750c	command-specific; share/nebo/cli/exit-codes.txt	text; advertised JSON/JSON-lines/SARIF/LSP flags in help	Edition 1; frozen argument spelling	argv; no shell evaluation; UTF-8; TTY color controlled by --color
neboc migrate --root <dir> --rollback [--journal <relative-path>]	migrate	7a963068d73f2ea9908c8b4b116d7d0ec5b01600ec42bf8cf4cf72d18f3b750c	command-specific; share/nebo/cli/exit-codes.txt	text; advertised JSON/JSON-lines/SARIF/LSP flags in help	Edition 1; frozen argument spelling	argv; no shell evaluation; UTF-8; TTY color controlled by --color
neboc compatibility-report	compatibility-report	7a963068d73f2ea9908c8b4b116d7d0ec5b01600ec42bf8cf4cf72d18f3b750c	command-specific; share/nebo/cli/exit-codes.txt	text; advertised JSON/JSON-lines/SARIF/LSP flags in help	Edition 1; frozen argument spelling	argv; no shell evaluation; UTF-8; TTY color controlled by --color
neboc conformance-manifest --target <triple>	conformance-manifest	7a963068d73f2ea9908c8b4b116d7d0ec5b01600ec42bf8cf4cf72d18f3b750c	command-specific; share/nebo/cli/exit-codes.txt	text; advertised JSON/JSON-lines/SARIF/LSP flags in help	Edition 1; frozen argument spelling	argv; no shell evaluation; UTF-8; TTY color controlled by --color
neboc doctor	doctor	7a963068d73f2ea9908c8b4b116d7d0ec5b01600ec42bf8cf4cf72d18f3b750c	command-specific; share/nebo/cli/exit-codes.txt	text; advertised JSON/JSON-lines/SARIF/LSP flags in help	Edition 1; frozen argument spelling	argv; no shell evaluation; UTF-8; TTY color controlled by --color
neboc security-report	security-report	7a963068d73f2ea9908c8b4b116d7d0ec5b01600ec42bf8cf4cf72d18f3b750c	command-specific; share/nebo/cli/exit-codes.txt	text; advertised JSON/JSON-lines/SARIF/LSP flags in help	Edition 1; frozen argument spelling	argv; no shell evaluation; UTF-8; TTY color controlled by --color
neboc release prepare|materialize|restore-test|verify|sbom|provenance|lifecycle ...	release	7a963068d73f2ea9908c8b4b116d7d0ec5b01600ec42bf8cf4cf72d18f3b750c	command-specific; share/nebo/cli/exit-codes.txt	text; advertised JSON/JSON-lines/SARIF/LSP flags in help	Edition 1; frozen argument spelling	argv; no shell evaluation; UTF-8; TTY color controlled by --color
neboc examples verify-all	examples	7a963068d73f2ea9908c8b4b116d7d0ec5b01600ec42bf8cf4cf72d18f3b750c	command-specific; share/nebo/cli/exit-codes.txt	text; advertised JSON/JSON-lines/SARIF/LSP flags in help	Edition 1; frozen argument spelling	argv; no shell evaluation; UTF-8; TTY color controlled by --color
neboc nebo-1.0-readiness	nebo-1.0-readiness	7a963068d73f2ea9908c8b4b116d7d0ec5b01600ec42bf8cf4cf72d18f3b750c	command-specific; share/nebo/cli/exit-codes.txt	text; advertised JSON/JSON-lines/SARIF/LSP flags in help	Edition 1; frozen argument spelling	argv; no shell evaluation; UTF-8; TTY color controlled by --color
neboc api-diff <baseline.json> <current.json>	api-diff	7a963068d73f2ea9908c8b4b116d7d0ec5b01600ec42bf8cf4cf72d18f3b750c	command-specific; share/nebo/cli/exit-codes.txt	text; advertised JSON/JSON-lines/SARIF/LSP flags in help	Edition 1; frozen argument spelling	argv; no shell evaluation; UTF-8; TTY color controlled by --color
neboc fix <paths> --check|--preview|--apply	fix	7a963068d73f2ea9908c8b4b116d7d0ec5b01600ec42bf8cf4cf72d18f3b750c	command-specific; share/nebo/cli/exit-codes.txt	text; advertised JSON/JSON-lines/SARIF/LSP flags in help	Edition 1; frozen argument spelling	argv; no shell evaluation; UTF-8; TTY color controlled by --color
neboc fix --verify parse|check|tests|differential <plan.json>	fix	7a963068d73f2ea9908c8b4b116d7d0ec5b01600ec42bf8cf4cf72d18f3b750c	command-specific; share/nebo/cli/exit-codes.txt	text; advertised JSON/JSON-lines/SARIF/LSP flags in help	Edition 1; frozen argument spelling	argv; no shell evaluation; UTF-8; TTY color controlled by --color
neboc refactor <operation> [options] <paths>	refactor	7a963068d73f2ea9908c8b4b116d7d0ec5b01600ec42bf8cf4cf72d18f3b750c	command-specific; share/nebo/cli/exit-codes.txt	text; advertised JSON/JSON-lines/SARIF/LSP flags in help	Edition 1; frozen argument spelling	argv; no shell evaluation; UTF-8; TTY color controlled by --color
neboc source-optimize <paths> --check|--preview|--apply	source-optimize	7a963068d73f2ea9908c8b4b116d7d0ec5b01600ec42bf8cf4cf72d18f3b750c	command-specific; share/nebo/cli/exit-codes.txt	text; advertised JSON/JSON-lines/SARIF/LSP flags in help	Edition 1; frozen argument spelling	argv; no shell evaluation; UTF-8; TTY color controlled by --color
neboc modernize <paths> --edition <version>	modernize	7a963068d73f2ea9908c8b4b116d7d0ec5b01600ec42bf8cf4cf72d18f3b750c	command-specific; share/nebo/cli/exit-codes.txt	text; advertised JSON/JSON-lines/SARIF/LSP flags in help	Edition 1; frozen argument spelling	argv; no shell evaluation; UTF-8; TTY color controlled by --color
neboc change-review <plan.json>	change-review	7a963068d73f2ea9908c8b4b116d7d0ec5b01600ec42bf8cf4cf72d18f3b750c	command-specific; share/nebo/cli/exit-codes.txt	text; advertised JSON/JSON-lines/SARIF/LSP flags in help	Edition 1; frozen argument spelling	argv; no shell evaluation; UTF-8; TTY color controlled by --color
neboc timings <source-or-project>	timings	7a963068d73f2ea9908c8b4b116d7d0ec5b01600ec42bf8cf4cf72d18f3b750c	command-specific; share/nebo/cli/exit-codes.txt	text; advertised JSON/JSON-lines/SARIF/LSP flags in help	Edition 1; frozen argument spelling	argv; no shell evaluation; UTF-8; TTY color controlled by --color
neboc compiler-profile <project> --output <path>	compiler-profile	7a963068d73f2ea9908c8b4b116d7d0ec5b01600ec42bf8cf4cf72d18f3b750c	command-specific; share/nebo/cli/exit-codes.txt	text; advertised JSON/JSON-lines/SARIF/LSP flags in help	Edition 1; frozen argument spelling	argv; no shell evaluation; UTF-8; TTY color controlled by --color
neboc compiler-report <artifact>	compiler-report	7a963068d73f2ea9908c8b4b116d7d0ec5b01600ec42bf8cf4cf72d18f3b750c	command-specific; share/nebo/cli/exit-codes.txt	text; advertised JSON/JSON-lines/SARIF/LSP flags in help	Edition 1; frozen argument spelling	argv; no shell evaluation; UTF-8; TTY color controlled by --color
neboc compiler-memory <project>	compiler-memory	7a963068d73f2ea9908c8b4b116d7d0ec5b01600ec42bf8cf4cf72d18f3b750c	command-specific; share/nebo/cli/exit-codes.txt	text; advertised JSON/JSON-lines/SARIF/LSP flags in help	Edition 1; frozen argument spelling	argv; no shell evaluation; UTF-8; TTY color controlled by --color
neboc incremental-report <project> --phase syntax	incremental-report	7a963068d73f2ea9908c8b4b116d7d0ec5b01600ec42bf8cf4cf72d18f3b750c	command-specific; share/nebo/cli/exit-codes.txt	text; advertised JSON/JSON-lines/SARIF/LSP flags in help	Edition 1; frozen argument spelling	argv; no shell evaluation; UTF-8; TTY color controlled by --color
neboc query-report <project>	query-report	7a963068d73f2ea9908c8b4b116d7d0ec5b01600ec42bf8cf4cf72d18f3b750c	command-specific; share/nebo/cli/exit-codes.txt	text; advertised JSON/JSON-lines/SARIF/LSP flags in help	Edition 1; frozen argument spelling	argv; no shell evaluation; UTF-8; TTY color controlled by --color
neboc cache stats|verify|prune|clear	cache	7a963068d73f2ea9908c8b4b116d7d0ec5b01600ec42bf8cf4cf72d18f3b750c	command-specific; share/nebo/cli/exit-codes.txt	text; advertised JSON/JSON-lines/SARIF/LSP flags in help	Edition 1; frozen argument spelling	argv; no shell evaluation; UTF-8; TTY color controlled by --color
neboc cache explain <source-or-artifact>	cache	7a963068d73f2ea9908c8b4b116d7d0ec5b01600ec42bf8cf4cf72d18f3b750c	command-specific; share/nebo/cli/exit-codes.txt	text; advertised JSON/JSON-lines/SARIF/LSP flags in help	Edition 1; frozen argument spelling	argv; no shell evaluation; UTF-8; TTY color controlled by --color
neboc serve --local	serve	7a963068d73f2ea9908c8b4b116d7d0ec5b01600ec42bf8cf4cf72d18f3b750c	command-specific; share/nebo/cli/exit-codes.txt	text; advertised JSON/JSON-lines/SARIF/LSP flags in help	Edition 1; frozen argument spelling	argv; no shell evaluation; UTF-8; TTY color controlled by --color
neboc server status|stop	server	7a963068d73f2ea9908c8b4b116d7d0ec5b01600ec42bf8cf4cf72d18f3b750c	command-specific; share/nebo/cli/exit-codes.txt	text; advertised JSON/JSON-lines/SARIF/LSP flags in help	Edition 1; frozen argument spelling	argv; no shell evaluation; UTF-8; TTY color controlled by --color
neboc project-report <manifest>	project-report	7a963068d73f2ea9908c8b4b116d7d0ec5b01600ec42bf8cf4cf72d18f3b750c	command-specific; share/nebo/cli/exit-codes.txt	text; advertised JSON/JSON-lines/SARIF/LSP flags in help	Edition 1; frozen argument spelling	argv; no shell evaluation; UTF-8; TTY color controlled by --color
neboc compiler-bench <suite> [--compare <baseline>]	compiler-bench	7a963068d73f2ea9908c8b4b116d7d0ec5b01600ec42bf8cf4cf72d18f3b750c	command-specific; share/nebo/cli/exit-codes.txt	text; advertised JSON/JSON-lines/SARIF/LSP flags in help	Edition 1; frozen argument spelling	argv; no shell evaluation; UTF-8; TTY color controlled by --color
neboc performance-gate <report> <policy>	performance-gate	7a963068d73f2ea9908c8b4b116d7d0ec5b01600ec42bf8cf4cf72d18f3b750c	command-specific; share/nebo/cli/exit-codes.txt	text; advertised JSON/JSON-lines/SARIF/LSP flags in help	Edition 1; frozen argument spelling	argv; no shell evaluation; UTF-8; TTY color controlled by --color
neboc diagnostics --search <term>	diagnostics	7a963068d73f2ea9908c8b4b116d7d0ec5b01600ec42bf8cf4cf72d18f3b750c	command-specific; share/nebo/cli/exit-codes.txt	text; advertised JSON/JSON-lines/SARIF/LSP flags in help	Edition 1; frozen argument spelling	argv; no shell evaluation; UTF-8; TTY color controlled by --color
neboc bug-report --local <source>	bug-report	7a963068d73f2ea9908c8b4b116d7d0ec5b01600ec42bf8cf4cf72d18f3b750c	command-specific; share/nebo/cli/exit-codes.txt	text; advertised JSON/JSON-lines/SARIF/LSP flags in help	Edition 1; frozen argument spelling	argv; no shell evaluation; UTF-8; TTY color controlled by --color
neboc bug-report --inspect <bundle>	bug-report	7a963068d73f2ea9908c8b4b116d7d0ec5b01600ec42bf8cf4cf72d18f3b750c	command-specific; share/nebo/cli/exit-codes.txt	text; advertised JSON/JSON-lines/SARIF/LSP flags in help	Edition 1; frozen argument spelling	argv; no shell evaluation; UTF-8; TTY color controlled by --color
neboc minimize-ice <bundle>	minimize-ice	7a963068d73f2ea9908c8b4b116d7d0ec5b01600ec42bf8cf4cf72d18f3b750c	command-specific; share/nebo/cli/exit-codes.txt	text; advertised JSON/JSON-lines/SARIF/LSP flags in help	Edition 1; frozen argument spelling	argv; no shell evaluation; UTF-8; TTY color controlled by --color
neboc exit-codes	exit-codes	7a963068d73f2ea9908c8b4b116d7d0ec5b01600ec42bf8cf4cf72d18f3b750c	command-specific; share/nebo/cli/exit-codes.txt	text; advertised JSON/JSON-lines/SARIF/LSP flags in help	Edition 1; frozen argument spelling	argv; no shell evaluation; UTF-8; TTY color controlled by --color
neboc meta-check <file.no>	meta-check	7a963068d73f2ea9908c8b4b116d7d0ec5b01600ec42bf8cf4cf72d18f3b750c	command-specific; share/nebo/cli/exit-codes.txt	text; advertised JSON/JSON-lines/SARIF/LSP flags in help	Edition 1; frozen argument spelling	argv; no shell evaluation; UTF-8; TTY color controlled by --color
neboc meta-expand <file.no>	meta-expand	7a963068d73f2ea9908c8b4b116d7d0ec5b01600ec42bf8cf4cf72d18f3b750c	command-specific; share/nebo/cli/exit-codes.txt	text; advertised JSON/JSON-lines/SARIF/LSP flags in help	Edition 1; frozen argument spelling	argv; no shell evaluation; UTF-8; TTY color controlled by --color
neboc verify [--property safety29|--counterexample] <file.no>	verify	7a963068d73f2ea9908c8b4b116d7d0ec5b01600ec42bf8cf4cf72d18f3b750c	command-specific; share/nebo/cli/exit-codes.txt	text; advertised JSON/JSON-lines/SARIF/LSP flags in help	Edition 1; frozen argument spelling	argv; no shell evaluation; UTF-8; TTY color controlled by --color
neboc solve <model.no>	solve	7a963068d73f2ea9908c8b4b116d7d0ec5b01600ec42bf8cf4cf72d18f3b750c	command-specific; share/nebo/cli/exit-codes.txt	text; advertised JSON/JSON-lines/SARIF/LSP flags in help	Edition 1; frozen argument spelling	argv; no shell evaluation; UTF-8; TTY color controlled by --color
neboc solve --explain-unsat <model.no>	solve	7a963068d73f2ea9908c8b4b116d7d0ec5b01600ec42bf8cf4cf72d18f3b750c	command-specific; share/nebo/cli/exit-codes.txt	text; advertised JSON/JSON-lines/SARIF/LSP flags in help	Edition 1; frozen argument spelling	argv; no shell evaluation; UTF-8; TTY color controlled by --color
neboc check <file.no> [--message-format human|short|json|json-lines|sarif]	check	7a963068d73f2ea9908c8b4b116d7d0ec5b01600ec42bf8cf4cf72d18f3b750c	command-specific; share/nebo/cli/exit-codes.txt	text; advertised JSON/JSON-lines/SARIF/LSP flags in help	Edition 1; frozen argument spelling	argv; no shell evaluation; UTF-8; TTY color controlled by --color
neboc check --manifest <nebo.targets> [--target <TargetId>]	check	7a963068d73f2ea9908c8b4b116d7d0ec5b01600ec42bf8cf4cf72d18f3b750c	command-specific; share/nebo/cli/exit-codes.txt	text; advertised JSON/JSON-lines/SARIF/LSP flags in help	Edition 1; frozen argument spelling	argv; no shell evaluation; UTF-8; TTY color controlled by --color
neboc emit-asm <file.no> -o <file.asm> [--unit <file.no>] [--target-kind executable|example|library]	emit-asm	7a963068d73f2ea9908c8b4b116d7d0ec5b01600ec42bf8cf4cf72d18f3b750c	command-specific; share/nebo/cli/exit-codes.txt	text; advertised JSON/JSON-lines/SARIF/LSP flags in help	Edition 1; frozen argument spelling	argv; no shell evaluation; UTF-8; TTY color controlled by --color
neboc emit-asm --manifest <nebo.targets> [--target <TargetId>] -o <file.asm>	emit-asm	7a963068d73f2ea9908c8b4b116d7d0ec5b01600ec42bf8cf4cf72d18f3b750c	command-specific; share/nebo/cli/exit-codes.txt	text; advertised JSON/JSON-lines/SARIF/LSP flags in help	Edition 1; frozen argument spelling	argv; no shell evaluation; UTF-8; TTY color controlled by --color
neboc build <file.no> -o <artifact> [--debug] [--keep-temp] [--unit <file.no>] [--target-kind executable|example|library]	build	7a963068d73f2ea9908c8b4b116d7d0ec5b01600ec42bf8cf4cf72d18f3b750c	command-specific; share/nebo/cli/exit-codes.txt	text; advertised JSON/JSON-lines/SARIF/LSP flags in help	Edition 1; frozen argument spelling	argv; no shell evaluation; UTF-8; TTY color controlled by --color
neboc build --manifest <nebo.targets> [--target <TargetId>] -o <artifact>	build	7a963068d73f2ea9908c8b4b116d7d0ec5b01600ec42bf8cf4cf72d18f3b750c	command-specific; share/nebo/cli/exit-codes.txt	text; advertised JSON/JSON-lines/SARIF/LSP flags in help	Edition 1; frozen argument spelling	argv; no shell evaluation; UTF-8; TTY color controlled by --color
neboc module-check <file.no> [--unit <file.no>]...	module-check	7a963068d73f2ea9908c8b4b116d7d0ec5b01600ec42bf8cf4cf72d18f3b750c	command-specific; share/nebo/cli/exit-codes.txt	text; advertised JSON/JSON-lines/SARIF/LSP flags in help	Edition 1; frozen argument spelling	argv; no shell evaluation; UTF-8; TTY color controlled by --color
neboc module-info <file.no> --unit <file.no> --unit <file.no>	module-info	7a963068d73f2ea9908c8b4b116d7d0ec5b01600ec42bf8cf4cf72d18f3b750c	command-specific; share/nebo/cli/exit-codes.txt	text; advertised JSON/JSON-lines/SARIF/LSP flags in help	Edition 1; frozen argument spelling	argv; no shell evaluation; UTF-8; TTY color controlled by --color
neboc module-graph <file.no> --unit <file.no> --unit <file.no> [--format text|json|dot]	module-graph	7a963068d73f2ea9908c8b4b116d7d0ec5b01600ec42bf8cf4cf72d18f3b750c	command-specific; share/nebo/cli/exit-codes.txt	text; advertised JSON/JSON-lines/SARIF/LSP flags in help	Edition 1; frozen argument spelling	argv; no shell evaluation; UTF-8; TTY color controlled by --color
neboc dump doc-ast <source>	dump	7a963068d73f2ea9908c8b4b116d7d0ec5b01600ec42bf8cf4cf72d18f3b750c	command-specific; share/nebo/cli/exit-codes.txt	text; advertised JSON/JSON-lines/SARIF/LSP flags in help	Edition 1; frozen argument spelling	argv; no shell evaluation; UTF-8; TTY color controlled by --color
neboc dump doc-record <symbol>	dump	7a963068d73f2ea9908c8b4b116d7d0ec5b01600ec42bf8cf4cf72d18f3b750c	command-specific; share/nebo/cli/exit-codes.txt	text; advertised JSON/JSON-lines/SARIF/LSP flags in help	Edition 1; frozen argument spelling	argv; no shell evaluation; UTF-8; TTY color controlled by --color
neboc check-docs <paths> [--deny warnings] [--report text|json|lsp|sarif]	check-docs	7a963068d73f2ea9908c8b4b116d7d0ec5b01600ec42bf8cf4cf72d18f3b750c	command-specific; share/nebo/cli/exit-codes.txt	text; advertised JSON/JSON-lines/SARIF/LSP flags in help	Edition 1; frozen argument spelling	argv; no shell evaluation; UTF-8; TTY color controlled by --color
neboc lint <paths> --group docs [--deny warnings] [--report text|json|lsp|sarif]	lint	7a963068d73f2ea9908c8b4b116d7d0ec5b01600ec42bf8cf4cf72d18f3b750c	command-specific; share/nebo/cli/exit-codes.txt	text; advertised JSON/JSON-lines/SARIF/LSP flags in help	Edition 1; frozen argument spelling	argv; no shell evaluation; UTF-8; TTY color controlled by --color
neboc test-docs <paths> [--seed N] [--budget N] [--report text|json]	test-docs	7a963068d73f2ea9908c8b4b116d7d0ec5b01600ec42bf8cf4cf72d18f3b750c	command-specific; share/nebo/cli/exit-codes.txt	text; advertised JSON/JSON-lines/SARIF/LSP flags in help	Edition 1; frozen argument spelling	argv; no shell evaluation; UTF-8; TTY color controlled by --color
neboc docs --verify <paths> [--baseline file] [--refactor-map file] [--report text|json]	docs	7a963068d73f2ea9908c8b4b116d7d0ec5b01600ec42bf8cf4cf72d18f3b750c	command-specific; share/nebo/cli/exit-codes.txt	text; advertised JSON/JSON-lines/SARIF/LSP flags in help	Edition 1; frozen argument spelling	argv; no shell evaluation; UTF-8; TTY color controlled by --color
neboc docs [build] <package> -o <dir> [--incremental] [--archive file]	docs	7a963068d73f2ea9908c8b4b116d7d0ec5b01600ec42bf8cf4cf72d18f3b750c	command-specific; share/nebo/cli/exit-codes.txt	text; advertised JSON/JSON-lines/SARIF/LSP flags in help	Edition 1; frozen argument spelling	argv; no shell evaluation; UTF-8; TTY color controlled by --color
neboc docs search <query> --index <path> [--limit N]	docs	7a963068d73f2ea9908c8b4b116d7d0ec5b01600ec42bf8cf4cf72d18f3b750c	command-specific; share/nebo/cli/exit-codes.txt	text; advertised JSON/JSON-lines/SARIF/LSP flags in help	Edition 1; frozen argument spelling	argv; no shell evaluation; UTF-8; TTY color controlled by --color
neboc docs diff <old.ni> <new.ni>	docs	7a963068d73f2ea9908c8b4b116d7d0ec5b01600ec42bf8cf4cf72d18f3b750c	command-specific; share/nebo/cli/exit-codes.txt	text; advertised JSON/JSON-lines/SARIF/LSP flags in help	Edition 1; frozen argument spelling	argv; no shell evaluation; UTF-8; TTY color controlled by --color
neboc docs serve <dir> --local-only [--port N]	docs	7a963068d73f2ea9908c8b4b116d7d0ec5b01600ec42bf8cf4cf72d18f3b750c	command-specific; share/nebo/cli/exit-codes.txt	text; advertised JSON/JSON-lines/SARIF/LSP flags in help	Edition 1; frozen argument spelling	argv; no shell evaluation; UTF-8; TTY color controlled by --color
neboc docs restore <archive> -o <dir>	docs	7a963068d73f2ea9908c8b4b116d7d0ec5b01600ec42bf8cf4cf72d18f3b750c	command-specific; share/nebo/cli/exit-codes.txt	text; advertised JSON/JSON-lines/SARIF/LSP flags in help	Edition 1; frozen argument spelling	argv; no shell evaluation; UTF-8; TTY color controlled by --color
neboc symbols <workspace> [--json]	symbols	7a963068d73f2ea9908c8b4b116d7d0ec5b01600ec42bf8cf4cf72d18f3b750c	command-specific; share/nebo/cli/exit-codes.txt	text; advertised JSON/JSON-lines/SARIF/LSP flags in help	Edition 1; frozen argument spelling	argv; no shell evaluation; UTF-8; TTY color controlled by --color
neboc symbol-index --rebuild <workspace> -o <index.json>	symbol-index	7a963068d73f2ea9908c8b4b116d7d0ec5b01600ec42bf8cf4cf72d18f3b750c	command-specific; share/nebo/cli/exit-codes.txt	text; advertised JSON/JSON-lines/SARIF/LSP flags in help	Edition 1; frozen argument spelling	argv; no shell evaluation; UTF-8; TTY color controlled by --color
neboc symbol-index --verify <workspace> --index <index.json>	symbol-index	7a963068d73f2ea9908c8b4b116d7d0ec5b01600ec42bf8cf4cf72d18f3b750c	command-specific; share/nebo/cli/exit-codes.txt	text; advertised JSON/JSON-lines/SARIF/LSP flags in help	Edition 1; frozen argument spelling	argv; no shell evaluation; UTF-8; TTY color controlled by --color
neboc dump comment-trivia <source>	dump	7a963068d73f2ea9908c8b4b116d7d0ec5b01600ec42bf8cf4cf72d18f3b750c	command-specific; share/nebo/cli/exit-codes.txt	text; advertised JSON/JSON-lines/SARIF/LSP flags in help	Edition 1; frozen argument spelling	argv; no shell evaluation; UTF-8; TTY color controlled by --color
neboc imports list <file.no> --unit <file.no> --unit <file.no>	imports	7a963068d73f2ea9908c8b4b116d7d0ec5b01600ec42bf8cf4cf72d18f3b750c	command-specific; share/nebo/cli/exit-codes.txt	text; advertised JSON/JSON-lines/SARIF/LSP flags in help	Edition 1; frozen argument spelling	argv; no shell evaluation; UTF-8; TTY color controlled by --color
neboc imports explain <alias.symbol> <file.no> --unit <file.no> --unit <file.no>	imports	7a963068d73f2ea9908c8b4b116d7d0ec5b01600ec42bf8cf4cf72d18f3b750c	command-specific; share/nebo/cli/exit-codes.txt	text; advertised JSON/JSON-lines/SARIF/LSP flags in help	Edition 1; frozen argument spelling	argv; no shell evaluation; UTF-8; TTY color controlled by --color
neboc imports api-impact <module.no> [--baseline <sha256>]	imports	7a963068d73f2ea9908c8b4b116d7d0ec5b01600ec42bf8cf4cf72d18f3b750c	command-specific; share/nebo/cli/exit-codes.txt	text; advertised JSON/JSON-lines/SARIF/LSP flags in help	Edition 1; frozen argument spelling	argv; no shell evaluation; UTF-8; TTY color controlled by --color
neboc organize-imports <paths> --check|--apply	organize-imports	7a963068d73f2ea9908c8b4b116d7d0ec5b01600ec42bf8cf4cf72d18f3b750c	command-specific; share/nebo/cli/exit-codes.txt	text; advertised JSON/JSON-lines/SARIF/LSP flags in help	Edition 1; frozen argument spelling	argv; no shell evaluation; UTF-8; TTY color controlled by --color
neboc add-import <symbol> --to <module.no>	add-import	7a963068d73f2ea9908c8b4b116d7d0ec5b01600ec42bf8cf4cf72d18f3b750c	command-specific; share/nebo/cli/exit-codes.txt	text; advertised JSON/JSON-lines/SARIF/LSP flags in help	Edition 1; frozen argument spelling	argv; no shell evaluation; UTF-8; TTY color controlled by --color
neboc module-init-report <entry.no> --unit <file.no> --unit <file.no>	module-init-report	7a963068d73f2ea9908c8b4b116d7d0ec5b01600ec42bf8cf4cf72d18f3b750c	command-specific; share/nebo/cli/exit-codes.txt	text; advertised JSON/JSON-lines/SARIF/LSP flags in help	Edition 1; frozen argument spelling	argv; no shell evaluation; UTF-8; TTY color controlled by --color
neboc check <entry.no> --unit <file.no> --unit <file.no> --deny-effectful-init	check	7a963068d73f2ea9908c8b4b116d7d0ec5b01600ec42bf8cf4cf72d18f3b750c	command-specific; share/nebo/cli/exit-codes.txt	text; advertised JSON/JSON-lines/SARIF/LSP flags in help	Edition 1; frozen argument spelling	argv; no shell evaluation; UTF-8; TTY color controlled by --color
neboc emit-interface <module.no> --unit <file.no> --unit <file.no> -o <module.ni> [--cache-dir <dir>]	emit-interface	7a963068d73f2ea9908c8b4b116d7d0ec5b01600ec42bf8cf4cf72d18f3b750c	command-specific; share/nebo/cli/exit-codes.txt	text; advertised JSON/JSON-lines/SARIF/LSP flags in help	Edition 1; frozen argument spelling	argv; no shell evaluation; UTF-8; TTY color controlled by --color
neboc interface inspect <file.ni> [--json]	interface	7a963068d73f2ea9908c8b4b116d7d0ec5b01600ec42bf8cf4cf72d18f3b750c	command-specific; share/nebo/cli/exit-codes.txt	text; advertised JSON/JSON-lines/SARIF/LSP flags in help	Edition 1; frozen argument spelling	argv; no shell evaluation; UTF-8; TTY color controlled by --color
neboc api-diff <old.ni> <new.ni>	api-diff	7a963068d73f2ea9908c8b4b116d7d0ec5b01600ec42bf8cf4cf72d18f3b750c	command-specific; share/nebo/cli/exit-codes.txt	text; advertised JSON/JSON-lines/SARIF/LSP flags in help	Edition 1; frozen argument spelling	argv; no shell evaluation; UTF-8; TTY color controlled by --color
neboc emit-object <file.no> -o <file.o>	emit-object	7a963068d73f2ea9908c8b4b116d7d0ec5b01600ec42bf8cf4cf72d18f3b750c	command-specific; share/nebo/cli/exit-codes.txt	text; advertised JSON/JSON-lines/SARIF/LSP flags in help	Edition 1; frozen argument spelling	argv; no shell evaluation; UTF-8; TTY color controlled by --color
neboc link <root.no> --unit <file.no> --unit <file.no> -o <executable>	link	7a963068d73f2ea9908c8b4b116d7d0ec5b01600ec42bf8cf4cf72d18f3b750c	command-specific; share/nebo/cli/exit-codes.txt	text; advertised JSON/JSON-lines/SARIF/LSP flags in help	Edition 1; frozen argument spelling	argv; no shell evaluation; UTF-8; TTY color controlled by --color
