code	identity	severity	stage	span_contract	machine_formats	exit_contract	compatibility
1	NEBOC_DIAG_CLI_USAGE	TYPED	OWNER_STAGE_ENCODED_BY_CATALOG	PRIMARY_AND_OPTIONAL_RELATED	CLI_TEXT_AND_SCHEMA_V1	EXIT_0_SUCCESS_2_USAGE_3_SOURCE_OR_TOOLCHAIN	STABLE_CODE_NO_REUSE
2	NEBOC_DIAG_SOURCE_BOM_FORBIDDEN	TYPED	OWNER_STAGE_ENCODED_BY_CATALOG	PRIMARY_AND_OPTIONAL_RELATED	CLI_TEXT_AND_SCHEMA_V1	EXIT_0_SUCCESS_2_USAGE_3_SOURCE_OR_TOOLCHAIN	STABLE_CODE_NO_REUSE
3	NEBOC_DIAG_SOURCE_TOO_LARGE	TYPED	OWNER_STAGE_ENCODED_BY_CATALOG	PRIMARY_AND_OPTIONAL_RELATED	CLI_TEXT_AND_SCHEMA_V1	EXIT_0_SUCCESS_2_USAGE_3_SOURCE_OR_TOOLCHAIN	STABLE_CODE_NO_REUSE
4	NEBOC_DIAG_LEX_INVALID_UTF8	TYPED	OWNER_STAGE_ENCODED_BY_CATALOG	PRIMARY_AND_OPTIONAL_RELATED	CLI_TEXT_AND_SCHEMA_V1	EXIT_0_SUCCESS_2_USAGE_3_SOURCE_OR_TOOLCHAIN	STABLE_CODE_NO_REUSE
5	NEBOC_DIAG_LEX_INVALID_CHARACTER	TYPED	OWNER_STAGE_ENCODED_BY_CATALOG	PRIMARY_AND_OPTIONAL_RELATED	CLI_TEXT_AND_SCHEMA_V1	EXIT_0_SUCCESS_2_USAGE_3_SOURCE_OR_TOOLCHAIN	STABLE_CODE_NO_REUSE
6	NEBOC_DIAG_PARSE_EXPECTED_TOKEN	TYPED	OWNER_STAGE_ENCODED_BY_CATALOG	PRIMARY_AND_OPTIONAL_RELATED	CLI_TEXT_AND_SCHEMA_V1	EXIT_0_SUCCESS_2_USAGE_3_SOURCE_OR_TOOLCHAIN	STABLE_CODE_NO_REUSE
7	NEBOC_DIAG_NAME_UNDEFINED	TYPED	OWNER_STAGE_ENCODED_BY_CATALOG	PRIMARY_AND_OPTIONAL_RELATED	CLI_TEXT_AND_SCHEMA_V1	EXIT_0_SUCCESS_2_USAGE_3_SOURCE_OR_TOOLCHAIN	STABLE_CODE_NO_REUSE
8	NEBOC_DIAG_TYPE_MISMATCH	TYPED	OWNER_STAGE_ENCODED_BY_CATALOG	PRIMARY_AND_OPTIONAL_RELATED	CLI_TEXT_AND_SCHEMA_V1	EXIT_0_SUCCESS_2_USAGE_3_SOURCE_OR_TOOLCHAIN	STABLE_CODE_NO_REUSE
9	NEBOC_DIAG_LIMIT_EXCEEDED	TYPED	OWNER_STAGE_ENCODED_BY_CATALOG	PRIMARY_AND_OPTIONAL_RELATED	CLI_TEXT_AND_SCHEMA_V1	EXIT_0_SUCCESS_2_USAGE_3_SOURCE_OR_TOOLCHAIN	STABLE_CODE_NO_REUSE
10	NEBOC_DIAG_TOOLCHAIN_FAILED	TYPED	OWNER_STAGE_ENCODED_BY_CATALOG	PRIMARY_AND_OPTIONAL_RELATED	CLI_TEXT_AND_SCHEMA_V1	EXIT_0_SUCCESS_2_USAGE_3_SOURCE_OR_TOOLCHAIN	STABLE_CODE_NO_REUSE
11	NEBOC_DIAG_INTERNAL_ERROR	TYPED	OWNER_STAGE_ENCODED_BY_CATALOG	PRIMARY_AND_OPTIONAL_RELATED	CLI_TEXT_AND_SCHEMA_V1	EXIT_0_SUCCESS_2_USAGE_3_SOURCE_OR_TOOLCHAIN	STABLE_CODE_NO_REUSE
12	NEBOC_DIAG_LEX_UNTERMINATED_TEXT	TYPED	OWNER_STAGE_ENCODED_BY_CATALOG	PRIMARY_AND_OPTIONAL_RELATED	CLI_TEXT_AND_SCHEMA_V1	EXIT_0_SUCCESS_2_USAGE_3_SOURCE_OR_TOOLCHAIN	STABLE_CODE_NO_REUSE
13	NEBOC_DIAG_LEX_INVALID_ESCAPE	TYPED	OWNER_STAGE_ENCODED_BY_CATALOG	PRIMARY_AND_OPTIONAL_RELATED	CLI_TEXT_AND_SCHEMA_V1	EXIT_0_SUCCESS_2_USAGE_3_SOURCE_OR_TOOLCHAIN	STABLE_CODE_NO_REUSE
14	NEBOC_DIAG_LEX_INT_OVERFLOW	TYPED	OWNER_STAGE_ENCODED_BY_CATALOG	PRIMARY_AND_OPTIONAL_RELATED	CLI_TEXT_AND_SCHEMA_V1	EXIT_0_SUCCESS_2_USAGE_3_SOURCE_OR_TOOLCHAIN	STABLE_CODE_NO_REUSE
15	NEBOC_DIAG_LEX_UNSUPPORTED_BLOCK_COMMENT	TYPED	OWNER_STAGE_ENCODED_BY_CATALOG	PRIMARY_AND_OPTIONAL_RELATED	CLI_TEXT_AND_SCHEMA_V1	EXIT_0_SUCCESS_2_USAGE_3_SOURCE_OR_TOOLCHAIN	STABLE_CODE_NO_REUSE
16	NEBOC_DIAG_PARSE_DUPLICATE_START	TYPED	OWNER_STAGE_ENCODED_BY_CATALOG	PRIMARY_AND_OPTIONAL_RELATED	CLI_TEXT_AND_SCHEMA_V1	EXIT_0_SUCCESS_2_USAGE_3_SOURCE_OR_TOOLCHAIN	STABLE_CODE_NO_REUSE
17	NEBOC_DIAG_PARSE_TOP_LEVEL_STATEMENT	TYPED	OWNER_STAGE_ENCODED_BY_CATALOG	PRIMARY_AND_OPTIONAL_RELATED	CLI_TEXT_AND_SCHEMA_V1	EXIT_0_SUCCESS_2_USAGE_3_SOURCE_OR_TOOLCHAIN	STABLE_CODE_NO_REUSE
18	NEBOC_DIAG_PARSE_NESTING_LIMIT	TYPED	OWNER_STAGE_ENCODED_BY_CATALOG	PRIMARY_AND_OPTIONAL_RELATED	CLI_TEXT_AND_SCHEMA_V1	EXIT_0_SUCCESS_2_USAGE_3_SOURCE_OR_TOOLCHAIN	STABLE_CODE_NO_REUSE
19	NEBOC_DIAG_PARSE_MISSING_START	TYPED	OWNER_STAGE_ENCODED_BY_CATALOG	PRIMARY_AND_OPTIONAL_RELATED	CLI_TEXT_AND_SCHEMA_V1	EXIT_0_SUCCESS_2_USAGE_3_SOURCE_OR_TOOLCHAIN	STABLE_CODE_NO_REUSE
20	NEBOC_DIAG_PARSE_UNSUPPORTED_CONTROL	TYPED	OWNER_STAGE_ENCODED_BY_CATALOG	PRIMARY_AND_OPTIONAL_RELATED	CLI_TEXT_AND_SCHEMA_V1	EXIT_0_SUCCESS_2_USAGE_3_SOURCE_OR_TOOLCHAIN	STABLE_CODE_NO_REUSE
21	NEBOC_DIAG_PARSE_INVALID_CONTROL_CHAIN	TYPED	OWNER_STAGE_ENCODED_BY_CATALOG	PRIMARY_AND_OPTIONAL_RELATED	CLI_TEXT_AND_SCHEMA_V1	EXIT_0_SUCCESS_2_USAGE_3_SOURCE_OR_TOOLCHAIN	STABLE_CODE_NO_REUSE
22	NEBOC_DIAG_PARSE_MISSING_SEMICOLON	TYPED	OWNER_STAGE_ENCODED_BY_CATALOG	PRIMARY_AND_OPTIONAL_RELATED	CLI_TEXT_AND_SCHEMA_V1	EXIT_0_SUCCESS_2_USAGE_3_SOURCE_OR_TOOLCHAIN	STABLE_CODE_NO_REUSE
23	NEBOC_DIAG_PARSE_UNEXPECTED_TOKEN	TYPED	OWNER_STAGE_ENCODED_BY_CATALOG	PRIMARY_AND_OPTIONAL_RELATED	CLI_TEXT_AND_SCHEMA_V1	EXIT_0_SUCCESS_2_USAGE_3_SOURCE_OR_TOOLCHAIN	STABLE_CODE_NO_REUSE
24	NEBOC_DIAG_NAME_DUPLICATE	TYPED	OWNER_STAGE_ENCODED_BY_CATALOG	PRIMARY_AND_OPTIONAL_RELATED	CLI_TEXT_AND_SCHEMA_V1	EXIT_0_SUCCESS_2_USAGE_3_SOURCE_OR_TOOLCHAIN	STABLE_CODE_NO_REUSE
25	NEBOC_DIAG_NAME_SHADOW	TYPED	OWNER_STAGE_ENCODED_BY_CATALOG	PRIMARY_AND_OPTIONAL_RELATED	CLI_TEXT_AND_SCHEMA_V1	EXIT_0_SUCCESS_2_USAGE_3_SOURCE_OR_TOOLCHAIN	STABLE_CODE_NO_REUSE
26	NEBOC_DIAG_NAME_RESERVED	TYPED	OWNER_STAGE_ENCODED_BY_CATALOG	PRIMARY_AND_OPTIONAL_RELATED	CLI_TEXT_AND_SCHEMA_V1	EXIT_0_SUCCESS_2_USAGE_3_SOURCE_OR_TOOLCHAIN	STABLE_CODE_NO_REUSE
27	NEBOC_DIAG_TYPE_TRUTHINESS	TYPED	OWNER_STAGE_ENCODED_BY_CATALOG	PRIMARY_AND_OPTIONAL_RELATED	CLI_TEXT_AND_SCHEMA_V1	EXIT_0_SUCCESS_2_USAGE_3_SOURCE_OR_TOOLCHAIN	STABLE_CODE_NO_REUSE
28	NEBOC_DIAG_TYPE_UNSUPPORTED_OPERATOR	TYPED	OWNER_STAGE_ENCODED_BY_CATALOG	PRIMARY_AND_OPTIONAL_RELATED	CLI_TEXT_AND_SCHEMA_V1	EXIT_0_SUCCESS_2_USAGE_3_SOURCE_OR_TOOLCHAIN	STABLE_CODE_NO_REUSE
29	NEBOC_DIAG_TYPE_CONSTANT_OVERFLOW	TYPED	OWNER_STAGE_ENCODED_BY_CATALOG	PRIMARY_AND_OPTIONAL_RELATED	CLI_TEXT_AND_SCHEMA_V1	EXIT_0_SUCCESS_2_USAGE_3_SOURCE_OR_TOOLCHAIN	STABLE_CODE_NO_REUSE
30	NEBOC_DIAG_TYPE_DIVISION_BY_ZERO	TYPED	OWNER_STAGE_ENCODED_BY_CATALOG	PRIMARY_AND_OPTIONAL_RELATED	CLI_TEXT_AND_SCHEMA_V1	EXIT_0_SUCCESS_2_USAGE_3_SOURCE_OR_TOOLCHAIN	STABLE_CODE_NO_REUSE
31	NEBOC_DIAG_TYPE_INCONSISTENT_RETURN	TYPED	OWNER_STAGE_ENCODED_BY_CATALOG	PRIMARY_AND_OPTIONAL_RELATED	CLI_TEXT_AND_SCHEMA_V1	EXIT_0_SUCCESS_2_USAGE_3_SOURCE_OR_TOOLCHAIN	STABLE_CODE_NO_REUSE
32	NEBOC_DIAG_TYPE_MISSING_RETURN	TYPED	OWNER_STAGE_ENCODED_BY_CATALOG	PRIMARY_AND_OPTIONAL_RELATED	CLI_TEXT_AND_SCHEMA_V1	EXIT_0_SUCCESS_2_USAGE_3_SOURCE_OR_TOOLCHAIN	STABLE_CODE_NO_REUSE
33	NEBOC_DIAG_TYPE_VOID_BINDING	TYPED	OWNER_STAGE_ENCODED_BY_CATALOG	PRIMARY_AND_OPTIONAL_RELATED	CLI_TEXT_AND_SCHEMA_V1	EXIT_0_SUCCESS_2_USAGE_3_SOURCE_OR_TOOLCHAIN	STABLE_CODE_NO_REUSE
34	NEBOC_DIAG_CALL_INVALID_RECEIVER	TYPED	OWNER_STAGE_ENCODED_BY_CATALOG	PRIMARY_AND_OPTIONAL_RELATED	CLI_TEXT_AND_SCHEMA_V1	EXIT_0_SUCCESS_2_USAGE_3_SOURCE_OR_TOOLCHAIN	STABLE_CODE_NO_REUSE
35	NEBOC_DIAG_CALL_ARITY	TYPED	OWNER_STAGE_ENCODED_BY_CATALOG	PRIMARY_AND_OPTIONAL_RELATED	CLI_TEXT_AND_SCHEMA_V1	EXIT_0_SUCCESS_2_USAGE_3_SOURCE_OR_TOOLCHAIN	STABLE_CODE_NO_REUSE
36	NEBOC_DIAG_CALL_ARGUMENT_TYPE	TYPED	OWNER_STAGE_ENCODED_BY_CATALOG	PRIMARY_AND_OPTIONAL_RELATED	CLI_TEXT_AND_SCHEMA_V1	EXIT_0_SUCCESS_2_USAGE_3_SOURCE_OR_TOOLCHAIN	STABLE_CODE_NO_REUSE
37	NEBOC_DIAG_CALL_RECURSION	TYPED	OWNER_STAGE_ENCODED_BY_CATALOG	PRIMARY_AND_OPTIONAL_RELATED	CLI_TEXT_AND_SCHEMA_V1	EXIT_0_SUCCESS_2_USAGE_3_SOURCE_OR_TOOLCHAIN	STABLE_CODE_NO_REUSE
38	NEBOC_DIAG_CALL_UNDEFINED	TYPED	OWNER_STAGE_ENCODED_BY_CATALOG	PRIMARY_AND_OPTIONAL_RELATED	CLI_TEXT_AND_SCHEMA_V1	EXIT_0_SUCCESS_2_USAGE_3_SOURCE_OR_TOOLCHAIN	STABLE_CODE_NO_REUSE
39	NEBOC_DIAG_CALL_NESTED_FUNCTION	TYPED	OWNER_STAGE_ENCODED_BY_CATALOG	PRIMARY_AND_OPTIONAL_RELATED	CLI_TEXT_AND_SCHEMA_V1	EXIT_0_SUCCESS_2_USAGE_3_SOURCE_OR_TOOLCHAIN	STABLE_CODE_NO_REUSE
40	NEBOC_DIAG_CALL_DUPLICATE_SIGNATURE	TYPED	OWNER_STAGE_ENCODED_BY_CATALOG	PRIMARY_AND_OPTIONAL_RELATED	CLI_TEXT_AND_SCHEMA_V1	EXIT_0_SUCCESS_2_USAGE_3_SOURCE_OR_TOOLCHAIN	STABLE_CODE_NO_REUSE
41	NEBOC_DIAG_BEHAVIOR_UNSUPPORTED	TYPED	OWNER_STAGE_ENCODED_BY_CATALOG	PRIMARY_AND_OPTIONAL_RELATED	CLI_TEXT_AND_SCHEMA_V1	EXIT_0_SUCCESS_2_USAGE_3_SOURCE_OR_TOOLCHAIN	STABLE_CODE_NO_REUSE
42	NEBOC_DIAG_BEHAVIOR_CONFLICT	TYPED	OWNER_STAGE_ENCODED_BY_CATALOG	PRIMARY_AND_OPTIONAL_RELATED	CLI_TEXT_AND_SCHEMA_V1	EXIT_0_SUCCESS_2_USAGE_3_SOURCE_OR_TOOLCHAIN	STABLE_CODE_NO_REUSE
43	NEBOC_DIAG_BEHAVIOR_EFFECTFUL	TYPED	OWNER_STAGE_ENCODED_BY_CATALOG	PRIMARY_AND_OPTIONAL_RELATED	CLI_TEXT_AND_SCHEMA_V1	EXIT_0_SUCCESS_2_USAGE_3_SOURCE_OR_TOOLCHAIN	STABLE_CODE_NO_REUSE
44	NEBOC_DIAG_CONTROL_CONDITION_TYPE	TYPED	OWNER_STAGE_ENCODED_BY_CATALOG	PRIMARY_AND_OPTIONAL_RELATED	CLI_TEXT_AND_SCHEMA_V1	EXIT_0_SUCCESS_2_USAGE_3_SOURCE_OR_TOOLCHAIN	STABLE_CODE_NO_REUSE
45	NEBOC_DIAG_CONTROL_BRANCH_SCOPE	TYPED	OWNER_STAGE_ENCODED_BY_CATALOG	PRIMARY_AND_OPTIONAL_RELATED	CLI_TEXT_AND_SCHEMA_V1	EXIT_0_SUCCESS_2_USAGE_3_SOURCE_OR_TOOLCHAIN	STABLE_CODE_NO_REUSE
46	NEBOC_DIAG_EFFECT_THREAD_CAPABILITY	TYPED	OWNER_STAGE_ENCODED_BY_CATALOG	PRIMARY_AND_OPTIONAL_RELATED	CLI_TEXT_AND_SCHEMA_V1	EXIT_0_SUCCESS_2_USAGE_3_SOURCE_OR_TOOLCHAIN	STABLE_CODE_NO_REUSE
47	neboc_effects_capabilities_e_politicas_DIAG_LEX_diagnostics	TYPED	OWNER_STAGE_ENCODED_BY_CATALOG	PRIMARY_AND_OPTIONAL_RELATED	CLI_TEXT_AND_SCHEMA_V1	EXIT_0_SUCCESS_2_USAGE_3_SOURCE_OR_TOOLCHAIN	STABLE_CODE_NO_REUSE
48	neboc_effects_capabilities_e_politicas_DIAG_PARSE_diagnostics	TYPED	OWNER_STAGE_ENCODED_BY_CATALOG	PRIMARY_AND_OPTIONAL_RELATED	CLI_TEXT_AND_SCHEMA_V1	EXIT_0_SUCCESS_2_USAGE_3_SOURCE_OR_TOOLCHAIN	STABLE_CODE_NO_REUSE
49	neboc_effects_capabilities_e_politicas_DIAG_TYPE_diagnostics	TYPED	OWNER_STAGE_ENCODED_BY_CATALOG	PRIMARY_AND_OPTIONAL_RELATED	CLI_TEXT_AND_SCHEMA_V1	EXIT_0_SUCCESS_2_USAGE_3_SOURCE_OR_TOOLCHAIN	STABLE_CODE_NO_REUSE
50	neboc_effects_capabilities_e_politicas_DIAG_CODEGEN_diagnostics	TYPED	OWNER_STAGE_ENCODED_BY_CATALOG	PRIMARY_AND_OPTIONAL_RELATED	CLI_TEXT_AND_SCHEMA_V1	EXIT_0_SUCCESS_2_USAGE_3_SOURCE_OR_TOOLCHAIN	STABLE_CODE_NO_REUSE
51	neboc_effects_capabilities_e_politicas_DIAG_RUNTIME_diagnostics	TYPED	OWNER_STAGE_ENCODED_BY_CATALOG	PRIMARY_AND_OPTIONAL_RELATED	CLI_TEXT_AND_SCHEMA_V1	EXIT_0_SUCCESS_2_USAGE_3_SOURCE_OR_TOOLCHAIN	STABLE_CODE_NO_REUSE
52	neboc_effects_capabilities_e_politicas_DIAG_SECURITY_diagnostics	TYPED	OWNER_STAGE_ENCODED_BY_CATALOG	PRIMARY_AND_OPTIONAL_RELATED	CLI_TEXT_AND_SCHEMA_V1	EXIT_0_SUCCESS_2_USAGE_3_SOURCE_OR_TOOLCHAIN	STABLE_CODE_NO_REUSE
53	neboc_privacidade_dados_sensiveis_e_zero_trust_DIAG_LEX_diagnostics	TYPED	OWNER_STAGE_ENCODED_BY_CATALOG	PRIMARY_AND_OPTIONAL_RELATED	CLI_TEXT_AND_SCHEMA_V1	EXIT_0_SUCCESS_2_USAGE_3_SOURCE_OR_TOOLCHAIN	STABLE_CODE_NO_REUSE
54	neboc_privacidade_dados_sensiveis_e_zero_trust_DIAG_PARSE_diagnostics	TYPED	OWNER_STAGE_ENCODED_BY_CATALOG	PRIMARY_AND_OPTIONAL_RELATED	CLI_TEXT_AND_SCHEMA_V1	EXIT_0_SUCCESS_2_USAGE_3_SOURCE_OR_TOOLCHAIN	STABLE_CODE_NO_REUSE
55	neboc_privacidade_dados_sensiveis_e_zero_trust_DIAG_TYPE_diagnostics	TYPED	OWNER_STAGE_ENCODED_BY_CATALOG	PRIMARY_AND_OPTIONAL_RELATED	CLI_TEXT_AND_SCHEMA_V1	EXIT_0_SUCCESS_2_USAGE_3_SOURCE_OR_TOOLCHAIN	STABLE_CODE_NO_REUSE
56	neboc_privacidade_dados_sensiveis_e_zero_trust_DIAG_CODEGEN_diagnostics	TYPED	OWNER_STAGE_ENCODED_BY_CATALOG	PRIMARY_AND_OPTIONAL_RELATED	CLI_TEXT_AND_SCHEMA_V1	EXIT_0_SUCCESS_2_USAGE_3_SOURCE_OR_TOOLCHAIN	STABLE_CODE_NO_REUSE
57	neboc_privacidade_dados_sensiveis_e_zero_trust_DIAG_RUNTIME_diagnostics	TYPED	OWNER_STAGE_ENCODED_BY_CATALOG	PRIMARY_AND_OPTIONAL_RELATED	CLI_TEXT_AND_SCHEMA_V1	EXIT_0_SUCCESS_2_USAGE_3_SOURCE_OR_TOOLCHAIN	STABLE_CODE_NO_REUSE
58	neboc_privacidade_dados_sensiveis_e_zero_trust_DIAG_SECURITY_diagnostics	TYPED	OWNER_STAGE_ENCODED_BY_CATALOG	PRIMARY_AND_OPTIONAL_RELATED	CLI_TEXT_AND_SCHEMA_V1	EXIT_0_SUCCESS_2_USAGE_3_SOURCE_OR_TOOLCHAIN	STABLE_CODE_NO_REUSE
59	neboc_quality_confidence_e_lineage_DIAG_LEX_diagnostics	TYPED	OWNER_STAGE_ENCODED_BY_CATALOG	PRIMARY_AND_OPTIONAL_RELATED	CLI_TEXT_AND_SCHEMA_V1	EXIT_0_SUCCESS_2_USAGE_3_SOURCE_OR_TOOLCHAIN	STABLE_CODE_NO_REUSE
60	neboc_quality_confidence_e_lineage_DIAG_PARSE_diagnostics	TYPED	OWNER_STAGE_ENCODED_BY_CATALOG	PRIMARY_AND_OPTIONAL_RELATED	CLI_TEXT_AND_SCHEMA_V1	EXIT_0_SUCCESS_2_USAGE_3_SOURCE_OR_TOOLCHAIN	STABLE_CODE_NO_REUSE
61	neboc_quality_confidence_e_lineage_DIAG_TYPE_diagnostics	TYPED	OWNER_STAGE_ENCODED_BY_CATALOG	PRIMARY_AND_OPTIONAL_RELATED	CLI_TEXT_AND_SCHEMA_V1	EXIT_0_SUCCESS_2_USAGE_3_SOURCE_OR_TOOLCHAIN	STABLE_CODE_NO_REUSE
62	neboc_quality_confidence_e_lineage_DIAG_CODEGEN_diagnostics	TYPED	OWNER_STAGE_ENCODED_BY_CATALOG	PRIMARY_AND_OPTIONAL_RELATED	CLI_TEXT_AND_SCHEMA_V1	EXIT_0_SUCCESS_2_USAGE_3_SOURCE_OR_TOOLCHAIN	STABLE_CODE_NO_REUSE
63	neboc_quality_confidence_e_lineage_DIAG_RUNTIME_diagnostics	TYPED	OWNER_STAGE_ENCODED_BY_CATALOG	PRIMARY_AND_OPTIONAL_RELATED	CLI_TEXT_AND_SCHEMA_V1	EXIT_0_SUCCESS_2_USAGE_3_SOURCE_OR_TOOLCHAIN	STABLE_CODE_NO_REUSE
64	neboc_quality_confidence_e_lineage_DIAG_SECURITY_diagnostics	TYPED	OWNER_STAGE_ENCODED_BY_CATALOG	PRIMARY_AND_OPTIONAL_RELATED	CLI_TEXT_AND_SCHEMA_V1	EXIT_0_SUCCESS_2_USAGE_3_SOURCE_OR_TOOLCHAIN	STABLE_CODE_NO_REUSE
65	neboc_memoria_ownership_lifetimes_e_recursos_DIAG_LEX_diagnostics	TYPED	OWNER_STAGE_ENCODED_BY_CATALOG	PRIMARY_AND_OPTIONAL_RELATED	CLI_TEXT_AND_SCHEMA_V1	EXIT_0_SUCCESS_2_USAGE_3_SOURCE_OR_TOOLCHAIN	STABLE_CODE_NO_REUSE
66	neboc_memoria_ownership_lifetimes_e_recursos_DIAG_PARSE_diagnostics	TYPED	OWNER_STAGE_ENCODED_BY_CATALOG	PRIMARY_AND_OPTIONAL_RELATED	CLI_TEXT_AND_SCHEMA_V1	EXIT_0_SUCCESS_2_USAGE_3_SOURCE_OR_TOOLCHAIN	STABLE_CODE_NO_REUSE
67	neboc_memoria_ownership_lifetimes_e_recursos_DIAG_TYPE_diagnostics	TYPED	OWNER_STAGE_ENCODED_BY_CATALOG	PRIMARY_AND_OPTIONAL_RELATED	CLI_TEXT_AND_SCHEMA_V1	EXIT_0_SUCCESS_2_USAGE_3_SOURCE_OR_TOOLCHAIN	STABLE_CODE_NO_REUSE
68	neboc_memoria_ownership_lifetimes_e_recursos_DIAG_CODEGEN_diagnostics	TYPED	OWNER_STAGE_ENCODED_BY_CATALOG	PRIMARY_AND_OPTIONAL_RELATED	CLI_TEXT_AND_SCHEMA_V1	EXIT_0_SUCCESS_2_USAGE_3_SOURCE_OR_TOOLCHAIN	STABLE_CODE_NO_REUSE
69	neboc_memoria_ownership_lifetimes_e_recursos_DIAG_RUNTIME_diagnostics	TYPED	OWNER_STAGE_ENCODED_BY_CATALOG	PRIMARY_AND_OPTIONAL_RELATED	CLI_TEXT_AND_SCHEMA_V1	EXIT_0_SUCCESS_2_USAGE_3_SOURCE_OR_TOOLCHAIN	STABLE_CODE_NO_REUSE
70	neboc_memoria_ownership_lifetimes_e_recursos_DIAG_SECURITY_diagnostics	TYPED	OWNER_STAGE_ENCODED_BY_CATALOG	PRIMARY_AND_OPTIONAL_RELATED	CLI_TEXT_AND_SCHEMA_V1	EXIT_0_SUCCESS_2_USAGE_3_SOURCE_OR_TOOLCHAIN	STABLE_CODE_NO_REUSE
71	neboc_imports_modulos_namespaces_e_api_publica_DIAG_LEX_diagnostics	TYPED	OWNER_STAGE_ENCODED_BY_CATALOG	PRIMARY_AND_OPTIONAL_RELATED	CLI_TEXT_AND_SCHEMA_V1	EXIT_0_SUCCESS_2_USAGE_3_SOURCE_OR_TOOLCHAIN	STABLE_CODE_NO_REUSE
72	neboc_imports_modulos_namespaces_e_api_publica_DIAG_PARSE_diagnostics	TYPED	OWNER_STAGE_ENCODED_BY_CATALOG	PRIMARY_AND_OPTIONAL_RELATED	CLI_TEXT_AND_SCHEMA_V1	EXIT_0_SUCCESS_2_USAGE_3_SOURCE_OR_TOOLCHAIN	STABLE_CODE_NO_REUSE
73	neboc_imports_modulos_namespaces_e_api_publica_DIAG_TYPE_diagnostics	TYPED	OWNER_STAGE_ENCODED_BY_CATALOG	PRIMARY_AND_OPTIONAL_RELATED	CLI_TEXT_AND_SCHEMA_V1	EXIT_0_SUCCESS_2_USAGE_3_SOURCE_OR_TOOLCHAIN	STABLE_CODE_NO_REUSE
74	neboc_imports_modulos_namespaces_e_api_publica_DIAG_CODEGEN_diagnostics	TYPED	OWNER_STAGE_ENCODED_BY_CATALOG	PRIMARY_AND_OPTIONAL_RELATED	CLI_TEXT_AND_SCHEMA_V1	EXIT_0_SUCCESS_2_USAGE_3_SOURCE_OR_TOOLCHAIN	STABLE_CODE_NO_REUSE
75	neboc_imports_modulos_namespaces_e_api_publica_DIAG_RUNTIME_diagnostics	TYPED	OWNER_STAGE_ENCODED_BY_CATALOG	PRIMARY_AND_OPTIONAL_RELATED	CLI_TEXT_AND_SCHEMA_V1	EXIT_0_SUCCESS_2_USAGE_3_SOURCE_OR_TOOLCHAIN	STABLE_CODE_NO_REUSE
76	neboc_imports_modulos_namespaces_e_api_publica_DIAG_SECURITY_diagnostics	TYPED	OWNER_STAGE_ENCODED_BY_CATALOG	PRIMARY_AND_OPTIONAL_RELATED	CLI_TEXT_AND_SCHEMA_V1	EXIT_0_SUCCESS_2_USAGE_3_SOURCE_OR_TOOLCHAIN	STABLE_CODE_NO_REUSE
77	neboc_packages_registry_lockfile_e_supply_chain_DIAG_LEX_diagnostics	TYPED	OWNER_STAGE_ENCODED_BY_CATALOG	PRIMARY_AND_OPTIONAL_RELATED	CLI_TEXT_AND_SCHEMA_V1	EXIT_0_SUCCESS_2_USAGE_3_SOURCE_OR_TOOLCHAIN	STABLE_CODE_NO_REUSE
78	neboc_packages_registry_lockfile_e_supply_chain_DIAG_PARSE_diagnostics	TYPED	OWNER_STAGE_ENCODED_BY_CATALOG	PRIMARY_AND_OPTIONAL_RELATED	CLI_TEXT_AND_SCHEMA_V1	EXIT_0_SUCCESS_2_USAGE_3_SOURCE_OR_TOOLCHAIN	STABLE_CODE_NO_REUSE
79	neboc_packages_registry_lockfile_e_supply_chain_DIAG_TYPE_diagnostics	TYPED	OWNER_STAGE_ENCODED_BY_CATALOG	PRIMARY_AND_OPTIONAL_RELATED	CLI_TEXT_AND_SCHEMA_V1	EXIT_0_SUCCESS_2_USAGE_3_SOURCE_OR_TOOLCHAIN	STABLE_CODE_NO_REUSE
80	neboc_packages_registry_lockfile_e_supply_chain_DIAG_CODEGEN_diagnostics	TYPED	OWNER_STAGE_ENCODED_BY_CATALOG	PRIMARY_AND_OPTIONAL_RELATED	CLI_TEXT_AND_SCHEMA_V1	EXIT_0_SUCCESS_2_USAGE_3_SOURCE_OR_TOOLCHAIN	STABLE_CODE_NO_REUSE
81	neboc_packages_registry_lockfile_e_supply_chain_DIAG_RUNTIME_diagnostics	TYPED	OWNER_STAGE_ENCODED_BY_CATALOG	PRIMARY_AND_OPTIONAL_RELATED	CLI_TEXT_AND_SCHEMA_V1	EXIT_0_SUCCESS_2_USAGE_3_SOURCE_OR_TOOLCHAIN	STABLE_CODE_NO_REUSE
82	neboc_packages_registry_lockfile_e_supply_chain_DIAG_SECURITY_diagnostics	TYPED	OWNER_STAGE_ENCODED_BY_CATALOG	PRIMARY_AND_OPTIONAL_RELATED	CLI_TEXT_AND_SCHEMA_V1	EXIT_0_SUCCESS_2_USAGE_3_SOURCE_OR_TOOLCHAIN	STABLE_CODE_NO_REUSE
83	neboc_biblioteca_padrao_por_dominios_DIAG_LEX_diagnostics	TYPED	OWNER_STAGE_ENCODED_BY_CATALOG	PRIMARY_AND_OPTIONAL_RELATED	CLI_TEXT_AND_SCHEMA_V1	EXIT_0_SUCCESS_2_USAGE_3_SOURCE_OR_TOOLCHAIN	STABLE_CODE_NO_REUSE
84	neboc_biblioteca_padrao_por_dominios_DIAG_PARSE_diagnostics	TYPED	OWNER_STAGE_ENCODED_BY_CATALOG	PRIMARY_AND_OPTIONAL_RELATED	CLI_TEXT_AND_SCHEMA_V1	EXIT_0_SUCCESS_2_USAGE_3_SOURCE_OR_TOOLCHAIN	STABLE_CODE_NO_REUSE
85	neboc_biblioteca_padrao_por_dominios_DIAG_TYPE_diagnostics	TYPED	OWNER_STAGE_ENCODED_BY_CATALOG	PRIMARY_AND_OPTIONAL_RELATED	CLI_TEXT_AND_SCHEMA_V1	EXIT_0_SUCCESS_2_USAGE_3_SOURCE_OR_TOOLCHAIN	STABLE_CODE_NO_REUSE
86	neboc_biblioteca_padrao_por_dominios_DIAG_CODEGEN_diagnostics	TYPED	OWNER_STAGE_ENCODED_BY_CATALOG	PRIMARY_AND_OPTIONAL_RELATED	CLI_TEXT_AND_SCHEMA_V1	EXIT_0_SUCCESS_2_USAGE_3_SOURCE_OR_TOOLCHAIN	STABLE_CODE_NO_REUSE
87	neboc_biblioteca_padrao_por_dominios_DIAG_RUNTIME_diagnostics	TYPED	OWNER_STAGE_ENCODED_BY_CATALOG	PRIMARY_AND_OPTIONAL_RELATED	CLI_TEXT_AND_SCHEMA_V1	EXIT_0_SUCCESS_2_USAGE_3_SOURCE_OR_TOOLCHAIN	STABLE_CODE_NO_REUSE
88	neboc_biblioteca_padrao_por_dominios_DIAG_SECURITY_diagnostics	TYPED	OWNER_STAGE_ENCODED_BY_CATALOG	PRIMARY_AND_OPTIONAL_RELATED	CLI_TEXT_AND_SCHEMA_V1	EXIT_0_SUCCESS_2_USAGE_3_SOURCE_OR_TOOLCHAIN	STABLE_CODE_NO_REUSE
89	neboc_filesystem_paths_e_formatos_DIAG_LEX_diagnostics	TYPED	OWNER_STAGE_ENCODED_BY_CATALOG	PRIMARY_AND_OPTIONAL_RELATED	CLI_TEXT_AND_SCHEMA_V1	EXIT_0_SUCCESS_2_USAGE_3_SOURCE_OR_TOOLCHAIN	STABLE_CODE_NO_REUSE
90	neboc_filesystem_paths_e_formatos_DIAG_PARSE_diagnostics	TYPED	OWNER_STAGE_ENCODED_BY_CATALOG	PRIMARY_AND_OPTIONAL_RELATED	CLI_TEXT_AND_SCHEMA_V1	EXIT_0_SUCCESS_2_USAGE_3_SOURCE_OR_TOOLCHAIN	STABLE_CODE_NO_REUSE
91	neboc_filesystem_paths_e_formatos_DIAG_TYPE_diagnostics	TYPED	OWNER_STAGE_ENCODED_BY_CATALOG	PRIMARY_AND_OPTIONAL_RELATED	CLI_TEXT_AND_SCHEMA_V1	EXIT_0_SUCCESS_2_USAGE_3_SOURCE_OR_TOOLCHAIN	STABLE_CODE_NO_REUSE
92	neboc_filesystem_paths_e_formatos_DIAG_CODEGEN_diagnostics	TYPED	OWNER_STAGE_ENCODED_BY_CATALOG	PRIMARY_AND_OPTIONAL_RELATED	CLI_TEXT_AND_SCHEMA_V1	EXIT_0_SUCCESS_2_USAGE_3_SOURCE_OR_TOOLCHAIN	STABLE_CODE_NO_REUSE
93	neboc_filesystem_paths_e_formatos_DIAG_RUNTIME_diagnostics	TYPED	OWNER_STAGE_ENCODED_BY_CATALOG	PRIMARY_AND_OPTIONAL_RELATED	CLI_TEXT_AND_SCHEMA_V1	EXIT_0_SUCCESS_2_USAGE_3_SOURCE_OR_TOOLCHAIN	STABLE_CODE_NO_REUSE
94	neboc_filesystem_paths_e_formatos_DIAG_SECURITY_diagnostics	TYPED	OWNER_STAGE_ENCODED_BY_CATALOG	PRIMARY_AND_OPTIONAL_RELATED	CLI_TEXT_AND_SCHEMA_V1	EXIT_0_SUCCESS_2_USAGE_3_SOURCE_OR_TOOLCHAIN	STABLE_CODE_NO_REUSE
95	neboc_rede_e_protocolos_DIAG_LEX_diagnostics	TYPED	OWNER_STAGE_ENCODED_BY_CATALOG	PRIMARY_AND_OPTIONAL_RELATED	CLI_TEXT_AND_SCHEMA_V1	EXIT_0_SUCCESS_2_USAGE_3_SOURCE_OR_TOOLCHAIN	STABLE_CODE_NO_REUSE
96	neboc_rede_e_protocolos_DIAG_PARSE_diagnostics	TYPED	OWNER_STAGE_ENCODED_BY_CATALOG	PRIMARY_AND_OPTIONAL_RELATED	CLI_TEXT_AND_SCHEMA_V1	EXIT_0_SUCCESS_2_USAGE_3_SOURCE_OR_TOOLCHAIN	STABLE_CODE_NO_REUSE
97	neboc_rede_e_protocolos_DIAG_TYPE_diagnostics	TYPED	OWNER_STAGE_ENCODED_BY_CATALOG	PRIMARY_AND_OPTIONAL_RELATED	CLI_TEXT_AND_SCHEMA_V1	EXIT_0_SUCCESS_2_USAGE_3_SOURCE_OR_TOOLCHAIN	STABLE_CODE_NO_REUSE
98	neboc_rede_e_protocolos_DIAG_CODEGEN_diagnostics	TYPED	OWNER_STAGE_ENCODED_BY_CATALOG	PRIMARY_AND_OPTIONAL_RELATED	CLI_TEXT_AND_SCHEMA_V1	EXIT_0_SUCCESS_2_USAGE_3_SOURCE_OR_TOOLCHAIN	STABLE_CODE_NO_REUSE
99	neboc_rede_e_protocolos_DIAG_RUNTIME_diagnostics	TYPED	OWNER_STAGE_ENCODED_BY_CATALOG	PRIMARY_AND_OPTIONAL_RELATED	CLI_TEXT_AND_SCHEMA_V1	EXIT_0_SUCCESS_2_USAGE_3_SOURCE_OR_TOOLCHAIN	STABLE_CODE_NO_REUSE
100	neboc_rede_e_protocolos_DIAG_SECURITY_diagnostics	TYPED	OWNER_STAGE_ENCODED_BY_CATALOG	PRIMARY_AND_OPTIONAL_RELATED	CLI_TEXT_AND_SCHEMA_V1	EXIT_0_SUCCESS_2_USAGE_3_SOURCE_OR_TOOLCHAIN	STABLE_CODE_NO_REUSE
101	neboc_console_visual_dashboard_e_plots_DIAG_LEX_diagnostics	TYPED	OWNER_STAGE_ENCODED_BY_CATALOG	PRIMARY_AND_OPTIONAL_RELATED	CLI_TEXT_AND_SCHEMA_V1	EXIT_0_SUCCESS_2_USAGE_3_SOURCE_OR_TOOLCHAIN	STABLE_CODE_NO_REUSE
102	neboc_console_visual_dashboard_e_plots_DIAG_PARSE_diagnostics	TYPED	OWNER_STAGE_ENCODED_BY_CATALOG	PRIMARY_AND_OPTIONAL_RELATED	CLI_TEXT_AND_SCHEMA_V1	EXIT_0_SUCCESS_2_USAGE_3_SOURCE_OR_TOOLCHAIN	STABLE_CODE_NO_REUSE
103	neboc_console_visual_dashboard_e_plots_DIAG_TYPE_diagnostics	TYPED	OWNER_STAGE_ENCODED_BY_CATALOG	PRIMARY_AND_OPTIONAL_RELATED	CLI_TEXT_AND_SCHEMA_V1	EXIT_0_SUCCESS_2_USAGE_3_SOURCE_OR_TOOLCHAIN	STABLE_CODE_NO_REUSE
104	neboc_console_visual_dashboard_e_plots_DIAG_CODEGEN_diagnostics	TYPED	OWNER_STAGE_ENCODED_BY_CATALOG	PRIMARY_AND_OPTIONAL_RELATED	CLI_TEXT_AND_SCHEMA_V1	EXIT_0_SUCCESS_2_USAGE_3_SOURCE_OR_TOOLCHAIN	STABLE_CODE_NO_REUSE
105	neboc_console_visual_dashboard_e_plots_DIAG_RUNTIME_diagnostics	TYPED	OWNER_STAGE_ENCODED_BY_CATALOG	PRIMARY_AND_OPTIONAL_RELATED	CLI_TEXT_AND_SCHEMA_V1	EXIT_0_SUCCESS_2_USAGE_3_SOURCE_OR_TOOLCHAIN	STABLE_CODE_NO_REUSE
106	neboc_console_visual_dashboard_e_plots_DIAG_SECURITY_diagnostics	TYPED	OWNER_STAGE_ENCODED_BY_CATALOG	PRIMARY_AND_OPTIONAL_RELATED	CLI_TEXT_AND_SCHEMA_V1	EXIT_0_SUCCESS_2_USAGE_3_SOURCE_OR_TOOLCHAIN	STABLE_CODE_NO_REUSE
107	neboc_media_imagem_audio_e_video_DIAG_LEX_diagnostics	TYPED	OWNER_STAGE_ENCODED_BY_CATALOG	PRIMARY_AND_OPTIONAL_RELATED	CLI_TEXT_AND_SCHEMA_V1	EXIT_0_SUCCESS_2_USAGE_3_SOURCE_OR_TOOLCHAIN	STABLE_CODE_NO_REUSE
108	neboc_media_imagem_audio_e_video_DIAG_PARSE_diagnostics	TYPED	OWNER_STAGE_ENCODED_BY_CATALOG	PRIMARY_AND_OPTIONAL_RELATED	CLI_TEXT_AND_SCHEMA_V1	EXIT_0_SUCCESS_2_USAGE_3_SOURCE_OR_TOOLCHAIN	STABLE_CODE_NO_REUSE
109	neboc_media_imagem_audio_e_video_DIAG_TYPE_diagnostics	TYPED	OWNER_STAGE_ENCODED_BY_CATALOG	PRIMARY_AND_OPTIONAL_RELATED	CLI_TEXT_AND_SCHEMA_V1	EXIT_0_SUCCESS_2_USAGE_3_SOURCE_OR_TOOLCHAIN	STABLE_CODE_NO_REUSE
110	neboc_media_imagem_audio_e_video_DIAG_CODEGEN_diagnostics	TYPED	OWNER_STAGE_ENCODED_BY_CATALOG	PRIMARY_AND_OPTIONAL_RELATED	CLI_TEXT_AND_SCHEMA_V1	EXIT_0_SUCCESS_2_USAGE_3_SOURCE_OR_TOOLCHAIN	STABLE_CODE_NO_REUSE
111	neboc_media_imagem_audio_e_video_DIAG_RUNTIME_diagnostics	TYPED	OWNER_STAGE_ENCODED_BY_CATALOG	PRIMARY_AND_OPTIONAL_RELATED	CLI_TEXT_AND_SCHEMA_V1	EXIT_0_SUCCESS_2_USAGE_3_SOURCE_OR_TOOLCHAIN	STABLE_CODE_NO_REUSE
112	neboc_media_imagem_audio_e_video_DIAG_SECURITY_diagnostics	TYPED	OWNER_STAGE_ENCODED_BY_CATALOG	PRIMARY_AND_OPTIONAL_RELATED	CLI_TEXT_AND_SCHEMA_V1	EXIT_0_SUCCESS_2_USAGE_3_SOURCE_OR_TOOLCHAIN	STABLE_CODE_NO_REUSE
113	neboc_machine_learning_neuron_network_e_model_DIAG_LEX	TYPED	OWNER_STAGE_ENCODED_BY_CATALOG	PRIMARY_AND_OPTIONAL_RELATED	CLI_TEXT_AND_SCHEMA_V1	EXIT_0_SUCCESS_2_USAGE_3_SOURCE_OR_TOOLCHAIN	STABLE_CODE_NO_REUSE
114	neboc_machine_learning_neuron_network_e_model_DIAG_PARSE_diagnostics	TYPED	OWNER_STAGE_ENCODED_BY_CATALOG	PRIMARY_AND_OPTIONAL_RELATED	CLI_TEXT_AND_SCHEMA_V1	EXIT_0_SUCCESS_2_USAGE_3_SOURCE_OR_TOOLCHAIN	STABLE_CODE_NO_REUSE
115	neboc_machine_learning_neuron_network_e_model_DIAG_TYPE_diagnostics	TYPED	OWNER_STAGE_ENCODED_BY_CATALOG	PRIMARY_AND_OPTIONAL_RELATED	CLI_TEXT_AND_SCHEMA_V1	EXIT_0_SUCCESS_2_USAGE_3_SOURCE_OR_TOOLCHAIN	STABLE_CODE_NO_REUSE
116	neboc_machine_learning_neuron_network_e_model_DIAG_CODEGEN	TYPED	OWNER_STAGE_ENCODED_BY_CATALOG	PRIMARY_AND_OPTIONAL_RELATED	CLI_TEXT_AND_SCHEMA_V1	EXIT_0_SUCCESS_2_USAGE_3_SOURCE_OR_TOOLCHAIN	STABLE_CODE_NO_REUSE
117	neboc_machine_learning_neuron_network_e_model_DIAG_RUNTIME_diagnostics	TYPED	OWNER_STAGE_ENCODED_BY_CATALOG	PRIMARY_AND_OPTIONAL_RELATED	CLI_TEXT_AND_SCHEMA_V1	EXIT_0_SUCCESS_2_USAGE_3_SOURCE_OR_TOOLCHAIN	STABLE_CODE_NO_REUSE
118	neboc_machine_learning_neuron_network_e_model_DIAG_SECURITY_diagnostics	TYPED	OWNER_STAGE_ENCODED_BY_CATALOG	PRIMARY_AND_OPTIONAL_RELATED	CLI_TEXT_AND_SCHEMA_V1	EXIT_0_SUCCESS_2_USAGE_3_SOURCE_OR_TOOLCHAIN	STABLE_CODE_NO_REUSE
119	neboc_gpu_e_computacao_acelerada_DIAG_LEX	TYPED	OWNER_STAGE_ENCODED_BY_CATALOG	PRIMARY_AND_OPTIONAL_RELATED	CLI_TEXT_AND_SCHEMA_V1	EXIT_0_SUCCESS_2_USAGE_3_SOURCE_OR_TOOLCHAIN	STABLE_CODE_NO_REUSE
120	neboc_gpu_e_computacao_acelerada_DIAG_PARSE	TYPED	OWNER_STAGE_ENCODED_BY_CATALOG	PRIMARY_AND_OPTIONAL_RELATED	CLI_TEXT_AND_SCHEMA_V1	EXIT_0_SUCCESS_2_USAGE_3_SOURCE_OR_TOOLCHAIN	STABLE_CODE_NO_REUSE
121	neboc_gpu_e_computacao_acelerada_DIAG_TYPE	TYPED	OWNER_STAGE_ENCODED_BY_CATALOG	PRIMARY_AND_OPTIONAL_RELATED	CLI_TEXT_AND_SCHEMA_V1	EXIT_0_SUCCESS_2_USAGE_3_SOURCE_OR_TOOLCHAIN	STABLE_CODE_NO_REUSE
122	neboc_gpu_e_computacao_acelerada_DIAG_CODEGEN	TYPED	OWNER_STAGE_ENCODED_BY_CATALOG	PRIMARY_AND_OPTIONAL_RELATED	CLI_TEXT_AND_SCHEMA_V1	EXIT_0_SUCCESS_2_USAGE_3_SOURCE_OR_TOOLCHAIN	STABLE_CODE_NO_REUSE
123	neboc_gpu_e_computacao_acelerada_DIAG_RUNTIME	TYPED	OWNER_STAGE_ENCODED_BY_CATALOG	PRIMARY_AND_OPTIONAL_RELATED	CLI_TEXT_AND_SCHEMA_V1	EXIT_0_SUCCESS_2_USAGE_3_SOURCE_OR_TOOLCHAIN	STABLE_CODE_NO_REUSE
124	neboc_gpu_e_computacao_acelerada_DIAG_SECURITY	TYPED	OWNER_STAGE_ENCODED_BY_CATALOG	PRIMARY_AND_OPTIONAL_RELATED	CLI_TEXT_AND_SCHEMA_V1	EXIT_0_SUCCESS_2_USAGE_3_SOURCE_OR_TOOLCHAIN	STABLE_CODE_NO_REUSE
125	neboc_runtime_distribuido_e_streaming_distribuido_DIAG_LEX	TYPED	OWNER_STAGE_ENCODED_BY_CATALOG	PRIMARY_AND_OPTIONAL_RELATED	CLI_TEXT_AND_SCHEMA_V1	EXIT_0_SUCCESS_2_USAGE_3_SOURCE_OR_TOOLCHAIN	STABLE_CODE_NO_REUSE
126	neboc_runtime_distribuido_e_streaming_distribuido_DIAG_PARSE	TYPED	OWNER_STAGE_ENCODED_BY_CATALOG	PRIMARY_AND_OPTIONAL_RELATED	CLI_TEXT_AND_SCHEMA_V1	EXIT_0_SUCCESS_2_USAGE_3_SOURCE_OR_TOOLCHAIN	STABLE_CODE_NO_REUSE
127	neboc_runtime_distribuido_e_streaming_distribuido_DIAG_TYPE	TYPED	OWNER_STAGE_ENCODED_BY_CATALOG	PRIMARY_AND_OPTIONAL_RELATED	CLI_TEXT_AND_SCHEMA_V1	EXIT_0_SUCCESS_2_USAGE_3_SOURCE_OR_TOOLCHAIN	STABLE_CODE_NO_REUSE
128	neboc_runtime_distribuido_e_streaming_distribuido_DIAG_CODEGEN	TYPED	OWNER_STAGE_ENCODED_BY_CATALOG	PRIMARY_AND_OPTIONAL_RELATED	CLI_TEXT_AND_SCHEMA_V1	EXIT_0_SUCCESS_2_USAGE_3_SOURCE_OR_TOOLCHAIN	STABLE_CODE_NO_REUSE
129	neboc_runtime_distribuido_e_streaming_distribuido_DIAG_RUNTIME	TYPED	OWNER_STAGE_ENCODED_BY_CATALOG	PRIMARY_AND_OPTIONAL_RELATED	CLI_TEXT_AND_SCHEMA_V1	EXIT_0_SUCCESS_2_USAGE_3_SOURCE_OR_TOOLCHAIN	STABLE_CODE_NO_REUSE
130	neboc_runtime_distribuido_e_streaming_distribuido_DIAG_SECURITY	TYPED	OWNER_STAGE_ENCODED_BY_CATALOG	PRIMARY_AND_OPTIONAL_RELATED	CLI_TEXT_AND_SCHEMA_V1	EXIT_0_SUCCESS_2_USAGE_3_SOURCE_OR_TOOLCHAIN	STABLE_CODE_NO_REUSE
131	NEBOC_DIAG_PARSE_NONASSOCIATIVE_CHAIN	TYPED	OWNER_STAGE_ENCODED_BY_CATALOG	PRIMARY_AND_OPTIONAL_RELATED	CLI_TEXT_AND_SCHEMA_V1	EXIT_0_SUCCESS_2_USAGE_3_SOURCE_OR_TOOLCHAIN	STABLE_CODE_NO_REUSE
140	NEBOC_DIAG_CALL_RECURSION_SURFACE	TYPED	OWNER_STAGE_ENCODED_BY_CATALOG	PRIMARY_AND_OPTIONAL_RELATED	CLI_TEXT_AND_SCHEMA_V1	EXIT_0_SUCCESS_2_USAGE_3_SOURCE_OR_TOOLCHAIN	STABLE_CODE_NO_REUSE
141	NEBOC_DIAG_CALL_RECURSION_SHAPE	TYPED	OWNER_STAGE_ENCODED_BY_CATALOG	PRIMARY_AND_OPTIONAL_RELATED	CLI_TEXT_AND_SCHEMA_V1	EXIT_0_SUCCESS_2_USAGE_3_SOURCE_OR_TOOLCHAIN	STABLE_CODE_NO_REUSE
142	NEBOC_DIAG_CALL_RECURSION_NONTAIL	TYPED	OWNER_STAGE_ENCODED_BY_CATALOG	PRIMARY_AND_OPTIONAL_RELATED	CLI_TEXT_AND_SCHEMA_V1	EXIT_0_SUCCESS_2_USAGE_3_SOURCE_OR_TOOLCHAIN	STABLE_CODE_NO_REUSE
143	NEBOC_DIAG_CALL_RECURSION_FRAME	TYPED	OWNER_STAGE_ENCODED_BY_CATALOG	PRIMARY_AND_OPTIONAL_RELATED	CLI_TEXT_AND_SCHEMA_V1	EXIT_0_SUCCESS_2_USAGE_3_SOURCE_OR_TOOLCHAIN	STABLE_CODE_NO_REUSE
144	NEBOC_DIAG_NESTED_CONTEXT	TYPED	OWNER_STAGE_ENCODED_BY_CATALOG	PRIMARY_AND_OPTIONAL_RELATED	CLI_TEXT_AND_SCHEMA_V1	EXIT_0_SUCCESS_2_USAGE_3_SOURCE_OR_TOOLCHAIN	STABLE_CODE_NO_REUSE
145	NEBOC_DIAG_NESTED_CALL_BEFORE_DECLARATION	TYPED	OWNER_STAGE_ENCODED_BY_CATALOG	PRIMARY_AND_OPTIONAL_RELATED	CLI_TEXT_AND_SCHEMA_V1	EXIT_0_SUCCESS_2_USAGE_3_SOURCE_OR_TOOLCHAIN	STABLE_CODE_NO_REUSE
146	NEBOC_DIAG_NESTED_SCOPE	TYPED	OWNER_STAGE_ENCODED_BY_CATALOG	PRIMARY_AND_OPTIONAL_RELATED	CLI_TEXT_AND_SCHEMA_V1	EXIT_0_SUCCESS_2_USAGE_3_SOURCE_OR_TOOLCHAIN	STABLE_CODE_NO_REUSE
147	NEBOC_DIAG_NESTED_DUPLICATE	TYPED	OWNER_STAGE_ENCODED_BY_CATALOG	PRIMARY_AND_OPTIONAL_RELATED	CLI_TEXT_AND_SCHEMA_V1	EXIT_0_SUCCESS_2_USAGE_3_SOURCE_OR_TOOLCHAIN	STABLE_CODE_NO_REUSE
148	NEBOC_DIAG_NESTED_CAPACITY	TYPED	OWNER_STAGE_ENCODED_BY_CATALOG	PRIMARY_AND_OPTIONAL_RELATED	CLI_TEXT_AND_SCHEMA_V1	EXIT_0_SUCCESS_2_USAGE_3_SOURCE_OR_TOOLCHAIN	STABLE_CODE_NO_REUSE
149	NEBOC_DIAG_NESTED_CAPTURE_UNSUPPORTED	TYPED	OWNER_STAGE_ENCODED_BY_CATALOG	PRIMARY_AND_OPTIONAL_RELATED	CLI_TEXT_AND_SCHEMA_V1	EXIT_0_SUCCESS_2_USAGE_3_SOURCE_OR_TOOLCHAIN	STABLE_CODE_NO_REUSE
150	NEBOC_DIAG_NESTED_ESCAPE	TYPED	OWNER_STAGE_ENCODED_BY_CATALOG	PRIMARY_AND_OPTIONAL_RELATED	CLI_TEXT_AND_SCHEMA_V1	EXIT_0_SUCCESS_2_USAGE_3_SOURCE_OR_TOOLCHAIN	STABLE_CODE_NO_REUSE
151	NEBOC_DIAG_NESTED_RECURSION	TYPED	OWNER_STAGE_ENCODED_BY_CATALOG	PRIMARY_AND_OPTIONAL_RELATED	CLI_TEXT_AND_SCHEMA_V1	EXIT_0_SUCCESS_2_USAGE_3_SOURCE_OR_TOOLCHAIN	STABLE_CODE_NO_REUSE
152	NEBOC_DIAG_NESTED_RECURSIVE_OUTER	TYPED	OWNER_STAGE_ENCODED_BY_CATALOG	PRIMARY_AND_OPTIONAL_RELATED	CLI_TEXT_AND_SCHEMA_V1	EXIT_0_SUCCESS_2_USAGE_3_SOURCE_OR_TOOLCHAIN	STABLE_CODE_NO_REUSE
153	NEBOC_DIAG_NESTED_RECEIVER_UNSUPPORTED	TYPED	OWNER_STAGE_ENCODED_BY_CATALOG	PRIMARY_AND_OPTIONAL_RELATED	CLI_TEXT_AND_SCHEMA_V1	EXIT_0_SUCCESS_2_USAGE_3_SOURCE_OR_TOOLCHAIN	STABLE_CODE_NO_REUSE
154	NEBOC_DIAG_NESTED_PARAMETER_UNSUPPORTED	TYPED	OWNER_STAGE_ENCODED_BY_CATALOG	PRIMARY_AND_OPTIONAL_RELATED	CLI_TEXT_AND_SCHEMA_V1	EXIT_0_SUCCESS_2_USAGE_3_SOURCE_OR_TOOLCHAIN	STABLE_CODE_NO_REUSE
155	NEBOC_DIAG_NESTED_RETURN_UNSUPPORTED	TYPED	OWNER_STAGE_ENCODED_BY_CATALOG	PRIMARY_AND_OPTIONAL_RELATED	CLI_TEXT_AND_SCHEMA_V1	EXIT_0_SUCCESS_2_USAGE_3_SOURCE_OR_TOOLCHAIN	STABLE_CODE_NO_REUSE
156	NEBOC_DIAG_NESTED_SURFACE	TYPED	OWNER_STAGE_ENCODED_BY_CATALOG	PRIMARY_AND_OPTIONAL_RELATED	CLI_TEXT_AND_SCHEMA_V1	EXIT_0_SUCCESS_2_USAGE_3_SOURCE_OR_TOOLCHAIN	STABLE_CODE_NO_REUSE
157	NEBOC_DIAG_NESTED_SYMBOL_COLLISION	TYPED	OWNER_STAGE_ENCODED_BY_CATALOG	PRIMARY_AND_OPTIONAL_RELATED	CLI_TEXT_AND_SCHEMA_V1	EXIT_0_SUCCESS_2_USAGE_3_SOURCE_OR_TOOLCHAIN	STABLE_CODE_NO_REUSE
158	NEBOC_DIAG_CONTROL_HEADER_PARENS_REQUIRED	TYPED	OWNER_STAGE_ENCODED_BY_CATALOG	PRIMARY_AND_OPTIONAL_RELATED	CLI_TEXT_AND_SCHEMA_V1	EXIT_0_SUCCESS_2_USAGE_3_SOURCE_OR_TOOLCHAIN	STABLE_CODE_NO_REUSE
159	NEBOC_DIAG_CONTROL_HEADER_DELIMITER	TYPED	OWNER_STAGE_ENCODED_BY_CATALOG	PRIMARY_AND_OPTIONAL_RELATED	CLI_TEXT_AND_SCHEMA_V1	EXIT_0_SUCCESS_2_USAGE_3_SOURCE_OR_TOOLCHAIN	STABLE_CODE_NO_REUSE
160	NEBOC_DIAG_WHILE_CONDITION_TYPE_PUBLIC	TYPED	OWNER_STAGE_ENCODED_BY_CATALOG	PRIMARY_AND_OPTIONAL_RELATED	CLI_TEXT_AND_SCHEMA_V1	EXIT_0_SUCCESS_2_USAGE_3_SOURCE_OR_TOOLCHAIN	STABLE_CODE_NO_REUSE
161	NEBOC_DIAG_ENTRYPOINT_MISSING	TYPED	OWNER_STAGE_ENCODED_BY_CATALOG	PRIMARY_AND_OPTIONAL_RELATED	CLI_TEXT_AND_SCHEMA_V1	EXIT_0_SUCCESS_2_USAGE_3_SOURCE_OR_TOOLCHAIN	STABLE_CODE_NO_REUSE
162	NEBOC_DIAG_ENTRYPOINT_DUPLICATE	TYPED	OWNER_STAGE_ENCODED_BY_CATALOG	PRIMARY_AND_OPTIONAL_RELATED	CLI_TEXT_AND_SCHEMA_V1	EXIT_0_SUCCESS_2_USAGE_3_SOURCE_OR_TOOLCHAIN	STABLE_CODE_NO_REUSE
163	NEBOC_DIAG_ENTRYPOINT_INVALID_SIGNATURE	TYPED	OWNER_STAGE_ENCODED_BY_CATALOG	PRIMARY_AND_OPTIONAL_RELATED	CLI_TEXT_AND_SCHEMA_V1	EXIT_0_SUCCESS_2_USAGE_3_SOURCE_OR_TOOLCHAIN	STABLE_CODE_NO_REUSE
164	NEBOC_DIAG_ENTRYPOINT_AMBIGUOUS	TYPED	OWNER_STAGE_ENCODED_BY_CATALOG	PRIMARY_AND_OPTIONAL_RELATED	CLI_TEXT_AND_SCHEMA_V1	EXIT_0_SUCCESS_2_USAGE_3_SOURCE_OR_TOOLCHAIN	STABLE_CODE_NO_REUSE
165	NEBOC_DIAG_ENTRYPOINT_FORBIDDEN_FOR_TARGET	TYPED	OWNER_STAGE_ENCODED_BY_CATALOG	PRIMARY_AND_OPTIONAL_RELATED	CLI_TEXT_AND_SCHEMA_V1	EXIT_0_SUCCESS_2_USAGE_3_SOURCE_OR_TOOLCHAIN	STABLE_CODE_NO_REUSE
