registry_id	class	dependencies	roadmap_group	program_id	front_mapping_state	installation_state
NSR-CORE-001	CORE_ALWAYS_ON	RF27-G02/G03/G06; RF52-G47/G48	RF148-G118	RF148-P01-REGISTRY-SEMANTIC-FOUNDATION	PREDECLARED_NOT_FROZEN	NOT_ACTIVATED_BY_INSTALLATION
NSR-CORE-002	CORE_ALWAYS_ON	RF27-G03; RF52-G47/G48	RF148-G118	RF148-P01-REGISTRY-SEMANTIC-FOUNDATION	PREDECLARED_NOT_FROZEN	NOT_ACTIVATED_BY_INSTALLATION
NSR-CORE-003	CORE_ALWAYS_ON	RF27-G02/G03/G05/G06	RF148-G118	RF148-P01-REGISTRY-SEMANTIC-FOUNDATION	PREDECLARED_NOT_FROZEN	NOT_ACTIVATED_BY_INSTALLATION
NSR-CORE-004	CORE_ALWAYS_ON	RF27-G06/G07; RF52-G47/G48	RF148-G118	RF148-P01-REGISTRY-SEMANTIC-FOUNDATION	PREDECLARED_NOT_FROZEN	NOT_ACTIVATED_BY_INSTALLATION
NSR-CORE-005	CORE_ALWAYS_ON	RF27-G06; RF52-G47/G48	RF148-G118	RF148-P01-REGISTRY-SEMANTIC-FOUNDATION	PREDECLARED_NOT_FROZEN	NOT_ACTIVATED_BY_INSTALLATION
NSR-CORE-006	CORE_ALWAYS_ON	RF27-G03/G06; RF52-G48	RF148-G118	RF148-P01-REGISTRY-SEMANTIC-FOUNDATION	PREDECLARED_NOT_FROZEN	NOT_ACTIVATED_BY_INSTALLATION
NSR-CORE-007	CORE_ALWAYS_ON	RF27-G02/G03/G05	RF148-G118	RF148-P01-REGISTRY-SEMANTIC-FOUNDATION	PREDECLARED_NOT_FROZEN	NOT_ACTIVATED_BY_INSTALLATION
NSR-CORE-008	CORE_ALWAYS_ON	RF27-G03/G06/G10; RF52-G47/G48	RF148-G118	RF148-P01-REGISTRY-SEMANTIC-FOUNDATION	PREDECLARED_NOT_FROZEN	NOT_ACTIVATED_BY_INSTALLATION
NSR-CORE-009	CORE_ALWAYS_ON	RF27-G03/G05; RF52-G47/G48	RF148-G118	RF148-P01-REGISTRY-SEMANTIC-FOUNDATION	PREDECLARED_NOT_FROZEN	NOT_ACTIVATED_BY_INSTALLATION
NSR-CORE-010	CORE_ALWAYS_ON	RF27-G05; RF52-G48	RF148-G118	RF148-P01-REGISTRY-SEMANTIC-FOUNDATION	PREDECLARED_NOT_FROZEN	NOT_ACTIVATED_BY_INSTALLATION
NSR-CORE-011	CORE_ALWAYS_ON	RF27 frontend; RF52-G47	RF148-G118	RF148-P01-REGISTRY-SEMANTIC-FOUNDATION	PREDECLARED_NOT_FROZEN	NOT_ACTIVATED_BY_INSTALLATION
NSR-CORE-012	CORE_ALWAYS_ON	RF27 core/G14; RF52-G47/G49	RF148-G122	RF148-P02-CORE-OPERATORS-OPTION-RANGE-FLOW	PREDECLARED_NOT_FROZEN	NOT_ACTIVATED_BY_INSTALLATION
NSR-CORE-013	CORE_ALWAYS_ON	RF27 core/G14; RF52-G47/G49	RF148-G122	RF148-P02-CORE-OPERATORS-OPTION-RANGE-FLOW	PREDECLARED_NOT_FROZEN	NOT_ACTIVATED_BY_INSTALLATION
NSR-CORE-014	CORE_ALWAYS_ON	RF27 core/G14; RF52-G47/G49	RF148-G122	RF148-P02-CORE-OPERATORS-OPTION-RANGE-FLOW	PREDECLARED_NOT_FROZEN	NOT_ACTIVATED_BY_INSTALLATION
NSR-CORE-015	CORE_ALWAYS_ON	RF27 core/G14; RF52-G47/G49	RF148-G122	RF148-P02-CORE-OPERATORS-OPTION-RANGE-FLOW	PREDECLARED_NOT_FROZEN	NOT_ACTIVATED_BY_INSTALLATION
NSR-CORE-016	CORE_ALWAYS_ON	RF27 core; RF52-G47	RF148-G122	RF148-P02-CORE-OPERATORS-OPTION-RANGE-FLOW	PREDECLARED_NOT_FROZEN	NOT_ACTIVATED_BY_INSTALLATION
NSR-CORE-017	CORE_ALWAYS_ON	RF27-G14/G15/G16; RF46-G35/G36; RF52-G47/G48	RF148-G123	RF148-P02-CORE-OPERATORS-OPTION-RANGE-FLOW	PREDECLARED_NOT_FROZEN	NOT_ACTIVATED_BY_INSTALLATION
NSR-CORE-018	CORE_ALWAYS_ON	RF27 core; RF52-G47	RF148-G122	RF148-P02-CORE-OPERATORS-OPTION-RANGE-FLOW	PREDECLARED_NOT_FROZEN	NOT_ACTIVATED_BY_INSTALLATION
NSR-CORE-019	CORE_ALWAYS_ON	RF27 core/G14; RF52-G47	RF148-G122	RF148-P02-CORE-OPERATORS-OPTION-RANGE-FLOW	PREDECLARED_NOT_FROZEN	NOT_ACTIVATED_BY_INSTALLATION
NSR-CORE-020	CORE_ALWAYS_ON	RF27 core; RF52-G47	RF148-G123	RF148-P02-CORE-OPERATORS-OPTION-RANGE-FLOW	PREDECLARED_NOT_FROZEN	NOT_ACTIVATED_BY_INSTALLATION
NSR-CORE-021	CORE_ALWAYS_ON	RF27 core; RF52-G47	RF148-G123	RF148-P02-CORE-OPERATORS-OPTION-RANGE-FLOW	PREDECLARED_NOT_FROZEN	NOT_ACTIVATED_BY_INSTALLATION
NSR-CORE-022	CORE_ALWAYS_ON	RF27 core; RF52-G47	RF148-G123	RF148-P02-CORE-OPERATORS-OPTION-RANGE-FLOW	PREDECLARED_NOT_FROZEN	NOT_ACTIVATED_BY_INSTALLATION
NSR-CORE-023	CORE_ALWAYS_ON	RF27-G01/G08; RF52-G47/G48	RF148-G123	RF148-P02-CORE-OPERATORS-OPTION-RANGE-FLOW	PREDECLARED_NOT_FROZEN	NOT_ACTIVATED_BY_INSTALLATION
NSR-CORE-024	CORE_ALWAYS_ON	RF27 core/G06; RF52-G47	RF148-G123	RF148-P02-CORE-OPERATORS-OPTION-RANGE-FLOW	PREDECLARED_NOT_FROZEN	NOT_ACTIVATED_BY_INSTALLATION
NSR-CORE-025	CORE_ALWAYS_ON	RF27 core/G06; RF52-G47	RF148-G123	RF148-P02-CORE-OPERATORS-OPTION-RANGE-FLOW	PREDECLARED_NOT_FROZEN	NOT_ACTIVATED_BY_INSTALLATION
NSR-CORE-026	CORE_ALWAYS_ON	RF27 core/G06; RF52-G47	RF148-G123	RF148-P02-CORE-OPERATORS-OPTION-RANGE-FLOW	PREDECLARED_NOT_FROZEN	NOT_ACTIVATED_BY_INSTALLATION
NSR-CORE-027	CORE_ALWAYS_ON	RF27 core/G06; RF52-G47	RF148-G123	RF148-P02-CORE-OPERATORS-OPTION-RANGE-FLOW	PREDECLARED_NOT_FROZEN	NOT_ACTIVATED_BY_INSTALLATION
NSR-CORE-028	CORE_ALWAYS_ON	RF27 core/G06; RF52-G47	RF148-G123	RF148-P02-CORE-OPERATORS-OPTION-RANGE-FLOW	PREDECLARED_NOT_FROZEN	NOT_ACTIVATED_BY_INSTALLATION
NSR-CORE-029	CORE_ALWAYS_ON	RF27 core/G06; RF52-G47	RF148-G123	RF148-P02-CORE-OPERATORS-OPTION-RANGE-FLOW	PREDECLARED_NOT_FROZEN	NOT_ACTIVATED_BY_INSTALLATION
NSR-CORE-030	CORE_ALWAYS_ON	RF27-G06; RF52-G47/G48	RF148-G123	RF148-P02-CORE-OPERATORS-OPTION-RANGE-FLOW	PREDECLARED_NOT_FROZEN	NOT_ACTIVATED_BY_INSTALLATION
NSR-CORE-031	CORE_ALWAYS_ON	RF27-G02/G04; RF52-G47	RF148-G122	RF148-P02-CORE-OPERATORS-OPTION-RANGE-FLOW	PREDECLARED_NOT_FROZEN	NOT_ACTIVATED_BY_INSTALLATION
NSR-CORE-032	CORE_ALWAYS_ON	RF27-G02/G04; RF52-G47	RF148-G122	RF148-P02-CORE-OPERATORS-OPTION-RANGE-FLOW	PREDECLARED_NOT_FROZEN	NOT_ACTIVATED_BY_INSTALLATION
NSR-CORE-033	CORE_ALWAYS_ON	RF27-G02/G04; RF52-G47	RF148-G122	RF148-P02-CORE-OPERATORS-OPTION-RANGE-FLOW	PREDECLARED_NOT_FROZEN	NOT_ACTIVATED_BY_INSTALLATION
NSR-CORE-034	CORE_ALWAYS_ON	RF27-G02/G04; RF52-G47	RF148-G122	RF148-P02-CORE-OPERATORS-OPTION-RANGE-FLOW	PREDECLARED_NOT_FROZEN	NOT_ACTIVATED_BY_INSTALLATION
NSR-CORE-035	CORE_ALWAYS_ON	RF27-G02/G04; RF52-G47	RF148-G122	RF148-P02-CORE-OPERATORS-OPTION-RANGE-FLOW	PREDECLARED_NOT_FROZEN	NOT_ACTIVATED_BY_INSTALLATION
NSR-CORE-036	CORE_ALWAYS_ON	RF27-G02/G04; RF52-G47	RF148-G122	RF148-P02-CORE-OPERATORS-OPTION-RANGE-FLOW	PREDECLARED_NOT_FROZEN	NOT_ACTIVATED_BY_INSTALLATION
NSR-CORE-037	CORE_ALWAYS_ON	RF27-G02/G14; RF52-G47	RF148-G122	RF148-P02-CORE-OPERATORS-OPTION-RANGE-FLOW	PREDECLARED_NOT_FROZEN	NOT_ACTIVATED_BY_INSTALLATION
NSR-CORE-038	CORE_ALWAYS_ON	RF27-G04/G05; RF52-G47	RF148-G124	RF148-P02-CORE-OPERATORS-OPTION-RANGE-FLOW	PREDECLARED_NOT_FROZEN	NOT_ACTIVATED_BY_INSTALLATION
NSR-CORE-039	CORE_ALWAYS_ON	RF27-G05; RF52-G47/G48	RF148-G124	RF148-P02-CORE-OPERATORS-OPTION-RANGE-FLOW	PREDECLARED_NOT_FROZEN	NOT_ACTIVATED_BY_INSTALLATION
NSR-CORE-040	CORE_ALWAYS_ON	RF27-G03/G05; RF52-G47/G48	RF148-G124	RF148-P02-CORE-OPERATORS-OPTION-RANGE-FLOW	PREDECLARED_NOT_FROZEN	NOT_ACTIVATED_BY_INSTALLATION
NSR-CORE-041	CORE_ALWAYS_ON	RF27-G02/G05; RF52-G47/G48	RF148-G124	RF148-P02-CORE-OPERATORS-OPTION-RANGE-FLOW	PREDECLARED_NOT_FROZEN	NOT_ACTIVATED_BY_INSTALLATION
NSR-CORE-042	CORE_ALWAYS_ON	RF46-G35; RF52-G47/G48	RF148-G129	RF148-P04-QUANTITIES-FOUNDATIONAL-MATHEMATICS	PREDECLARED_NOT_FROZEN	NOT_ACTIVATED_BY_INSTALLATION
NSR-CORE-043	CORE_ALWAYS_ON	RF27-G06; RF52-G47/G48	RF148-G124	RF148-P02-CORE-OPERATORS-OPTION-RANGE-FLOW	PREDECLARED_NOT_FROZEN	NOT_ACTIVATED_BY_INSTALLATION
NSR-CORE-044	CORE_ALWAYS_ON	RF27-G06; RF52-G47/G48	RF148-G124	RF148-P02-CORE-OPERATORS-OPTION-RANGE-FLOW	PREDECLARED_NOT_FROZEN	NOT_ACTIVATED_BY_INSTALLATION
NSR-CORE-045	CORE_ALWAYS_ON	RF27-G06; RF52-G47/G48	RF148-G124	RF148-P02-CORE-OPERATORS-OPTION-RANGE-FLOW	PREDECLARED_NOT_FROZEN	NOT_ACTIVATED_BY_INSTALLATION
NSR-CORE-046	CORE_ALWAYS_ON	RF27-G06; RF52-G47/G48	RF148-G124	RF148-P02-CORE-OPERATORS-OPTION-RANGE-FLOW	PREDECLARED_NOT_FROZEN	NOT_ACTIVATED_BY_INSTALLATION
NSR-CORE-047	CORE_ALWAYS_ON	RF27-G03/G04; RF52-G47/G48	RF148-G124	RF148-P02-CORE-OPERATORS-OPTION-RANGE-FLOW	PREDECLARED_NOT_FROZEN	NOT_ACTIVATED_BY_INSTALLATION
NSR-UA-001	UNICODE_ALIAS	RF52-G47/G48/G51	RF148-G125	RF148-P03-UNICODE-SOURCE-TOOLING	PREDECLARED_NOT_FROZEN	NOT_ACTIVATED_BY_INSTALLATION
NSR-UA-002	UNICODE_ALIAS	RF52-G47/G48/G51	RF148-G125	RF148-P03-UNICODE-SOURCE-TOOLING	PREDECLARED_NOT_FROZEN	NOT_ACTIVATED_BY_INSTALLATION
NSR-UA-003	UNICODE_ALIAS	RF52-G47/G48/G51	RF148-G125	RF148-P03-UNICODE-SOURCE-TOOLING	PREDECLARED_NOT_FROZEN	NOT_ACTIVATED_BY_INSTALLATION
NSR-UA-004	UNICODE_ALIAS	RF52-G47/G48/G51	RF148-G125	RF148-P03-UNICODE-SOURCE-TOOLING	PREDECLARED_NOT_FROZEN	NOT_ACTIVATED_BY_INSTALLATION
NSR-UA-005	UNICODE_ALIAS	RF52-G47/G48/G51	RF148-G125	RF148-P03-UNICODE-SOURCE-TOOLING	PREDECLARED_NOT_FROZEN	NOT_ACTIVATED_BY_INSTALLATION
NSR-UA-006	UNICODE_ALIAS	RF52-G47/G48/G51	RF148-G125	RF148-P03-UNICODE-SOURCE-TOOLING	PREDECLARED_NOT_FROZEN	NOT_ACTIVATED_BY_INSTALLATION
NSR-UA-007	UNICODE_ALIAS	RF52-G47/G48/G51	RF148-G125	RF148-P03-UNICODE-SOURCE-TOOLING	PREDECLARED_NOT_FROZEN	NOT_ACTIVATED_BY_INSTALLATION
NSR-UA-008	UNICODE_ALIAS	RF52-G47/G48/G51	RF148-G125	RF148-P03-UNICODE-SOURCE-TOOLING	PREDECLARED_NOT_FROZEN	NOT_ACTIVATED_BY_INSTALLATION
NSR-UA-009	UNICODE_ALIAS	RF27-G01; RF52-G47/G48/G51	RF148-G125	RF148-P03-UNICODE-SOURCE-TOOLING	PREDECLARED_NOT_FROZEN	NOT_ACTIVATED_BY_INSTALLATION
NSR-DOM-001	DOMAIN_GATED	RF27-G14; RF46-G35/G36; RF52-G47/G48	RF148-G130	RF148-P04-QUANTITIES-FOUNDATIONAL-MATHEMATICS	PREDECLARED_NOT_FROZEN	NOT_ACTIVATED_BY_INSTALLATION
NSR-DOM-002	DOMAIN_GATED	RF27-G14; RF46-G35/G36; RF52-G47/G48	RF148-G130	RF148-P04-QUANTITIES-FOUNDATIONAL-MATHEMATICS	PREDECLARED_NOT_FROZEN	NOT_ACTIVATED_BY_INSTALLATION
NSR-DOM-003	DOMAIN_GATED	RF46-G35/G36; RF52-G47/G48	RF148-G130	RF148-P04-QUANTITIES-FOUNDATIONAL-MATHEMATICS	PREDECLARED_NOT_FROZEN	NOT_ACTIVATED_BY_INSTALLATION
NSR-DOM-004	DOMAIN_GATED	RF46-G35; RF52-G47/G48	RF148-G130	RF148-P04-QUANTITIES-FOUNDATIONAL-MATHEMATICS	PREDECLARED_NOT_FROZEN	NOT_ACTIVATED_BY_INSTALLATION
NSR-DOM-005	DOMAIN_GATED	RF46-G35/G36; RF52-G47/G51	RF148-G130	RF148-P04-QUANTITIES-FOUNDATIONAL-MATHEMATICS	PREDECLARED_NOT_FROZEN	NOT_ACTIVATED_BY_INSTALLATION
NSR-DOM-006	DOMAIN_GATED	RF27-G14; RF46-G35; RF52-G47	RF148-G130	RF148-P04-QUANTITIES-FOUNDATIONAL-MATHEMATICS	PREDECLARED_NOT_FROZEN	NOT_ACTIVATED_BY_INSTALLATION
NSR-DOM-007	DOMAIN_GATED	RF27-G14; RF46-G35; RF52-G47	RF148-G130	RF148-P04-QUANTITIES-FOUNDATIONAL-MATHEMATICS	PREDECLARED_NOT_FROZEN	NOT_ACTIVATED_BY_INSTALLATION
NSR-DOM-008	DOMAIN_GATED	RF27-G07/G10/G14/G16; RF52-G47/G49	RF148-G132	RF148-P04-QUANTITIES-FOUNDATIONAL-MATHEMATICS	PREDECLARED_NOT_FROZEN	NOT_ACTIVATED_BY_INSTALLATION
NSR-DOM-009	DOMAIN_GATED	RF27-G07/G14; RF52-G47/G49	RF148-G132	RF148-P04-QUANTITIES-FOUNDATIONAL-MATHEMATICS	PREDECLARED_NOT_FROZEN	NOT_ACTIVATED_BY_INSTALLATION
NSR-DOM-010	DOMAIN_GATED	RF46-G35/G36; RF52-G47/G48	RF148-G131	RF148-P04-QUANTITIES-FOUNDATIONAL-MATHEMATICS	PREDECLARED_NOT_FROZEN	NOT_ACTIVATED_BY_INSTALLATION
NSR-DOM-011	DOMAIN_GATED	RF46-G35/G36; RF52-G47/G48	RF148-G131	RF148-P04-QUANTITIES-FOUNDATIONAL-MATHEMATICS	PREDECLARED_NOT_FROZEN	NOT_ACTIVATED_BY_INSTALLATION
NSR-DOM-012	DOMAIN_GATED	RF46-G35/G36; RF52-G47/G48	RF148-G131	RF148-P04-QUANTITIES-FOUNDATIONAL-MATHEMATICS	PREDECLARED_NOT_FROZEN	NOT_ACTIVATED_BY_INSTALLATION
NSR-DOM-013	DOMAIN_GATED	RF46-G29/G35; RF52-G47	RF148-G131	RF148-P04-QUANTITIES-FOUNDATIONAL-MATHEMATICS	PREDECLARED_NOT_FROZEN	NOT_ACTIVATED_BY_INSTALLATION
NSR-DOM-014	DOMAIN_GATED	RF46-G35; RF52-G47	RF148-G131	RF148-P04-QUANTITIES-FOUNDATIONAL-MATHEMATICS	PREDECLARED_NOT_FROZEN	NOT_ACTIVATED_BY_INSTALLATION
NSR-DOM-015	DOMAIN_GATED	RF46-G35; RF52-G47	RF148-G131	RF148-P04-QUANTITIES-FOUNDATIONAL-MATHEMATICS	PREDECLARED_NOT_FROZEN	NOT_ACTIVATED_BY_INSTALLATION
NSR-DOM-016	DOMAIN_GATED	RF27-G14; RF52-G47/G48	RF148-G130	RF148-P04-QUANTITIES-FOUNDATIONAL-MATHEMATICS	PREDECLARED_NOT_FROZEN	NOT_ACTIVATED_BY_INSTALLATION
NSR-DOM-017	DOMAIN_GATED	RF27-G14; RF52-G47/G48	RF148-G130	RF148-P04-QUANTITIES-FOUNDATIONAL-MATHEMATICS	PREDECLARED_NOT_FROZEN	NOT_ACTIVATED_BY_INSTALLATION
NSR-DOM-018	DOMAIN_GATED	RF46-G29/G35; RF52-G47	RF148-G131	RF148-P04-QUANTITIES-FOUNDATIONAL-MATHEMATICS	PREDECLARED_NOT_FROZEN	NOT_ACTIVATED_BY_INSTALLATION
NSR-DOM-019	DOMAIN_GATED	RF46-G35/G41/G42; RF52-G47/G48	RF148-G129	RF148-P04-QUANTITIES-FOUNDATIONAL-MATHEMATICS	PREDECLARED_NOT_FROZEN	NOT_ACTIVATED_BY_INSTALLATION
NSR-DOM-020	DOMAIN_GATED	RF46-G35; RF52-G47/G48	RF148-G129	RF148-P04-QUANTITIES-FOUNDATIONAL-MATHEMATICS	PREDECLARED_NOT_FROZEN	NOT_ACTIVATED_BY_INSTALLATION
NSR-DOM-021	DOMAIN_GATED	RF46-G35; RF52-G47/G48	RF148-G129	RF148-P04-QUANTITIES-FOUNDATIONAL-MATHEMATICS	PREDECLARED_NOT_FROZEN	NOT_ACTIVATED_BY_INSTALLATION
NSR-DOM-022	DOMAIN_GATED	RF46-G35/G41; RF52-G47/G48	RF148-G129	RF148-P04-QUANTITIES-FOUNDATIONAL-MATHEMATICS	PREDECLARED_NOT_FROZEN	NOT_ACTIVATED_BY_INSTALLATION
NSR-DOM-023	DOMAIN_GATED	RF46-G35/G41; RF52-G47/G48	RF148-G129	RF148-P04-QUANTITIES-FOUNDATIONAL-MATHEMATICS	PREDECLARED_NOT_FROZEN	NOT_ACTIVATED_BY_INSTALLATION
NSR-DOM-024	DOMAIN_GATED	RF27-G08/G09; RF46-G30/G34; RF52-G47/G48	RF148-G133	RF148-P05-SETS-LINEAR-ALGEBRA-INTEGRATION	PREDECLARED_NOT_FROZEN	NOT_ACTIVATED_BY_INSTALLATION
NSR-DOM-025	DOMAIN_GATED	RF27-G08/G09; RF46-G30/G34; RF52-G47/G48	RF148-G133	RF148-P05-SETS-LINEAR-ALGEBRA-INTEGRATION	PREDECLARED_NOT_FROZEN	NOT_ACTIVATED_BY_INSTALLATION
NSR-DOM-026	DOMAIN_GATED	RF27-G08/G09; RF46-G30/G34; RF52-G47/G48	RF148-G133	RF148-P05-SETS-LINEAR-ALGEBRA-INTEGRATION	PREDECLARED_NOT_FROZEN	NOT_ACTIVATED_BY_INSTALLATION
NSR-DOM-027	DOMAIN_GATED	RF27-G08/G09; RF46-G30/G34; RF52-G47/G48	RF148-G133	RF148-P05-SETS-LINEAR-ALGEBRA-INTEGRATION	PREDECLARED_NOT_FROZEN	NOT_ACTIVATED_BY_INSTALLATION
NSR-DOM-028	DOMAIN_GATED	RF27-G08/G09; RF46-G30/G34; RF52-G47/G48	RF148-G133	RF148-P05-SETS-LINEAR-ALGEBRA-INTEGRATION	PREDECLARED_NOT_FROZEN	NOT_ACTIVATED_BY_INSTALLATION
NSR-DOM-029	DOMAIN_GATED	RF27-G08/G09; RF46-G30/G34; RF52-G47/G48	RF148-G133	RF148-P05-SETS-LINEAR-ALGEBRA-INTEGRATION	PREDECLARED_NOT_FROZEN	NOT_ACTIVATED_BY_INSTALLATION
NSR-DOM-030	DOMAIN_GATED	RF27-G08/G09; RF46-G30/G34; RF52-G47/G48	RF148-G133	RF148-P05-SETS-LINEAR-ALGEBRA-INTEGRATION	PREDECLARED_NOT_FROZEN	NOT_ACTIVATED_BY_INSTALLATION
NSR-DOM-031	DOMAIN_GATED	RF27-G08/G09; RF46-G30/G34; RF52-G47/G48	RF148-G133	RF148-P05-SETS-LINEAR-ALGEBRA-INTEGRATION	PREDECLARED_NOT_FROZEN	NOT_ACTIVATED_BY_INSTALLATION
NSR-DOM-032	DOMAIN_GATED	RF27-G08/G09; RF46-G30/G34; RF52-G47/G48	RF148-G133	RF148-P05-SETS-LINEAR-ALGEBRA-INTEGRATION	PREDECLARED_NOT_FROZEN	NOT_ACTIVATED_BY_INSTALLATION
NSR-DOM-033	DOMAIN_GATED	RF27-G08/G09; RF46-G30/G34; RF52-G47/G48	RF148-G133	RF148-P05-SETS-LINEAR-ALGEBRA-INTEGRATION	PREDECLARED_NOT_FROZEN	NOT_ACTIVATED_BY_INSTALLATION
NSR-DOM-034	DOMAIN_GATED	RF27-G08/G09; RF46-G30/G34; RF52-G47/G48	RF148-G133	RF148-P05-SETS-LINEAR-ALGEBRA-INTEGRATION	PREDECLARED_NOT_FROZEN	NOT_ACTIVATED_BY_INSTALLATION
NSR-DOM-035	DOMAIN_GATED	RF27-G08/G09; RF46-G30/G34; RF52-G47/G48	RF148-G133	RF148-P05-SETS-LINEAR-ALGEBRA-INTEGRATION	PREDECLARED_NOT_FROZEN	NOT_ACTIVATED_BY_INSTALLATION
NSR-DOM-036	DOMAIN_GATED	RF27-G14/G15/G16/G17; RF46-G36; RF52-G47/G49	RF148-G134	RF148-P05-SETS-LINEAR-ALGEBRA-INTEGRATION	PREDECLARED_NOT_FROZEN	NOT_ACTIVATED_BY_INSTALLATION
NSR-DOM-037	DOMAIN_GATED	RF27-G14/G15/G16/G17; RF46-G36; RF52-G47/G49	RF148-G134	RF148-P05-SETS-LINEAR-ALGEBRA-INTEGRATION	PREDECLARED_NOT_FROZEN	NOT_ACTIVATED_BY_INSTALLATION
NSR-DOM-038	DOMAIN_GATED	RF27-G14/G15/G16/G17; RF46-G36; RF52-G47/G49	RF148-G134	RF148-P05-SETS-LINEAR-ALGEBRA-INTEGRATION	PREDECLARED_NOT_FROZEN	NOT_ACTIVATED_BY_INSTALLATION
NSR-DOM-039	DOMAIN_GATED	RF27-G14/G15/G16/G17; RF46-G36; RF52-G47/G49	RF148-G134	RF148-P05-SETS-LINEAR-ALGEBRA-INTEGRATION	PREDECLARED_NOT_FROZEN	NOT_ACTIVATED_BY_INSTALLATION
NSR-DOM-040	DOMAIN_GATED	RF27-G14/G15/G16/G17; RF46-G36; RF52-G47/G49	RF148-G134	RF148-P05-SETS-LINEAR-ALGEBRA-INTEGRATION	PREDECLARED_NOT_FROZEN	NOT_ACTIVATED_BY_INSTALLATION
NSR-DOM-041	DOMAIN_GATED	RF27-G14/G15/G16/G17; RF46-G36; RF52-G47/G49	RF148-G135	RF148-P05-SETS-LINEAR-ALGEBRA-INTEGRATION	PREDECLARED_NOT_FROZEN	NOT_ACTIVATED_BY_INSTALLATION
NSR-DOM-042	DOMAIN_GATED	RF27-G14/G15/G16/G17; RF46-G36; RF52-G47/G49	RF148-G135	RF148-P05-SETS-LINEAR-ALGEBRA-INTEGRATION	PREDECLARED_NOT_FROZEN	NOT_ACTIVATED_BY_INSTALLATION
NSR-DOM-043	DOMAIN_GATED	RF27-G14/G15/G16/G17; RF46-G36; RF52-G47/G49	RF148-G135	RF148-P05-SETS-LINEAR-ALGEBRA-INTEGRATION	PREDECLARED_NOT_FROZEN	NOT_ACTIVATED_BY_INSTALLATION
NSR-DOM-044	DOMAIN_GATED	RF27-G14/G15/G16/G17; RF46-G36; RF52-G47/G49	RF148-G135	RF148-P05-SETS-LINEAR-ALGEBRA-INTEGRATION	PREDECLARED_NOT_FROZEN	NOT_ACTIVATED_BY_INSTALLATION
NSR-DOM-045	DOMAIN_GATED	RF27-G14/G15/G16/G17; RF46-G36; RF52-G47/G49	RF148-G135	RF148-P05-SETS-LINEAR-ALGEBRA-INTEGRATION	PREDECLARED_NOT_FROZEN	NOT_ACTIVATED_BY_INSTALLATION
NSR-DOM-046	DOMAIN_GATED	RF27-G03; RF52-G47/G48	RF148-G134	RF148-P05-SETS-LINEAR-ALGEBRA-INTEGRATION	PREDECLARED_NOT_FROZEN	NOT_ACTIVATED_BY_INSTALLATION
NSR-DOM-047	DOMAIN_GATED	RF27-G14/G15/G16/G17; RF46-G36; RF52-G47/G49	RF148-G134	RF148-P05-SETS-LINEAR-ALGEBRA-INTEGRATION	PREDECLARED_NOT_FROZEN	NOT_ACTIVATED_BY_INSTALLATION
NSR-DOM-048	DOMAIN_GATED	RF46-G42; RF52-G47/G48	RF148-G134	RF148-P05-SETS-LINEAR-ALGEBRA-INTEGRATION	PREDECLARED_NOT_FROZEN	NOT_ACTIVATED_BY_INSTALLATION
NSR-DOM-049	DOMAIN_GATED	RF27-G14/G16/G21; RF46-G35/G36; RF52-G47/G49	RF148-G136	RF148-P05-SETS-LINEAR-ALGEBRA-INTEGRATION	PREDECLARED_NOT_FROZEN	NOT_ACTIVATED_BY_INSTALLATION
NSR-DOM-050	DOMAIN_GATED	RF27-G14/G16/G21; RF46-G35/G36; RF52-G47/G49	RF148-G136	RF148-P05-SETS-LINEAR-ALGEBRA-INTEGRATION	PREDECLARED_NOT_FROZEN	NOT_ACTIVATED_BY_INSTALLATION
NSR-DOM-051	DOMAIN_GATED	RF27-G14/G16/G21; RF46-G35/G36; RF52-G47/G49	RF148-G136	RF148-P05-SETS-LINEAR-ALGEBRA-INTEGRATION	PREDECLARED_NOT_FROZEN	NOT_ACTIVATED_BY_INSTALLATION
NSR-DOM-052	DOMAIN_GATED	RF27-G14/G16/G21; RF46-G35/G36; RF52-G47/G49	RF148-G136	RF148-P05-SETS-LINEAR-ALGEBRA-INTEGRATION	PREDECLARED_NOT_FROZEN	NOT_ACTIVATED_BY_INSTALLATION
NSR-DOM-053	DOMAIN_GATED	RF27-G14/G16/G21; RF46-G35/G36; RF52-G47/G49	RF148-G137	RF148-P06-CALCULUS-PROBABILITY-LOGIC-GRAPHS	PREDECLARED_NOT_FROZEN	NOT_ACTIVATED_BY_INSTALLATION
NSR-DOM-054	DOMAIN_GATED	RF27-G14/G16/G21; RF46-G35/G36; RF52-G47/G49	RF148-G137	RF148-P06-CALCULUS-PROBABILITY-LOGIC-GRAPHS	PREDECLARED_NOT_FROZEN	NOT_ACTIVATED_BY_INSTALLATION
NSR-DOM-055	DOMAIN_GATED	RF27-G14/G16/G21; RF46-G35/G36; RF52-G47/G49	RF148-G137	RF148-P06-CALCULUS-PROBABILITY-LOGIC-GRAPHS	PREDECLARED_NOT_FROZEN	NOT_ACTIVATED_BY_INSTALLATION
NSR-DOM-056	DOMAIN_GATED	RF27-G14/G16/G21; RF46-G35/G36; RF52-G47/G49	RF148-G137	RF148-P06-CALCULUS-PROBABILITY-LOGIC-GRAPHS	PREDECLARED_NOT_FROZEN	NOT_ACTIVATED_BY_INSTALLATION
NSR-DOM-057	DOMAIN_GATED	RF27-G14/G16/G21; RF46-G35/G36; RF52-G47/G49	RF148-G137	RF148-P06-CALCULUS-PROBABILITY-LOGIC-GRAPHS	PREDECLARED_NOT_FROZEN	NOT_ACTIVATED_BY_INSTALLATION
NSR-DOM-058	DOMAIN_GATED	RF27-G14; RF46-G37; RF52-G47/G48/G49	RF148-G138	RF148-P06-CALCULUS-PROBABILITY-LOGIC-GRAPHS	PREDECLARED_NOT_FROZEN	NOT_ACTIVATED_BY_INSTALLATION
NSR-DOM-059	DOMAIN_GATED	RF27-G14; RF46-G37; RF52-G47/G48/G49	RF148-G138	RF148-P06-CALCULUS-PROBABILITY-LOGIC-GRAPHS	PREDECLARED_NOT_FROZEN	NOT_ACTIVATED_BY_INSTALLATION
NSR-DOM-060	DOMAIN_GATED	RF27-G14; RF46-G37; RF52-G47/G48/G49	RF148-G138	RF148-P06-CALCULUS-PROBABILITY-LOGIC-GRAPHS	PREDECLARED_NOT_FROZEN	NOT_ACTIVATED_BY_INSTALLATION
NSR-DOM-061	DOMAIN_GATED	RF46-G29/G30; RF52-G47/G48	RF148-G139	RF148-P06-CALCULUS-PROBABILITY-LOGIC-GRAPHS	PREDECLARED_NOT_FROZEN	NOT_ACTIVATED_BY_INSTALLATION
NSR-DOM-062	DOMAIN_GATED	RF46-G29/G30; RF52-G47/G48	RF148-G139	RF148-P06-CALCULUS-PROBABILITY-LOGIC-GRAPHS	PREDECLARED_NOT_FROZEN	NOT_ACTIVATED_BY_INSTALLATION
NSR-DOM-063	DOMAIN_GATED	RF46-G29/G30; RF52-G47/G48	RF148-G139	RF148-P06-CALCULUS-PROBABILITY-LOGIC-GRAPHS	PREDECLARED_NOT_FROZEN	NOT_ACTIVATED_BY_INSTALLATION
NSR-DOM-064	DOMAIN_GATED	RF46-G29/G30; RF52-G47/G48	RF148-G139	RF148-P06-CALCULUS-PROBABILITY-LOGIC-GRAPHS	PREDECLARED_NOT_FROZEN	NOT_ACTIVATED_BY_INSTALLATION
NSR-DOM-065	DOMAIN_GATED	RF46-G29/G30; RF52-G47/G48	RF148-G139	RF148-P06-CALCULUS-PROBABILITY-LOGIC-GRAPHS	PREDECLARED_NOT_FROZEN	NOT_ACTIVATED_BY_INSTALLATION
NSR-DOM-066	DOMAIN_GATED	RF46-G29/G30; RF52-G47/G48	RF148-G139	RF148-P06-CALCULUS-PROBABILITY-LOGIC-GRAPHS	PREDECLARED_NOT_FROZEN	NOT_ACTIVATED_BY_INSTALLATION
NSR-DOM-067	DOMAIN_GATED	RF46-G29/G30; RF52-G47/G48	RF148-G139	RF148-P06-CALCULUS-PROBABILITY-LOGIC-GRAPHS	PREDECLARED_NOT_FROZEN	NOT_ACTIVATED_BY_INSTALLATION
NSR-DOM-068	DOMAIN_GATED	RF46-G29/G30; RF52-G47/G48	RF148-G139	RF148-P06-CALCULUS-PROBABILITY-LOGIC-GRAPHS	PREDECLARED_NOT_FROZEN	NOT_ACTIVATED_BY_INSTALLATION
NSR-DOM-069	DOMAIN_GATED	RF46-G29/G30; RF52-G47/G48	RF148-G139	RF148-P06-CALCULUS-PROBABILITY-LOGIC-GRAPHS	PREDECLARED_NOT_FROZEN	NOT_ACTIVATED_BY_INSTALLATION
NSR-DOM-070	DOMAIN_GATED	RF27-G09; RF46-G34/G45; RF52-G47/G48	RF148-G140	RF148-P06-CALCULUS-PROBABILITY-LOGIC-GRAPHS	PREDECLARED_NOT_FROZEN	NOT_ACTIVATED_BY_INSTALLATION
NSR-DOM-071	DOMAIN_GATED	RF27-G09; RF46-G34/G45; RF52-G47/G48	RF148-G140	RF148-P06-CALCULUS-PROBABILITY-LOGIC-GRAPHS	PREDECLARED_NOT_FROZEN	NOT_ACTIVATED_BY_INSTALLATION
NSR-DOM-072	DOMAIN_GATED	RF27-G09; RF46-G34/G45; RF52-G47/G48	RF148-G140	RF148-P06-CALCULUS-PROBABILITY-LOGIC-GRAPHS	PREDECLARED_NOT_FROZEN	NOT_ACTIVATED_BY_INSTALLATION
NSR-DOM-073	DOMAIN_GATED	RF27-G09; RF46-G34/G45; RF52-G47/G48	RF148-G140	RF148-P06-CALCULUS-PROBABILITY-LOGIC-GRAPHS	PREDECLARED_NOT_FROZEN	NOT_ACTIVATED_BY_INSTALLATION
NSR-DOM-074	DOMAIN_GATED	RF84-G53/G59/G60/G61/G64/G65/G83; RF52-G47/G48	RF148-G141	RF148-P07-TEXT-TEMPLATES-METADATA-RESERVATIONS	PREDECLARED_NOT_FROZEN	NOT_ACTIVATED_BY_INSTALLATION
NSR-DOM-075	DOMAIN_GATED	RF84-G53/G59/G60/G61/G64/G65/G83; RF52-G47/G48	RF148-G141	RF148-P07-TEXT-TEMPLATES-METADATA-RESERVATIONS	PREDECLARED_NOT_FROZEN	NOT_ACTIVATED_BY_INSTALLATION
NSR-DOM-076	DOMAIN_GATED	RF84-G53/G59/G60/G61/G64/G65/G83; RF52-G47/G48	RF148-G141	RF148-P07-TEXT-TEMPLATES-METADATA-RESERVATIONS	PREDECLARED_NOT_FROZEN	NOT_ACTIVATED_BY_INSTALLATION
NSR-DOM-077	DOMAIN_GATED	RF84-G53/G59/G60/G61/G64/G65/G83; RF52-G47/G48	RF148-G142	RF148-P07-TEXT-TEMPLATES-METADATA-RESERVATIONS	PREDECLARED_NOT_FROZEN	NOT_ACTIVATED_BY_INSTALLATION
NSR-DOM-078	DOMAIN_GATED	RF84-G53/G59/G60/G61/G64/G65/G83; RF52-G47/G48	RF148-G142	RF148-P07-TEXT-TEMPLATES-METADATA-RESERVATIONS	PREDECLARED_NOT_FROZEN	NOT_ACTIVATED_BY_INSTALLATION
NSR-DOM-079	DOMAIN_GATED	RF84-G53/G59/G60/G61/G64/G65/G83; RF52-G47/G48	RF148-G142	RF148-P07-TEXT-TEMPLATES-METADATA-RESERVATIONS	PREDECLARED_NOT_FROZEN	NOT_ACTIVATED_BY_INSTALLATION
NSR-DOM-080	DOMAIN_GATED	RF46-G28; RF52-G47/G48	RF148-G143	RF148-P07-TEXT-TEMPLATES-METADATA-RESERVATIONS	PREDECLARED_NOT_FROZEN	NOT_ACTIVATED_BY_INSTALLATION
NSR-RES-001	RESERVED	RF27-G03/G04; future decision	RF148-G144	RF148-P07-TEXT-TEMPLATES-METADATA-RESERVATIONS	PREDECLARED_NOT_FROZEN	NOT_ACTIVATED_BY_INSTALLATION
NSR-RES-002	RESERVED	RF27-G13; RF46-G31/G33/G45	RF148-G144	RF148-P07-TEXT-TEMPLATES-METADATA-RESERVATIONS	PREDECLARED_NOT_FROZEN	NOT_ACTIVATED_BY_INSTALLATION
NSR-RES-003	RESERVED	RF52-G47/G48	RF148-G144	RF148-P07-TEXT-TEMPLATES-METADATA-RESERVATIONS	PREDECLARED_NOT_FROZEN	NOT_ACTIVATED_BY_INSTALLATION
NSR-RES-004	RESERVED	RF27-G03; RF52-G47/G48	RF148-G144	RF148-P07-TEXT-TEMPLATES-METADATA-RESERVATIONS	PREDECLARED_NOT_FROZEN	NOT_ACTIVATED_BY_INSTALLATION
NSR-RES-005	RESERVED	RF84/RF116; future lexer decision	RF148-G144	RF148-P07-TEXT-TEMPLATES-METADATA-RESERVATIONS	PREDECLARED_NOT_FROZEN	NOT_ACTIVATED_BY_INSTALLATION
NSR-RES-006	RESERVED	RF116-G87/G88; RF52-G47/G48	RF148-G144	RF148-P07-TEXT-TEMPLATES-METADATA-RESERVATIONS	PREDECLARED_NOT_FROZEN	NOT_ACTIVATED_BY_INSTALLATION
NSR-RES-007	RESERVED	RF84-G61; RF52-G47	RF148-G144	RF148-P07-TEXT-TEMPLATES-METADATA-RESERVATIONS	PREDECLARED_NOT_FROZEN	NOT_ACTIVATED_BY_INSTALLATION
NSR-RES-008	RESERVED	RF84-G63; RF52-G47/G48	RF148-G144	RF148-P07-TEXT-TEMPLATES-METADATA-RESERVATIONS	PREDECLARED_NOT_FROZEN	NOT_ACTIVATED_BY_INSTALLATION
NSR-RES-009	RESERVED	RF52-G47/G48	RF148-G144	RF148-P07-TEXT-TEMPLATES-METADATA-RESERVATIONS	PREDECLARED_NOT_FROZEN	NOT_ACTIVATED_BY_INSTALLATION
NSR-RES-010	RESERVED	RF27-G01; RF52-G47/G48	RF148-G144	RF148-P07-TEXT-TEMPLATES-METADATA-RESERVATIONS	PREDECLARED_NOT_FROZEN	NOT_ACTIVATED_BY_INSTALLATION
NSR-RES-011	RESERVED	RF27-G01/G05; RF52-G47/G48	RF148-G144	RF148-P07-TEXT-TEMPLATES-METADATA-RESERVATIONS	PREDECLARED_NOT_FROZEN	NOT_ACTIVATED_BY_INSTALLATION
NSR-RES-012	RESERVED	RF27-G01; RF52-G47/G48	RF148-G144	RF148-P07-TEXT-TEMPLATES-METADATA-RESERVATIONS	PREDECLARED_NOT_FROZEN	NOT_ACTIVATED_BY_INSTALLATION
NSR-RES-013	RESERVED	RF27-G01; RF52-G47/G48	RF148-G144	RF148-P07-TEXT-TEMPLATES-METADATA-RESERVATIONS	PREDECLARED_NOT_FROZEN	NOT_ACTIVATED_BY_INSTALLATION
NSR-RES-014	RESERVED	RF27-G01; RF52-G47/G48	RF148-G144	RF148-P07-TEXT-TEMPLATES-METADATA-RESERVATIONS	PREDECLARED_NOT_FROZEN	NOT_ACTIVATED_BY_INSTALLATION
NSR-RES-015	RESERVED	RF27-G06/G07/G10; RF52-G47/G48	RF148-G144	RF148-P07-TEXT-TEMPLATES-METADATA-RESERVATIONS	PREDECLARED_NOT_FROZEN	NOT_ACTIVATED_BY_INSTALLATION
NSR-RES-016	RESERVED	RF27-G01/G06/G07; RF52-G47/G48	RF148-G144	RF148-P07-TEXT-TEMPLATES-METADATA-RESERVATIONS	PREDECLARED_NOT_FROZEN	NOT_ACTIVATED_BY_INSTALLATION
NSR-RES-017	RESERVED	RF27-G04; RF46-G44/G46; RF52-G51	RF148-G144	RF148-P07-TEXT-TEMPLATES-METADATA-RESERVATIONS	PREDECLARED_NOT_FROZEN	NOT_ACTIVATED_BY_INSTALLATION
NSR-RES-018	RESERVED	RF27-G04; RF46-G44/G46; RF52-G51	RF148-G144	RF148-P07-TEXT-TEMPLATES-METADATA-RESERVATIONS	PREDECLARED_NOT_FROZEN	NOT_ACTIVATED_BY_INSTALLATION
NSR-RES-019	RESERVED	RF27-G03; RF52-G47/G48	RF148-G144	RF148-P07-TEXT-TEMPLATES-METADATA-RESERVATIONS	PREDECLARED_NOT_FROZEN	NOT_ACTIVATED_BY_INSTALLATION
NSR-RES-020	RESERVED	RF27-G03/G07; RF52-G47/G48	RF148-G144	RF148-P07-TEXT-TEMPLATES-METADATA-RESERVATIONS	PREDECLARED_NOT_FROZEN	NOT_ACTIVATED_BY_INSTALLATION
NSR-RES-021	RESERVED	RF27-G14; RF52-G47/G48	RF148-G144	RF148-P07-TEXT-TEMPLATES-METADATA-RESERVATIONS	PREDECLARED_NOT_FROZEN	NOT_ACTIVATED_BY_INSTALLATION
NSR-RES-022	RESERVED	RF46-G29; RF52-G47/G48	RF148-G144	RF148-P07-TEXT-TEMPLATES-METADATA-RESERVATIONS	PREDECLARED_NOT_FROZEN	NOT_ACTIVATED_BY_INSTALLATION
NSR-RES-023	RESERVED	RF46-G29; RF52-G47	RF148-G144	RF148-P07-TEXT-TEMPLATES-METADATA-RESERVATIONS	PREDECLARED_NOT_FROZEN	NOT_ACTIVATED_BY_INSTALLATION
NSR-REJ-001	REJECTED	RF52-G47/G48	RF148-G145	RF148-P08-MIGRATION-LIFECYCLE-CONFORMANCE-CLOSEOUT	PREDECLARED_NOT_FROZEN	NOT_ACTIVATED_BY_INSTALLATION
NSR-REJ-002	REJECTED	RF52-G47/G48	RF148-G145	RF148-P08-MIGRATION-LIFECYCLE-CONFORMANCE-CLOSEOUT	PREDECLARED_NOT_FROZEN	NOT_ACTIVATED_BY_INSTALLATION
NSR-REJ-003	REJECTED	RF52-G47/G48	RF148-G145	RF148-P08-MIGRATION-LIFECYCLE-CONFORMANCE-CLOSEOUT	PREDECLARED_NOT_FROZEN	NOT_ACTIVATED_BY_INSTALLATION
NSR-REJ-004	REJECTED	RF27-G01; RF52-G47/G48	RF148-G145	RF148-P08-MIGRATION-LIFECYCLE-CONFORMANCE-CLOSEOUT	PREDECLARED_NOT_FROZEN	NOT_ACTIVATED_BY_INSTALLATION
NSR-REJ-005	REJECTED	RF27-G02; RF52-G47/G48	RF148-G145	RF148-P08-MIGRATION-LIFECYCLE-CONFORMANCE-CLOSEOUT	PREDECLARED_NOT_FROZEN	NOT_ACTIVATED_BY_INSTALLATION
NSR-REJ-006	REJECTED	RF27-G02; RF52-G47/G48	RF148-G145	RF148-P08-MIGRATION-LIFECYCLE-CONFORMANCE-CLOSEOUT	PREDECLARED_NOT_FROZEN	NOT_ACTIVATED_BY_INSTALLATION
NSR-REJ-007	REJECTED	RF27-G02; RF52-G47/G48	RF148-G145	RF148-P08-MIGRATION-LIFECYCLE-CONFORMANCE-CLOSEOUT	PREDECLARED_NOT_FROZEN	NOT_ACTIVATED_BY_INSTALLATION
NSR-REJ-008	REJECTED	RF27-G05; RF52-G47/G48	RF148-G145	RF148-P08-MIGRATION-LIFECYCLE-CONFORMANCE-CLOSEOUT	PREDECLARED_NOT_FROZEN	NOT_ACTIVATED_BY_INSTALLATION
NSR-REJ-009	REJECTED	RF27-G02; RF52-G47/G48	RF148-G145	RF148-P08-MIGRATION-LIFECYCLE-CONFORMANCE-CLOSEOUT	PREDECLARED_NOT_FROZEN	NOT_ACTIVATED_BY_INSTALLATION
NSR-REJ-010	REJECTED	RF27-G02/G03; RF52-G47/G48	RF148-G145	RF148-P08-MIGRATION-LIFECYCLE-CONFORMANCE-CLOSEOUT	PREDECLARED_NOT_FROZEN	NOT_ACTIVATED_BY_INSTALLATION
NSR-REJ-011	REJECTED	RF27-G02; RF52-G47/G48	RF148-G145	RF148-P08-MIGRATION-LIFECYCLE-CONFORMANCE-CLOSEOUT	PREDECLARED_NOT_FROZEN	NOT_ACTIVATED_BY_INSTALLATION
NSR-REJ-012	REJECTED	RF52-G47/G48	RF148-G145	RF148-P08-MIGRATION-LIFECYCLE-CONFORMANCE-CLOSEOUT	PREDECLARED_NOT_FROZEN	NOT_ACTIVATED_BY_INSTALLATION
NSR-REJ-013	REJECTED	RF52-G47/G48	RF148-G145	RF148-P08-MIGRATION-LIFECYCLE-CONFORMANCE-CLOSEOUT	PREDECLARED_NOT_FROZEN	NOT_ACTIVATED_BY_INSTALLATION
NSR-REJ-014	REJECTED	RF27-G05; RF46-G35; RF52-G47/G48	RF148-G145	RF148-P08-MIGRATION-LIFECYCLE-CONFORMANCE-CLOSEOUT	PREDECLARED_NOT_FROZEN	NOT_ACTIVATED_BY_INSTALLATION
NSR-REJ-015	REJECTED	RF52-G47	RF148-G145	RF148-P08-MIGRATION-LIFECYCLE-CONFORMANCE-CLOSEOUT	PREDECLARED_NOT_FROZEN	NOT_ACTIVATED_BY_INSTALLATION
NSR-REJ-016	REJECTED	RF27-G03/G05; RF52-G47/G48	RF148-G145	RF148-P08-MIGRATION-LIFECYCLE-CONFORMANCE-CLOSEOUT	PREDECLARED_NOT_FROZEN	NOT_ACTIVATED_BY_INSTALLATION
NSR-REJ-017	REJECTED	RF27-G06; RF52-G47/G48	RF148-G145	RF148-P08-MIGRATION-LIFECYCLE-CONFORMANCE-CLOSEOUT	PREDECLARED_NOT_FROZEN	NOT_ACTIVATED_BY_INSTALLATION
NSR-REJ-018	REJECTED	RF27-G04; RF52-G47/G48	RF148-G145	RF148-P08-MIGRATION-LIFECYCLE-CONFORMANCE-CLOSEOUT	PREDECLARED_NOT_FROZEN	NOT_ACTIVATED_BY_INSTALLATION
NSR-REJ-019	REJECTED	RF46-G35; RF52-G47/G48	RF148-G145	RF148-P08-MIGRATION-LIFECYCLE-CONFORMANCE-CLOSEOUT	PREDECLARED_NOT_FROZEN	NOT_ACTIVATED_BY_INSTALLATION
NSR-REJ-020	REJECTED	RF46-G35/G36; RF52-G47/G48	RF148-G145	RF148-P08-MIGRATION-LIFECYCLE-CONFORMANCE-CLOSEOUT	PREDECLARED_NOT_FROZEN	NOT_ACTIVATED_BY_INSTALLATION
NSR-REJ-021	REJECTED	RF46-G36; RF52-G47	RF148-G145	RF148-P08-MIGRATION-LIFECYCLE-CONFORMANCE-CLOSEOUT	PREDECLARED_NOT_FROZEN	NOT_ACTIVATED_BY_INSTALLATION
NSR-REJ-022	REJECTED	RF46-G35; RF52-G47	RF148-G145	RF148-P08-MIGRATION-LIFECYCLE-CONFORMANCE-CLOSEOUT	PREDECLARED_NOT_FROZEN	NOT_ACTIVATED_BY_INSTALLATION
NSR-REJ-023	REJECTED	RF84-G53/G59/G61; RF52-G47	RF148-G145	RF148-P08-MIGRATION-LIFECYCLE-CONFORMANCE-CLOSEOUT	PREDECLARED_NOT_FROZEN	NOT_ACTIVATED_BY_INSTALLATION
NSR-REJ-024	REJECTED	RF46-G28; RF52-G47/G48	RF148-G145	RF148-P08-MIGRATION-LIFECYCLE-CONFORMANCE-CLOSEOUT	PREDECLARED_NOT_FROZEN	NOT_ACTIVATED_BY_INSTALLATION
NSR-REJ-025	REJECTED	RF52-G47/G48/G51	RF148-G145	RF148-P08-MIGRATION-LIFECYCLE-CONFORMANCE-CLOSEOUT	PREDECLARED_NOT_FROZEN	NOT_ACTIVATED_BY_INSTALLATION
NSR-REJ-026	REJECTED	RF84-G60; RF52-G47	RF148-G145	RF148-P08-MIGRATION-LIFECYCLE-CONFORMANCE-CLOSEOUT	PREDECLARED_NOT_FROZEN	NOT_ACTIVATED_BY_INSTALLATION
