precedence	family	lexemes	associativity	class	domain	installation_state	source_registry_tsv_sha256
P180_SUFFIX	flow/member/call/binding dot	.	left/contextual	CORE_ALWAYS_ON	core	NOT_ACTIVATED_BY_INSTALLATION	b7e5694ceadf30ccffb4077c994fe230d2a10201b64dc6e9e218bdcf4b157f14
P180_SUFFIX	grouping and call delimiters	()	left	CORE_ALWAYS_ON	core	NOT_ACTIVATED_BY_INSTALLATION	b7e5694ceadf30ccffb4077c994fe230d2a10201b64dc6e9e218bdcf4b157f14
STRUCTURAL	block delimiters	{}	N/A	CORE_ALWAYS_ON	core	NOT_ACTIVATED_BY_INSTALLATION	b7e5694ceadf30ccffb4077c994fe230d2a10201b64dc6e9e218bdcf4b157f14
P180_SUFFIX_WHEN_INDEXING_EXISTS	array/list/type delimiters	[]	left/contextual	CORE_ALWAYS_ON	core	NOT_ACTIVATED_BY_INSTALLATION	b7e5694ceadf30ccffb4077c994fe230d2a10201b64dc6e9e218bdcf4b157f14
TYPE_GRAMMAR	generic type argument delimiters	<...>	N/A	CORE_ALWAYS_ON	core	NOT_ACTIVATED_BY_INSTALLATION	b7e5694ceadf30ccffb4077c994fe230d2a10201b64dc6e9e218bdcf4b157f14
STRUCTURAL	separator	,	N/A	CORE_ALWAYS_ON	core	NOT_ACTIVATED_BY_INSTALLATION	b7e5694ceadf30ccffb4077c994fe230d2a10201b64dc6e9e218bdcf4b157f14
STRUCTURAL	statement terminator	;	N/A	CORE_ALWAYS_ON	core	NOT_ACTIVATED_BY_INSTALLATION	b7e5694ceadf30ccffb4077c994fe230d2a10201b64dc6e9e218bdcf4b157f14
STRUCTURAL	typed/named separator	:	N/A	CORE_ALWAYS_ON	core	NOT_ACTIVATED_BY_INSTALLATION	b7e5694ceadf30ccffb4077c994fe230d2a10201b64dc6e9e218bdcf4b157f14
STRUCTURAL	return-type and match-arm arrow	->	right/contextual	CORE_ALWAYS_ON	core	NOT_ACTIVATED_BY_INSTALLATION	b7e5694ceadf30ccffb4077c994fe230d2a10201b64dc6e9e218bdcf4b157f14
STRUCTURAL	wildcard and ignored binding	_	N/A	CORE_ALWAYS_ON	core	NOT_ACTIVATED_BY_INSTALLATION	b7e5694ceadf30ccffb4077c994fe230d2a10201b64dc6e9e218bdcf4b157f14
LEXICAL	line comment introducer	//	N/A	CORE_ALWAYS_ON	core	NOT_ACTIVATED_BY_INSTALLATION	b7e5694ceadf30ccffb4077c994fe230d2a10201b64dc6e9e218bdcf4b157f14
P130_ADDITIVE	addition	+	left	CORE_ALWAYS_ON	core.numeric	NOT_ACTIVATED_BY_INSTALLATION	b7e5694ceadf30ccffb4077c994fe230d2a10201b64dc6e9e218bdcf4b157f14
P130_ADDITIVE	subtraction	-	left	CORE_ALWAYS_ON	core.numeric	NOT_ACTIVATED_BY_INSTALLATION	b7e5694ceadf30ccffb4077c994fe230d2a10201b64dc6e9e218bdcf4b157f14
P140_MULTIPLICATIVE	multiplication	*	left	CORE_ALWAYS_ON	core.numeric	NOT_ACTIVATED_BY_INSTALLATION	b7e5694ceadf30ccffb4077c994fe230d2a10201b64dc6e9e218bdcf4b157f14
P140_MULTIPLICATIVE	division	/	left	CORE_ALWAYS_ON	core.numeric	NOT_ACTIVATED_BY_INSTALLATION	b7e5694ceadf30ccffb4077c994fe230d2a10201b64dc6e9e218bdcf4b157f14
P140_MULTIPLICATIVE	remainder	%	left	CORE_ALWAYS_ON	core.numeric	NOT_ACTIVATED_BY_INSTALLATION	b7e5694ceadf30ccffb4077c994fe230d2a10201b64dc6e9e218bdcf4b157f14
P160_POWER	power	^	right	CORE_ALWAYS_ON	core.numeric	NOT_ACTIVATED_BY_INSTALLATION	b7e5694ceadf30ccffb4077c994fe230d2a10201b64dc6e9e218bdcf4b157f14
P150_PREFIX	unary plus	+	right	CORE_ALWAYS_ON	core.numeric	NOT_ACTIVATED_BY_INSTALLATION	b7e5694ceadf30ccffb4077c994fe230d2a10201b64dc6e9e218bdcf4b157f14
P150_PREFIX	unary negation	-	right	CORE_ALWAYS_ON	core.numeric	NOT_ACTIVATED_BY_INSTALLATION	b7e5694ceadf30ccffb4077c994fe230d2a10201b64dc6e9e218bdcf4b157f14
P150_PREFIX	logical NOT	!	right	CORE_ALWAYS_ON	core.logic	NOT_ACTIVATED_BY_INSTALLATION	b7e5694ceadf30ccffb4077c994fe230d2a10201b64dc6e9e218bdcf4b157f14
P090_AND	logical AND	&&	left	CORE_ALWAYS_ON	core.logic	NOT_ACTIVATED_BY_INSTALLATION	b7e5694ceadf30ccffb4077c994fe230d2a10201b64dc6e9e218bdcf4b157f14
P080_OR	logical OR	||	left	CORE_ALWAYS_ON	core.logic	NOT_ACTIVATED_BY_INSTALLATION	b7e5694ceadf30ccffb4077c994fe230d2a10201b64dc6e9e218bdcf4b157f14
P100_XOR	typed XOR	xor	left	CORE_ALWAYS_ON	core.logic_bits	NOT_ACTIVATED_BY_INSTALLATION	b7e5694ceadf30ccffb4077c994fe230d2a10201b64dc6e9e218bdcf4b157f14
P120_RELATIONAL	less than	<	non-associative	CORE_ALWAYS_ON	core.compare	NOT_ACTIVATED_BY_INSTALLATION	b7e5694ceadf30ccffb4077c994fe230d2a10201b64dc6e9e218bdcf4b157f14
P120_RELATIONAL	less than or equal	<=	non-associative	CORE_ALWAYS_ON	core.compare	NOT_ACTIVATED_BY_INSTALLATION	b7e5694ceadf30ccffb4077c994fe230d2a10201b64dc6e9e218bdcf4b157f14
P120_RELATIONAL	greater than	>	non-associative	CORE_ALWAYS_ON	core.compare	NOT_ACTIVATED_BY_INSTALLATION	b7e5694ceadf30ccffb4077c994fe230d2a10201b64dc6e9e218bdcf4b157f14
P120_RELATIONAL	greater than or equal	>=	non-associative	CORE_ALWAYS_ON	core.compare	NOT_ACTIVATED_BY_INSTALLATION	b7e5694ceadf30ccffb4077c994fe230d2a10201b64dc6e9e218bdcf4b157f14
P110_EQUALITY	equality	==	non-associative	CORE_ALWAYS_ON	core.eq	NOT_ACTIVATED_BY_INSTALLATION	b7e5694ceadf30ccffb4077c994fe230d2a10201b64dc6e9e218bdcf4b157f14
P110_EQUALITY	inequality	!=	non-associative	CORE_ALWAYS_ON	core.eq	NOT_ACTIVATED_BY_INSTALLATION	b7e5694ceadf30ccffb4077c994fe230d2a10201b64dc6e9e218bdcf4b157f14
P120_RELATIONAL	three-way comparison	<=>	non-associative	CORE_ALWAYS_ON	core.compare	NOT_ACTIVATED_BY_INSTALLATION	b7e5694ceadf30ccffb4077c994fe230d2a10201b64dc6e9e218bdcf4b157f14
P020_ASSIGNMENT	assignment statement	=	right/statement	CORE_ALWAYS_ON	core.mutation	NOT_ACTIVATED_BY_INSTALLATION	b7e5694ceadf30ccffb4077c994fe230d2a10201b64dc6e9e218bdcf4b157f14
P020_ASSIGNMENT	checked add assignment	+=	right/statement	CORE_ALWAYS_ON	core.mutation	NOT_ACTIVATED_BY_INSTALLATION	b7e5694ceadf30ccffb4077c994fe230d2a10201b64dc6e9e218bdcf4b157f14
P020_ASSIGNMENT	checked subtract assignment	-=	right/statement	CORE_ALWAYS_ON	core.mutation	NOT_ACTIVATED_BY_INSTALLATION	b7e5694ceadf30ccffb4077c994fe230d2a10201b64dc6e9e218bdcf4b157f14
P020_ASSIGNMENT	checked multiply assignment	*=	right/statement	CORE_ALWAYS_ON	core.mutation	NOT_ACTIVATED_BY_INSTALLATION	b7e5694ceadf30ccffb4077c994fe230d2a10201b64dc6e9e218bdcf4b157f14
P020_ASSIGNMENT	checked divide assignment	/=	right/statement	CORE_ALWAYS_ON	core.mutation	NOT_ACTIVATED_BY_INSTALLATION	b7e5694ceadf30ccffb4077c994fe230d2a10201b64dc6e9e218bdcf4b157f14
P020_ASSIGNMENT	checked remainder assignment	%=	right/statement	CORE_ALWAYS_ON	core.mutation	NOT_ACTIVATED_BY_INSTALLATION	b7e5694ceadf30ccffb4077c994fe230d2a10201b64dc6e9e218bdcf4b157f14
P020_ASSIGNMENT	checked power assignment	^=	right/statement	CORE_ALWAYS_ON	core.mutation	NOT_ACTIVATED_BY_INSTALLATION	b7e5694ceadf30ccffb4077c994fe230d2a10201b64dc6e9e218bdcf4b157f14
P170_POSTFIX	Result propagation	?	left	CORE_ALWAYS_ON	core.result	NOT_ACTIVATED_BY_INSTALLATION	b7e5694ceadf30ccffb4077c994fe230d2a10201b64dc6e9e218bdcf4b157f14
P050_COALESCE	Option coalescing	??	right	CORE_ALWAYS_ON	core.option	NOT_ACTIVATED_BY_INSTALLATION	b7e5694ceadf30ccffb4077c994fe230d2a10201b64dc6e9e218bdcf4b157f14
P180_SUFFIX	Option-safe member/call chain	?.	left	CORE_ALWAYS_ON	core.option	NOT_ACTIVATED_BY_INSTALLATION	b7e5694ceadf30ccffb4077c994fe230d2a10201b64dc6e9e218bdcf4b157f14
P020_ASSIGNMENT	assign when None	??=	right/statement	CORE_ALWAYS_ON	core.option_mutation	NOT_ACTIVATED_BY_INSTALLATION	b7e5694ceadf30ccffb4077c994fe230d2a10201b64dc6e9e218bdcf4b157f14
P170_POSTFIX	typed percentage	%	left	CORE_ALWAYS_ON	core.quantity	NOT_ACTIVATED_BY_INSTALLATION	b7e5694ceadf30ccffb4077c994fe230d2a10201b64dc6e9e218bdcf4b157f14
P125_RANGE	inclusive range	…	non-associative	CORE_ALWAYS_ON	core.range	NOT_ACTIVATED_BY_INSTALLATION	b7e5694ceadf30ccffb4077c994fe230d2a10201b64dc6e9e218bdcf4b157f14
P125_RANGE	range excluding end	…<	non-associative	CORE_ALWAYS_ON	core.range	NOT_ACTIVATED_BY_INSTALLATION	b7e5694ceadf30ccffb4077c994fe230d2a10201b64dc6e9e218bdcf4b157f14
P125_RANGE	range excluding start	<…	non-associative	CORE_ALWAYS_ON	core.range	NOT_ACTIVATED_BY_INSTALLATION	b7e5694ceadf30ccffb4077c994fe230d2a10201b64dc6e9e218bdcf4b157f14
P125_RANGE	exclusive range	<…<	non-associative	CORE_ALWAYS_ON	core.range	NOT_ACTIVATED_BY_INSTALLATION	b7e5694ceadf30ccffb4077c994fe230d2a10201b64dc6e9e218bdcf4b157f14
SPECIAL_LATERAL_FLOW	lateral flow/tap	..	non-associative	CORE_ALWAYS_ON	core.flow	NOT_ACTIVATED_BY_INSTALLATION	b7e5694ceadf30ccffb4077c994fe230d2a10201b64dc6e9e218bdcf4b157f14
SAME_AS_ASCII	Unicode minus	−	same as `-`	UNICODE_ALIAS	core.numeric	NOT_ACTIVATED_BY_INSTALLATION	b7e5694ceadf30ccffb4077c994fe230d2a10201b64dc6e9e218bdcf4b157f14
SAME_AS_ASCII	Unicode division	÷	left	UNICODE_ALIAS	core.numeric	NOT_ACTIVATED_BY_INSTALLATION	b7e5694ceadf30ccffb4077c994fe230d2a10201b64dc6e9e218bdcf4b157f14
SAME_AS_ASCII	Unicode less-or-equal	≤	non-associative	UNICODE_ALIAS	core.compare	NOT_ACTIVATED_BY_INSTALLATION	b7e5694ceadf30ccffb4077c994fe230d2a10201b64dc6e9e218bdcf4b157f14
SAME_AS_ASCII	Unicode greater-or-equal	≥	non-associative	UNICODE_ALIAS	core.compare	NOT_ACTIVATED_BY_INSTALLATION	b7e5694ceadf30ccffb4077c994fe230d2a10201b64dc6e9e218bdcf4b157f14
SAME_AS_ASCII	Unicode not-equal	≠	non-associative	UNICODE_ALIAS	core.eq	NOT_ACTIVATED_BY_INSTALLATION	b7e5694ceadf30ccffb4077c994fe230d2a10201b64dc6e9e218bdcf4b157f14
SAME_AS_ASCII	Unicode logical AND	∧	left	UNICODE_ALIAS	core.logic	NOT_ACTIVATED_BY_INSTALLATION	b7e5694ceadf30ccffb4077c994fe230d2a10201b64dc6e9e218bdcf4b157f14
SAME_AS_ASCII	Unicode logical OR	∨	left	UNICODE_ALIAS	core.logic	NOT_ACTIVATED_BY_INSTALLATION	b7e5694ceadf30ccffb4077c994fe230d2a10201b64dc6e9e218bdcf4b157f14
SAME_AS_ASCII	Unicode logical NOT	¬	right	UNICODE_ALIAS	core.logic	NOT_ACTIVATED_BY_INSTALLATION	b7e5694ceadf30ccffb4077c994fe230d2a10201b64dc6e9e218bdcf4b157f14
SAME_AS_ASCII	Unicode XOR	⊻	left	UNICODE_ALIAS	core.logic_bits	NOT_ACTIVATED_BY_INSTALLATION	b7e5694ceadf30ccffb4077c994fe230d2a10201b64dc6e9e218bdcf4b157f14
P150_PREFIX	square root	√	right	DOMAIN_GATED	std.math	NOT_ACTIVATED_BY_INSTALLATION	b7e5694ceadf30ccffb4077c994fe230d2a10201b64dc6e9e218bdcf4b157f14
P150_PREFIX	cube root	∛	right	DOMAIN_GATED	std.math	NOT_ACTIVATED_BY_INSTALLATION	b7e5694ceadf30ccffb4077c994fe230d2a10201b64dc6e9e218bdcf4b157f14
P150_PREFIX	fourth root	∜	right	DOMAIN_GATED	std.math	NOT_ACTIVATED_BY_INSTALLATION	b7e5694ceadf30ccffb4077c994fe230d2a10201b64dc6e9e218bdcf4b157f14
P170_POSTFIX	factorial	!	left	DOMAIN_GATED	std.math.combinatorics	NOT_ACTIVATED_BY_INSTALLATION	b7e5694ceadf30ccffb4077c994fe230d2a10201b64dc6e9e218bdcf4b157f14
LITERAL	typed infinity literal	∞	N/A	DOMAIN_GATED	std.math.extended	NOT_ACTIVATED_BY_INSTALLATION	b7e5694ceadf30ccffb4077c994fe230d2a10201b64dc6e9e218bdcf4b157f14
LITERAL	pi constant	π	N/A	DOMAIN_GATED	std.math.constants	NOT_ACTIVATED_BY_INSTALLATION	b7e5694ceadf30ccffb4077c994fe230d2a10201b64dc6e9e218bdcf4b157f14
LITERAL	tau constant	τ	N/A	DOMAIN_GATED	std.math.constants	NOT_ACTIVATED_BY_INSTALLATION	b7e5694ceadf30ccffb4077c994fe230d2a10201b64dc6e9e218bdcf4b157f14
BINDER	summation binder	∑	N/A	DOMAIN_GATED	std.math.reduce	NOT_ACTIVATED_BY_INSTALLATION	b7e5694ceadf30ccffb4077c994fe230d2a10201b64dc6e9e218bdcf4b157f14
BINDER	product binder	∏	N/A	DOMAIN_GATED	std.math.reduce	NOT_ACTIVATED_BY_INSTALLATION	b7e5694ceadf30ccffb4077c994fe230d2a10201b64dc6e9e218bdcf4b157f14
P130_ADDITIVE	value with symmetric uncertainty	±	left	DOMAIN_GATED	std.measurement	NOT_ACTIVATED_BY_INSTALLATION	b7e5694ceadf30ccffb4077c994fe230d2a10201b64dc6e9e218bdcf4b157f14
P110_EQUALITY	approximate equality	≈	non-associative	DOMAIN_GATED	std.math.approx	NOT_ACTIVATED_BY_INSTALLATION	b7e5694ceadf30ccffb4077c994fe230d2a10201b64dc6e9e218bdcf4b157f14
P110_EQUALITY	not approximately equal	≉	non-associative	DOMAIN_GATED	std.math.approx	NOT_ACTIVATED_BY_INSTALLATION	b7e5694ceadf30ccffb4077c994fe230d2a10201b64dc6e9e218bdcf4b157f14
P110_EQUALITY	symbolic or structural equivalence	≡	non-associative	DOMAIN_GATED	std.symbolic	NOT_ACTIVATED_BY_INSTALLATION	b7e5694ceadf30ccffb4077c994fe230d2a10201b64dc6e9e218bdcf4b157f14
P120_RELATIONAL	divides	∣	non-associative	DOMAIN_GATED	std.math.number_theory	NOT_ACTIVATED_BY_INSTALLATION	b7e5694ceadf30ccffb4077c994fe230d2a10201b64dc6e9e218bdcf4b157f14
P120_RELATIONAL	does not divide	∤	non-associative	DOMAIN_GATED	std.math.number_theory	NOT_ACTIVATED_BY_INSTALLATION	b7e5694ceadf30ccffb4077c994fe230d2a10201b64dc6e9e218bdcf4b157f14
DELIMITER_OPERATOR	floor delimiters	⌊x⌋	N/A	DOMAIN_GATED	std.math.rounding	NOT_ACTIVATED_BY_INSTALLATION	b7e5694ceadf30ccffb4077c994fe230d2a10201b64dc6e9e218bdcf4b157f14
DELIMITER_OPERATOR	ceiling delimiters	⌈x⌉	N/A	DOMAIN_GATED	std.math.rounding	NOT_ACTIVATED_BY_INSTALLATION	b7e5694ceadf30ccffb4077c994fe230d2a10201b64dc6e9e218bdcf4b157f14
P120_RELATIONAL	proportional to	∝	non-associative	DOMAIN_GATED	std.symbolic	NOT_ACTIVATED_BY_INSTALLATION	b7e5694ceadf30ccffb4077c994fe230d2a10201b64dc6e9e218bdcf4b157f14
P170_POSTFIX	degree suffix	°	left	DOMAIN_GATED	std.units.angle	NOT_ACTIVATED_BY_INSTALLATION	b7e5694ceadf30ccffb4077c994fe230d2a10201b64dc6e9e218bdcf4b157f14
P170_POSTFIX	per-mille suffix	‰	left	DOMAIN_GATED	std.units.ratio	NOT_ACTIVATED_BY_INSTALLATION	b7e5694ceadf30ccffb4077c994fe230d2a10201b64dc6e9e218bdcf4b157f14
P170_POSTFIX	basis-point suffix	‱	left	DOMAIN_GATED	std.units.ratio	NOT_ACTIVATED_BY_INSTALLATION	b7e5694ceadf30ccffb4077c994fe230d2a10201b64dc6e9e218bdcf4b157f14
P170_POSTFIX	Celsius suffix	°C	left	DOMAIN_GATED	std.units.temperature	NOT_ACTIVATED_BY_INSTALLATION	b7e5694ceadf30ccffb4077c994fe230d2a10201b64dc6e9e218bdcf4b157f14
P170_POSTFIX	Fahrenheit suffix	°F	left	DOMAIN_GATED	std.units.temperature	NOT_ACTIVATED_BY_INSTALLATION	b7e5694ceadf30ccffb4077c994fe230d2a10201b64dc6e9e218bdcf4b157f14
P120_RELATIONAL	membership	∈	non-associative	DOMAIN_GATED	std.set	NOT_ACTIVATED_BY_INSTALLATION	b7e5694ceadf30ccffb4077c994fe230d2a10201b64dc6e9e218bdcf4b157f14
P120_RELATIONAL	non-membership	∉	non-associative	DOMAIN_GATED	std.set	NOT_ACTIVATED_BY_INSTALLATION	b7e5694ceadf30ccffb4077c994fe230d2a10201b64dc6e9e218bdcf4b157f14
P130_ADDITIVE	set union	∪	left	DOMAIN_GATED	std.set	NOT_ACTIVATED_BY_INSTALLATION	b7e5694ceadf30ccffb4077c994fe230d2a10201b64dc6e9e218bdcf4b157f14
P140_MULTIPLICATIVE	set intersection	∩	left	DOMAIN_GATED	std.set	NOT_ACTIVATED_BY_INSTALLATION	b7e5694ceadf30ccffb4077c994fe230d2a10201b64dc6e9e218bdcf4b157f14
P130_ADDITIVE	set difference	∖	left	DOMAIN_GATED	std.set	NOT_ACTIVATED_BY_INSTALLATION	b7e5694ceadf30ccffb4077c994fe230d2a10201b64dc6e9e218bdcf4b157f14
P130_ADDITIVE	symmetric difference	△	left	DOMAIN_GATED	std.set	NOT_ACTIVATED_BY_INSTALLATION	b7e5694ceadf30ccffb4077c994fe230d2a10201b64dc6e9e218bdcf4b157f14
P120_RELATIONAL	subset or equal	⊆	non-associative	DOMAIN_GATED	std.set	NOT_ACTIVATED_BY_INSTALLATION	b7e5694ceadf30ccffb4077c994fe230d2a10201b64dc6e9e218bdcf4b157f14
P120_RELATIONAL	proper subset	⊂	non-associative	DOMAIN_GATED	std.set	NOT_ACTIVATED_BY_INSTALLATION	b7e5694ceadf30ccffb4077c994fe230d2a10201b64dc6e9e218bdcf4b157f14
P120_RELATIONAL	superset or equal	⊇	non-associative	DOMAIN_GATED	std.set	NOT_ACTIVATED_BY_INSTALLATION	b7e5694ceadf30ccffb4077c994fe230d2a10201b64dc6e9e218bdcf4b157f14
P120_RELATIONAL	proper superset	⊃	non-associative	DOMAIN_GATED	std.set	NOT_ACTIVATED_BY_INSTALLATION	b7e5694ceadf30ccffb4077c994fe230d2a10201b64dc6e9e218bdcf4b157f14
P140_MULTIPLICATIVE	Cartesian product	×	left	DOMAIN_GATED	std.set	NOT_ACTIVATED_BY_INSTALLATION	b7e5694ceadf30ccffb4077c994fe230d2a10201b64dc6e9e218bdcf4b157f14
LITERAL	empty set literal	∅	N/A	DOMAIN_GATED	std.set	NOT_ACTIVATED_BY_INSTALLATION	b7e5694ceadf30ccffb4077c994fe230d2a10201b64dc6e9e218bdcf4b157f14
P140_MULTIPLICATIVE	dot/inner scalar product	·	left	DOMAIN_GATED	std.linalg	NOT_ACTIVATED_BY_INSTALLATION	b7e5694ceadf30ccffb4077c994fe230d2a10201b64dc6e9e218bdcf4b157f14
P140_MULTIPLICATIVE	vector cross product	×	left	DOMAIN_GATED	std.linalg.geometry	NOT_ACTIVATED_BY_INSTALLATION	b7e5694ceadf30ccffb4077c994fe230d2a10201b64dc6e9e218bdcf4b157f14
P140_MULTIPLICATIVE	Hadamard product	⊙	left	DOMAIN_GATED	std.linalg	NOT_ACTIVATED_BY_INSTALLATION	b7e5694ceadf30ccffb4077c994fe230d2a10201b64dc6e9e218bdcf4b157f14
P140_MULTIPLICATIVE	tensor/Kronecker product	⊗	left	DOMAIN_GATED	std.linalg	NOT_ACTIVATED_BY_INSTALLATION	b7e5694ceadf30ccffb4077c994fe230d2a10201b64dc6e9e218bdcf4b157f14
P130_ADDITIVE	direct sum	⊕	left	DOMAIN_GATED	std.linalg	NOT_ACTIVATED_BY_INSTALLATION	b7e5694ceadf30ccffb4077c994fe230d2a10201b64dc6e9e218bdcf4b157f14
P170_POSTFIX	transpose	ᵀ	left	DOMAIN_GATED	std.linalg	NOT_ACTIVATED_BY_INSTALLATION	b7e5694ceadf30ccffb4077c994fe230d2a10201b64dc6e9e218bdcf4b157f14
P170_POSTFIX	adjoint	†	left	DOMAIN_GATED	std.linalg.complex	NOT_ACTIVATED_BY_INSTALLATION	b7e5694ceadf30ccffb4077c994fe230d2a10201b64dc6e9e218bdcf4b157f14
P170_POSTFIX	inverse	⁻¹	left	DOMAIN_GATED	std.linalg	NOT_ACTIVATED_BY_INSTALLATION	b7e5694ceadf30ccffb4077c994fe230d2a10201b64dc6e9e218bdcf4b157f14
DELIMITER_OPERATOR	norm delimiters	‖x‖	N/A	DOMAIN_GATED	std.linalg	NOT_ACTIVATED_BY_INSTALLATION	b7e5694ceadf30ccffb4077c994fe230d2a10201b64dc6e9e218bdcf4b157f14
DELIMITER_OPERATOR	inner product delimiters	⟨u,v⟩	N/A	DOMAIN_GATED	std.linalg	NOT_ACTIVATED_BY_INSTALLATION	b7e5694ceadf30ccffb4077c994fe230d2a10201b64dc6e9e218bdcf4b157f14
P145_COMPOSITION	function/operator composition	∘	right	DOMAIN_GATED	std.functional	NOT_ACTIVATED_BY_INSTALLATION	b7e5694ceadf30ccffb4077c994fe230d2a10201b64dc6e9e218bdcf4b157f14
P120_RELATIONAL	orthogonality	⟂	non-associative	DOMAIN_GATED	std.linalg.geometry	NOT_ACTIVATED_BY_INSTALLATION	b7e5694ceadf30ccffb4077c994fe230d2a10201b64dc6e9e218bdcf4b157f14
P120_RELATIONAL	parallel relation	∥	non-associative	DOMAIN_GATED	std.geometry	NOT_ACTIVATED_BY_INSTALLATION	b7e5694ceadf30ccffb4077c994fe230d2a10201b64dc6e9e218bdcf4b157f14
BINDER	integral binder	∫	N/A	DOMAIN_GATED	std.calculus	NOT_ACTIVATED_BY_INSTALLATION	b7e5694ceadf30ccffb4077c994fe230d2a10201b64dc6e9e218bdcf4b157f14
BINDER	double integral binder	∬	N/A	DOMAIN_GATED	std.calculus	NOT_ACTIVATED_BY_INSTALLATION	b7e5694ceadf30ccffb4077c994fe230d2a10201b64dc6e9e218bdcf4b157f14
BINDER	triple integral binder	∭	N/A	DOMAIN_GATED	std.calculus	NOT_ACTIVATED_BY_INSTALLATION	b7e5694ceadf30ccffb4077c994fe230d2a10201b64dc6e9e218bdcf4b157f14
BINDER	contour integral binder	∮	N/A	DOMAIN_GATED	std.calculus	NOT_ACTIVATED_BY_INSTALLATION	b7e5694ceadf30ccffb4077c994fe230d2a10201b64dc6e9e218bdcf4b157f14
BINDER	partial derivative	∂	N/A	DOMAIN_GATED	std.calculus	NOT_ACTIVATED_BY_INSTALLATION	b7e5694ceadf30ccffb4077c994fe230d2a10201b64dc6e9e218bdcf4b157f14
P150_PREFIX	gradient	∇	right	DOMAIN_GATED	std.calculus	NOT_ACTIVATED_BY_INSTALLATION	b7e5694ceadf30ccffb4077c994fe230d2a10201b64dc6e9e218bdcf4b157f14
P150_PREFIX	divergence	∇·	right	DOMAIN_GATED	std.calculus	NOT_ACTIVATED_BY_INSTALLATION	b7e5694ceadf30ccffb4077c994fe230d2a10201b64dc6e9e218bdcf4b157f14
P150_PREFIX	curl	∇×	right	DOMAIN_GATED	std.calculus	NOT_ACTIVATED_BY_INSTALLATION	b7e5694ceadf30ccffb4077c994fe230d2a10201b64dc6e9e218bdcf4b157f14
P150_PREFIX	Laplacian	Δ	right	DOMAIN_GATED	std.calculus	NOT_ACTIVATED_BY_INSTALLATION	b7e5694ceadf30ccffb4077c994fe230d2a10201b64dc6e9e218bdcf4b157f14
SPECIAL_PROBABILITY	distributed as	∼	non-associative	DOMAIN_GATED	std.probability	NOT_ACTIVATED_BY_INSTALLATION	b7e5694ceadf30ccffb4077c994fe230d2a10201b64dc6e9e218bdcf4b157f14
P120_RELATIONAL	probabilistic independence	⫫	non-associative	DOMAIN_GATED	std.probability	NOT_ACTIVATED_BY_INSTALLATION	b7e5694ceadf30ccffb4077c994fe230d2a10201b64dc6e9e218bdcf4b157f14
PROBABILITY_GRAMMAR	conditional probability separator	|	N/A	DOMAIN_GATED	std.probability	NOT_ACTIVATED_BY_INSTALLATION	b7e5694ceadf30ccffb4077c994fe230d2a10201b64dc6e9e218bdcf4b157f14
BINDER	universal quantifier	∀	N/A	DOMAIN_GATED	std.logic	NOT_ACTIVATED_BY_INSTALLATION	b7e5694ceadf30ccffb4077c994fe230d2a10201b64dc6e9e218bdcf4b157f14
BINDER	existential quantifier	∃	N/A	DOMAIN_GATED	std.logic	NOT_ACTIVATED_BY_INSTALLATION	b7e5694ceadf30ccffb4077c994fe230d2a10201b64dc6e9e218bdcf4b157f14
BINDER	non-existence quantifier	∄	N/A	DOMAIN_GATED	std.logic	NOT_ACTIVATED_BY_INSTALLATION	b7e5694ceadf30ccffb4077c994fe230d2a10201b64dc6e9e218bdcf4b157f14
P070_IMPLICATION	logical implication	⇒	right	DOMAIN_GATED	std.logic	NOT_ACTIVATED_BY_INSTALLATION	b7e5694ceadf30ccffb4077c994fe230d2a10201b64dc6e9e218bdcf4b157f14
P060_EQUIVALENCE	logical equivalence	⇔	non-associative	DOMAIN_GATED	std.logic	NOT_ACTIVATED_BY_INSTALLATION	b7e5694ceadf30ccffb4077c994fe230d2a10201b64dc6e9e218bdcf4b157f14
PROOF_GRAMMAR	provability relation	⊢	N/A	DOMAIN_GATED	std.proof	NOT_ACTIVATED_BY_INSTALLATION	b7e5694ceadf30ccffb4077c994fe230d2a10201b64dc6e9e218bdcf4b157f14
PROOF_GRAMMAR	semantic satisfaction	⊨	N/A	DOMAIN_GATED	std.model	NOT_ACTIVATED_BY_INSTALLATION	b7e5694ceadf30ccffb4077c994fe230d2a10201b64dc6e9e218bdcf4b157f14
P090_AND	NAND	⊼	left	DOMAIN_GATED	std.logic	NOT_ACTIVATED_BY_INSTALLATION	b7e5694ceadf30ccffb4077c994fe230d2a10201b64dc6e9e218bdcf4b157f14
P080_OR	NOR	⊽	left	DOMAIN_GATED	std.logic	NOT_ACTIVATED_BY_INSTALLATION	b7e5694ceadf30ccffb4077c994fe230d2a10201b64dc6e9e218bdcf4b157f14
GRAPH_GRAMMAR	directed relation/edge	→	non-associative	DOMAIN_GATED	std.graph	NOT_ACTIVATED_BY_INSTALLATION	b7e5694ceadf30ccffb4077c994fe230d2a10201b64dc6e9e218bdcf4b157f14
GRAPH_GRAMMAR	bidirectional relation/edge	↔	non-associative	DOMAIN_GATED	std.graph	NOT_ACTIVATED_BY_INSTALLATION	b7e5694ceadf30ccffb4077c994fe230d2a10201b64dc6e9e218bdcf4b157f14
GRAPH_GRAMMAR	asynchronous/dataflow edge	⇢	non-associative	DOMAIN_GATED	std.workflow	NOT_ACTIVATED_BY_INSTALLATION	b7e5694ceadf30ccffb4077c994fe230d2a10201b64dc6e9e218bdcf4b157f14
GRAPH_GRAMMAR	state transition	⟶	non-associative	DOMAIN_GATED	std.statechart	NOT_ACTIVATED_BY_INSTALLATION	b7e5694ceadf30ccffb4077c994fe230d2a10201b64dc6e9e218bdcf4b157f14
P130_ADDITIVE	Text concatenation	⧺	left	DOMAIN_GATED	std.text	NOT_ACTIVATED_BY_INSTALLATION	b7e5694ceadf30ccffb4077c994fe230d2a10201b64dc6e9e218bdcf4b157f14
P110_EQUALITY	pattern/regex match	=~	non-associative	DOMAIN_GATED	std.regex	NOT_ACTIVATED_BY_INSTALLATION	b7e5694ceadf30ccffb4077c994fe230d2a10201b64dc6e9e218bdcf4b157f14
P110_EQUALITY	pattern/regex non-match	!~	non-associative	DOMAIN_GATED	std.regex	NOT_ACTIVATED_BY_INSTALLATION	b7e5694ceadf30ccffb4077c994fe230d2a10201b64dc6e9e218bdcf4b157f14
TEXT_TEMPLATE_GRAMMAR	Text interpolation	${...}	N/A	DOMAIN_GATED	std.text.format	NOT_ACTIVATED_BY_INSTALLATION	b7e5694ceadf30ccffb4077c994fe230d2a10201b64dc6e9e218bdcf4b157f14
TEXT_TEMPLATE_GRAMMAR	typed format placeholders	%s/%d/%f/%b/%%	N/A	DOMAIN_GATED	std.text.format	NOT_ACTIVATED_BY_INSTALLATION	b7e5694ceadf30ccffb4077c994fe230d2a10201b64dc6e9e218bdcf4b157f14
TEXT_TEMPLATE_GRAMMAR	Slash render directive	/name{...}	N/A	DOMAIN_GATED	std.render.slash	NOT_ACTIVATED_BY_INSTALLATION	b7e5694ceadf30ccffb4077c994fe230d2a10201b64dc6e9e218bdcf4b157f14
DECLARATION_GRAMMAR	annotation/metadata introducer	@	N/A	DOMAIN_GATED	std.meta	NOT_ACTIVATED_BY_INSTALLATION	b7e5694ceadf30ccffb4077c994fe230d2a10201b64dc6e9e218bdcf4b157f14
UNASSIGNED	reverse flow	<.	non-associative	RESERVED	future.flow	NOT_ACTIVATED_BY_INSTALLATION	b7e5694ceadf30ccffb4077c994fe230d2a10201b64dc6e9e218bdcf4b157f14
UNASSIGNED	bidirectional flow/binding	<.>	non-associative	RESERVED	future.flow	NOT_ACTIVATED_BY_INSTALLATION	b7e5694ceadf30ccffb4077c994fe230d2a10201b64dc6e9e218bdcf4b157f14
UNASSIGNED	ellipsis/spread/rest/varargs	...	N/A	RESERVED	future.syntax	NOT_ACTIVATED_BY_INSTALLATION	b7e5694ceadf30ccffb4077c994fe230d2a10201b64dc6e9e218bdcf4b157f14
TYPE_OR_PATH_GRAMMAR	qualified path separator	::	left	RESERVED	future.modules	NOT_ACTIVATED_BY_INSTALLATION	b7e5694ceadf30ccffb4077c994fe230d2a10201b64dc6e9e218bdcf4b157f14
UNASSIGNED	hash-prefixed syntax	#	N/A	RESERVED	future.syntax	NOT_ACTIVATED_BY_INSTALLATION	b7e5694ceadf30ccffb4077c994fe230d2a10201b64dc6e9e218bdcf4b157f14
LITERAL	hash Color literal	#RRGGBB	N/A	RESERVED	future.color	NOT_ACTIVATED_BY_INSTALLATION	b7e5694ceadf30ccffb4077c994fe230d2a10201b64dc6e9e218bdcf4b157f14
UNASSIGNED	dollar syntax outside interpolation	$	N/A	RESERVED	future.syntax	NOT_ACTIVATED_BY_INSTALLATION	b7e5694ceadf30ccffb4077c994fe230d2a10201b64dc6e9e218bdcf4b157f14
TEXT_GRAMMAR	backtick literal/template	`...`	N/A	RESERVED	future.text	NOT_ACTIVATED_BY_INSTALLATION	b7e5694ceadf30ccffb4077c994fe230d2a10201b64dc6e9e218bdcf4b157f14
LEXICAL	block comment	/*...*/	N/A	RESERVED	future.lexer	NOT_ACTIVATED_BY_INSTALLATION	b7e5694ceadf30ccffb4077c994fe230d2a10201b64dc6e9e218bdcf4b157f14
UNASSIGNED	infix bitwise AND	&	left	RESERVED	future.bits	NOT_ACTIVATED_BY_INSTALLATION	b7e5694ceadf30ccffb4077c994fe230d2a10201b64dc6e9e218bdcf4b157f14
UNASSIGNED	infix bitwise OR/or-pattern	|	left	RESERVED	future.bits_patterns	NOT_ACTIVATED_BY_INSTALLATION	b7e5694ceadf30ccffb4077c994fe230d2a10201b64dc6e9e218bdcf4b157f14
UNASSIGNED	prefix bitwise NOT	~	right	RESERVED	future.bits	NOT_ACTIVATED_BY_INSTALLATION	b7e5694ceadf30ccffb4077c994fe230d2a10201b64dc6e9e218bdcf4b157f14
UNASSIGNED	shift left symbol	<<	left	RESERVED	future.bits	NOT_ACTIVATED_BY_INSTALLATION	b7e5694ceadf30ccffb4077c994fe230d2a10201b64dc6e9e218bdcf4b157f14
UNASSIGNED	shift right symbol	>>	left	RESERVED	future.bits	NOT_ACTIVATED_BY_INSTALLATION	b7e5694ceadf30ccffb4077c994fe230d2a10201b64dc6e9e218bdcf4b157f14
P180_SUFFIX	general bracket indexing	expr[index]	left	RESERVED	future.collections	NOT_ACTIVATED_BY_INSTALLATION	b7e5694ceadf30ccffb4077c994fe230d2a10201b64dc6e9e218bdcf4b157f14
UNASSIGNED	slice colon inside brackets	a:b	N/A	RESERVED	future.collections	NOT_ACTIVATED_BY_INSTALLATION	b7e5694ceadf30ccffb4077c994fe230d2a10201b64dc6e9e218bdcf4b157f14
UNASSIGNED	address/reference prefix	&expr	right	RESERVED	future.unsafe	NOT_ACTIVATED_BY_INSTALLATION	b7e5694ceadf30ccffb4077c994fe230d2a10201b64dc6e9e218bdcf4b157f14
UNASSIGNED	dereference prefix	*expr	right	RESERVED	future.unsafe	NOT_ACTIVATED_BY_INSTALLATION	b7e5694ceadf30ccffb4077c994fe230d2a10201b64dc6e9e218bdcf4b157f14
CALLABLE_GRAMMAR	lambda introducer	λ	N/A	RESERVED	future.functional	NOT_ACTIVATED_BY_INSTALLATION	b7e5694ceadf30ccffb4077c994fe230d2a10201b64dc6e9e218bdcf4b157f14
UNASSIGNED	mapping arrow	↦	right	RESERVED	future.functional	NOT_ACTIVATED_BY_INSTALLATION	b7e5694ceadf30ccffb4077c994fe230d2a10201b64dc6e9e218bdcf4b157f14
UNASSIGNED	absolute-value delimiters	|x|	N/A	RESERVED	future.math	NOT_ACTIVATED_BY_INSTALLATION	b7e5694ceadf30ccffb4077c994fe230d2a10201b64dc6e9e218bdcf4b157f14
UNASSIGNED	definition symbol	≔	right	RESERVED	future.spec	NOT_ACTIVATED_BY_INSTALLATION	b7e5694ceadf30ccffb4077c994fe230d2a10201b64dc6e9e218bdcf4b157f14
UNASSIGNED	therefore/because proof symbols	∴ / ∵	N/A	RESERVED	future.proof	NOT_ACTIVATED_BY_INSTALLATION	b7e5694ceadf30ccffb4077c994fe230d2a10201b64dc6e9e218bdcf4b157f14
N/A	alternative pipeline	|>	N/A	REJECTED	core.flow	NOT_ACTIVATED_BY_INSTALLATION	b7e5694ceadf30ccffb4077c994fe230d2a10201b64dc6e9e218bdcf4b157f14
N/A	alternative bidirectional arrow	<->	N/A	REJECTED	future.flow	NOT_ACTIVATED_BY_INSTALLATION	b7e5694ceadf30ccffb4077c994fe230d2a10201b64dc6e9e218bdcf4b157f14
N/A	alternative power	**	N/A	REJECTED	core.numeric	NOT_ACTIVATED_BY_INSTALLATION	b7e5694ceadf30ccffb4077c994fe230d2a10201b64dc6e9e218bdcf4b157f14
N/A	XOR interpretation of caret	^ as XOR	N/A	REJECTED	core.logic_bits	NOT_ACTIVATED_BY_INSTALLATION	b7e5694ceadf30ccffb4077c994fe230d2a10201b64dc6e9e218bdcf4b157f14
N/A	increment	++	N/A	REJECTED	core.mutation	NOT_ACTIVATED_BY_INSTALLATION	b7e5694ceadf30ccffb4077c994fe230d2a10201b64dc6e9e218bdcf4b157f14
N/A	decrement	--	N/A	REJECTED	core.mutation	NOT_ACTIVATED_BY_INSTALLATION	b7e5694ceadf30ccffb4077c994fe230d2a10201b64dc6e9e218bdcf4b157f14
N/A	C-style ternary	cond ? a : b	right	REJECTED	core.control	NOT_ACTIVATED_BY_INSTALLATION	b7e5694ceadf30ccffb4077c994fe230d2a10201b64dc6e9e218bdcf4b157f14
N/A	Elvis operator	a ?: b	right	REJECTED	core.option	NOT_ACTIVATED_BY_INSTALLATION	b7e5694ceadf30ccffb4077c994fe230d2a10201b64dc6e9e218bdcf4b157f14
N/A	definition/assignment operator	:=	right	REJECTED	core.binding	NOT_ACTIVATED_BY_INSTALLATION	b7e5694ceadf30ccffb4077c994fe230d2a10201b64dc6e9e218bdcf4b157f14
N/A	free comma sequencing	(a, b, c) as comma operator	left	REJECTED	core.control	NOT_ACTIVATED_BY_INSTALLATION	b7e5694ceadf30ccffb4077c994fe230d2a10201b64dc6e9e218bdcf4b157f14
N/A	single-equals comparison	= as equality	N/A	REJECTED	core.eq	NOT_ACTIVATED_BY_INSTALLATION	b7e5694ceadf30ccffb4077c994fe230d2a10201b64dc6e9e218bdcf4b157f14
N/A	legacy inequality	<>	N/A	REJECTED	core.eq	NOT_ACTIVATED_BY_INSTALLATION	b7e5694ceadf30ccffb4077c994fe230d2a10201b64dc6e9e218bdcf4b157f14
N/A	textual logical operators	and / or / not	N/A	REJECTED	core.logic	NOT_ACTIVATED_BY_INSTALLATION	b7e5694ceadf30ccffb4077c994fe230d2a10201b64dc6e9e218bdcf4b157f14
N/A	force unwrap or double factorial	!!	N/A	REJECTED	core.result_math	NOT_ACTIVATED_BY_INSTALLATION	b7e5694ceadf30ccffb4077c994fe230d2a10201b64dc6e9e218bdcf4b157f14
N/A	integer-division operator	// as integer division	N/A	REJECTED	core.numeric	NOT_ACTIVATED_BY_INSTALLATION	b7e5694ceadf30ccffb4077c994fe230d2a10201b64dc6e9e218bdcf4b157f14
N/A	alternative match/lambda arrow	=>	N/A	REJECTED	core.match	NOT_ACTIVATED_BY_INSTALLATION	b7e5694ceadf30ccffb4077c994fe230d2a10201b64dc6e9e218bdcf4b157f14
N/A	ASCII dot-dot range	1..10	N/A	REJECTED	core.range	NOT_ACTIVATED_BY_INSTALLATION	b7e5694ceadf30ccffb4077c994fe230d2a10201b64dc6e9e218bdcf4b157f14
N/A	pointer member arrow	ptr->field	N/A	REJECTED	future.unsafe	NOT_ACTIVATED_BY_INSTALLATION	b7e5694ceadf30ccffb4077c994fe230d2a10201b64dc6e9e218bdcf4b157f14
N/A	implicit relative percentage addition	100 + 10%	N/A	REJECTED	core.quantity	NOT_ACTIVATED_BY_INSTALLATION	b7e5694ceadf30ccffb4077c994fe230d2a10201b64dc6e9e218bdcf4b157f14
N/A	approximation with hidden epsilon	a ≈ b without tolerance	N/A	REJECTED	std.math.approx	NOT_ACTIVATED_BY_INSTALLATION	b7e5694ceadf30ccffb4077c994fe230d2a10201b64dc6e9e218bdcf4b157f14
N/A	integral without report	∫ returning bare Float	N/A	REJECTED	std.calculus	NOT_ACTIVATED_BY_INSTALLATION	b7e5694ceadf30ccffb4077c994fe230d2a10201b64dc6e9e218bdcf4b157f14
N/A	plus/minus tuple expansion	a ± b as implicit Tuple	N/A	REJECTED	std.measurement	NOT_ACTIVATED_BY_INSTALLATION	b7e5694ceadf30ccffb4077c994fe230d2a10201b64dc6e9e218bdcf4b157f14
N/A	implicit Text coercion	Text + Number	N/A	REJECTED	std.text	NOT_ACTIVATED_BY_INSTALLATION	b7e5694ceadf30ccffb4077c994fe230d2a10201b64dc6e9e218bdcf4b157f14
N/A	arbitrary custom operator	user-defined new operator lexeme	N/A	REJECTED	language.meta	NOT_ACTIVATED_BY_INSTALLATION	b7e5694ceadf30ccffb4077c994fe230d2a10201b64dc6e9e218bdcf4b157f14
N/A	Unicode confusables	fullwidth/confusable operator forms	N/A	REJECTED	source.security	NOT_ACTIVATED_BY_INSTALLATION	b7e5694ceadf30ccffb4077c994fe230d2a10201b64dc6e9e218bdcf4b157f14
N/A	double-percent arithmetic	%% in expression	N/A	REJECTED	core.numeric_text	NOT_ACTIVATED_BY_INSTALLATION	b7e5694ceadf30ccffb4077c994fe230d2a10201b64dc6e9e218bdcf4b157f14
