registry_id	class	lexeme	code_points	context	fixity	arity	precedence	associativity	canonical_ascii	domain	current_state	target_state	installation_state	source_registry_tsv_sha256
NSR-RES-001	RESERVED	<.	U+003C U+002E	future flow expression	infix	2	UNASSIGNED	non-associative	N/A	future.flow	INACTIVE_CURRENT	RESERVED_SEMANTICS_NOT_FROZEN	NOT_ACTIVATED_BY_INSTALLATION	b7e5694ceadf30ccffb4077c994fe230d2a10201b64dc6e9e218bdcf4b157f14
NSR-RES-002	RESERVED	<.>	U+003C U+002E U+003E	future endpoint relation	infix	2	UNASSIGNED	non-associative	N/A	future.flow	INACTIVE_CURRENT	RESERVED_SEMANTICS_NOT_FROZEN	NOT_ACTIVATED_BY_INSTALLATION	b7e5694ceadf30ccffb4077c994fe230d2a10201b64dc6e9e218bdcf4b157f14
NSR-RES-003	RESERVED	...	U+002E U+002E U+002E	general source	contextual	N	UNASSIGNED	N/A	N/A	future.syntax	INACTIVE_CURRENT	RESERVED	NOT_ACTIVATED_BY_INSTALLATION	b7e5694ceadf30ccffb4077c994fe230d2a10201b64dc6e9e218bdcf4b157f14
NSR-RES-004	RESERVED	::	U+003A U+003A	module/namespace path	infix path separator	2	TYPE_OR_PATH_GRAMMAR	left	N/A	future.modules	INACTIVE_CURRENT	RESERVED	NOT_ACTIVATED_BY_INSTALLATION	b7e5694ceadf30ccffb4077c994fe230d2a10201b64dc6e9e218bdcf4b157f14
NSR-RES-005	RESERVED	#	U+0023	outside Text/comments	prefix/contextual	N	UNASSIGNED	N/A	N/A	future.syntax	INACTIVE_CURRENT	RESERVED	NOT_ACTIVATED_BY_INSTALLATION	b7e5694ceadf30ccffb4077c994fe230d2a10201b64dc6e9e218bdcf4b157f14
NSR-RES-006	RESERVED	#RRGGBB	U+0023 U+0052 U+0052 U+0047 U+0047 U+0042 U+0042	future Color literal	literal	0	LITERAL	N/A	Color.hex("#RRGGBB")	future.color	INACTIVE_CURRENT	RESERVED	NOT_ACTIVATED_BY_INSTALLATION	b7e5694ceadf30ccffb4077c994fe230d2a10201b64dc6e9e218bdcf4b157f14
NSR-RES-007	RESERVED	$	U+0024	general source	prefix/contextual	N	UNASSIGNED	N/A	N/A	future.syntax	INACTIVE_CURRENT	RESERVED_OUTSIDE_TEXT_INTERPOLATION	NOT_ACTIVATED_BY_INSTALLATION	b7e5694ceadf30ccffb4077c994fe230d2a10201b64dc6e9e218bdcf4b157f14
NSR-RES-008	RESERVED	`...`	U+0060 U+002E U+002E U+002E U+0060	future raw/tagged template	delimited	N	TEXT_GRAMMAR	N/A	N/A	future.text	INACTIVE_CURRENT	RESERVED	NOT_ACTIVATED_BY_INSTALLATION	b7e5694ceadf30ccffb4077c994fe230d2a10201b64dc6e9e218bdcf4b157f14
NSR-RES-009	RESERVED	/*...*/	U+002F U+002A U+002E U+002E U+002E U+002A U+002F	lexer outside literals	lexical	N	LEXICAL	N/A	N/A	future.lexer	UNSUPPORTED_CURRENT	RESERVED_FOR_FUTURE	NOT_ACTIVATED_BY_INSTALLATION	b7e5694ceadf30ccffb4077c994fe230d2a10201b64dc6e9e218bdcf4b157f14
NSR-RES-010	RESERVED	&	U+0026	general expression	infix	2	UNASSIGNED	left	bitAnd()	future.bits	METHOD_ACTIVE_SYMBOL_INACTIVE	RESERVED_TO_AVOID_CONTEXT_COLLISION	NOT_ACTIVATED_BY_INSTALLATION	b7e5694ceadf30ccffb4077c994fe230d2a10201b64dc6e9e218bdcf4b157f14
NSR-RES-011	RESERVED	|	U+007C	general expression or pattern	infix/contextual	2	UNASSIGNED	left	bitOr()	future.bits_patterns	METHOD_ACTIVE_SYMBOL_INACTIVE	RESERVED_TO_AVOID_CONTEXT_COLLISION	NOT_ACTIVATED_BY_INSTALLATION	b7e5694ceadf30ccffb4077c994fe230d2a10201b64dc6e9e218bdcf4b157f14
NSR-RES-012	RESERVED	~	U+007E	general expression	prefix	1	UNASSIGNED	right	bitNot()	future.bits	METHOD_ACTIVE_SYMBOL_INACTIVE	RESERVED	NOT_ACTIVATED_BY_INSTALLATION	b7e5694ceadf30ccffb4077c994fe230d2a10201b64dc6e9e218bdcf4b157f14
NSR-RES-013	RESERVED	<<	U+003C U+003C	general expression	infix	2	UNASSIGNED	left	shiftLeft()	future.bits	METHOD_ACTIVE_SYMBOL_INACTIVE	RESERVED	NOT_ACTIVATED_BY_INSTALLATION	b7e5694ceadf30ccffb4077c994fe230d2a10201b64dc6e9e218bdcf4b157f14
NSR-RES-014	RESERVED	>>	U+003E U+003E	general expression	infix	2	UNASSIGNED	left	shiftRight()	future.bits	METHOD_ACTIVE_SYMBOL_INACTIVE	RESERVED	NOT_ACTIVATED_BY_INSTALLATION	b7e5694ceadf30ccffb4077c994fe230d2a10201b64dc6e9e218bdcf4b157f14
NSR-RES-015	RESERVED	expr[index]	U+0065 U+0078 U+0070 U+0072 U+005B U+0069 U+006E U+0064 U+0065 U+0078 U+005D	expression suffix	postfix	2	P180_SUFFIX	left	at()/get()	future.collections	INACTIVE_CURRENT_USE_AT	RESERVED	NOT_ACTIVATED_BY_INSTALLATION	b7e5694ceadf30ccffb4077c994fe230d2a10201b64dc6e9e218bdcf4b157f14
NSR-RES-016	RESERVED	a:b	U+0061 U+003A U+0062	future slice grammar	contextual	2+	UNASSIGNED	N/A	slice()	future.collections	INACTIVE_CURRENT	RESERVED	NOT_ACTIVATED_BY_INSTALLATION	b7e5694ceadf30ccffb4077c994fe230d2a10201b64dc6e9e218bdcf4b157f14
NSR-RES-017	RESERVED	&expr	U+0026 U+0065 U+0078 U+0070 U+0072	unsafe/FFI future profile	prefix	1	UNASSIGNED	right	explicit borrow/address API	future.unsafe	INACTIVE_CURRENT	RESERVED_UNSAFE	NOT_ACTIVATED_BY_INSTALLATION	b7e5694ceadf30ccffb4077c994fe230d2a10201b64dc6e9e218bdcf4b157f14
NSR-RES-018	RESERVED	*expr	U+002A U+0065 U+0078 U+0070 U+0072	unsafe/FFI future profile	prefix	1	UNASSIGNED	right	explicit dereference API	future.unsafe	INACTIVE_CURRENT	RESERVED_UNSAFE	NOT_ACTIVATED_BY_INSTALLATION	b7e5694ceadf30ccffb4077c994fe230d2a10201b64dc6e9e218bdcf4b157f14
NSR-RES-019	RESERVED	λ	U+03BB	future callable syntax	prefix/binder	1+	CALLABLE_GRAMMAR	N/A	existing callable/lambda syntax	future.functional	CALLABLE_SUBSTRATE_ACTIVE_SYMBOL_INACTIVE	RESERVED	NOT_ACTIVATED_BY_INSTALLATION	b7e5694ceadf30ccffb4077c994fe230d2a10201b64dc6e9e218bdcf4b157f14
NSR-RES-020	RESERVED	↦	U+21A6	future binder/comprehension syntax	infix/binder	2	UNASSIGNED	right	map()	future.functional	INACTIVE_CURRENT	RESERVED	NOT_ACTIVATED_BY_INSTALLATION	b7e5694ceadf30ccffb4077c994fe230d2a10201b64dc6e9e218bdcf4b157f14
NSR-RES-021	RESERVED	|x|	U+007C U+0078 U+007C	future numeric grammar	delimited	1	UNASSIGNED	N/A	abs()	future.math	INACTIVE_CURRENT	RESERVED_DUE_BAR_AMBIGUITY	NOT_ACTIVATED_BY_INSTALLATION	b7e5694ceadf30ccffb4077c994fe230d2a10201b64dc6e9e218bdcf4b157f14
NSR-RES-022	RESERVED	≔	U+2254	future specification/proof grammar	infix	2	UNASSIGNED	right	definition construct	future.spec	INACTIVE_CURRENT	RESERVED	NOT_ACTIVATED_BY_INSTALLATION	b7e5694ceadf30ccffb4077c994fe230d2a10201b64dc6e9e218bdcf4b157f14
NSR-RES-023	RESERVED	∴ / ∵	U+2234 U+0020 U+002F U+0020 U+2235	future proof prose/grammar	contextual	N	UNASSIGNED	N/A	proof narrative APIs	future.proof	INACTIVE_CURRENT	RESERVED	NOT_ACTIVATED_BY_INSTALLATION	b7e5694ceadf30ccffb4077c994fe230d2a10201b64dc6e9e218bdcf4b157f14
