canonical_identity	code	native_id	severity	phase	message	span_contract	machine_formats	exit_contract	compatibility
native-catalog:NEBO_CLI_USAGE	NEBO_CLI_USAGE	1	1	1	invalid command-line usage	UTF8 byte half-open; LSP UTF16 conversion	JSON-lines schema 1; SARIF 2.1.0 properties.neboSchema=1; LSP data.schema=1	source error=1; usage/environment=2; internal=101; success=0	Code not reused; severity phase span encoding and field types frozen; message interpolation values may vary
native-catalog:NEBO_SOURCE_BOM_FORBIDDEN	NEBO_SOURCE_BOM_FORBIDDEN	2	1	2	UTF-8 BOM is forbidden	UTF8 byte half-open; LSP UTF16 conversion	JSON-lines schema 1; SARIF 2.1.0 properties.neboSchema=1; LSP data.schema=1	source error=1; usage/environment=2; internal=101; success=0	Code not reused; severity phase span encoding and field types frozen; message interpolation values may vary
native-catalog:NEBO_SOURCE_TOO_LARGE	NEBO_SOURCE_TOO_LARGE	3	1	2	source exceeds the configured byte limit	UTF8 byte half-open; LSP UTF16 conversion	JSON-lines schema 1; SARIF 2.1.0 properties.neboSchema=1; LSP data.schema=1	source error=1; usage/environment=2; internal=101; success=0	Code not reused; severity phase span encoding and field types frozen; message interpolation values may vary
native-catalog:NEBO_LEX_INVALID_UTF8	NEBO_LEX_INVALID_UTF8	4	1	3	source contains invalid UTF-8	UTF8 byte half-open; LSP UTF16 conversion	JSON-lines schema 1; SARIF 2.1.0 properties.neboSchema=1; LSP data.schema=1	source error=1; usage/environment=2; internal=101; success=0	Code not reused; severity phase span encoding and field types frozen; message interpolation values may vary
native-catalog:NEBO_LEX_INVALID_CHARACTER	NEBO_LEX_INVALID_CHARACTER	5	1	3	invalid source character {0}	UTF8 byte half-open; LSP UTF16 conversion	JSON-lines schema 1; SARIF 2.1.0 properties.neboSchema=1; LSP data.schema=1	source error=1; usage/environment=2; internal=101; success=0	Code not reused; severity phase span encoding and field types frozen; message interpolation values may vary
native-catalog:NEBO_PARSE_EXPECTED_TOKEN	NEBO_PARSE_EXPECTED_TOKEN	6	1	4	expected token {0}	UTF8 byte half-open; LSP UTF16 conversion	JSON-lines schema 1; SARIF 2.1.0 properties.neboSchema=1; LSP data.schema=1	source error=1; usage/environment=2; internal=101; success=0	Code not reused; severity phase span encoding and field types frozen; message interpolation values may vary
native-catalog:NEBO_NAME_UNDEFINED	NEBO_NAME_UNDEFINED	7	1	5	undefined name {0}	UTF8 byte half-open; LSP UTF16 conversion	JSON-lines schema 1; SARIF 2.1.0 properties.neboSchema=1; LSP data.schema=1	source error=1; usage/environment=2; internal=101; success=0	Code not reused; severity phase span encoding and field types frozen; message interpolation values may vary
native-catalog:NEBO_TYPE_MISMATCH	NEBO_TYPE_MISMATCH	8	1	6	expected {0}, found {1}	UTF8 byte half-open; LSP UTF16 conversion	JSON-lines schema 1; SARIF 2.1.0 properties.neboSchema=1; LSP data.schema=1	source error=1; usage/environment=2; internal=101; success=0	Code not reused; severity phase span encoding and field types frozen; message interpolation values may vary
native-catalog:NEBO_LIMIT_EXCEEDED	NEBO_LIMIT_EXCEEDED	9	1	13	resource limit exceeded: {0}	UTF8 byte half-open; LSP UTF16 conversion	JSON-lines schema 1; SARIF 2.1.0 properties.neboSchema=1; LSP data.schema=1	source error=1; usage/environment=2; internal=101; success=0	Code not reused; severity phase span encoding and field types frozen; message interpolation values may vary
native-catalog:NEBO_TOOLCHAIN_FAILED	NEBO_TOOLCHAIN_FAILED	10	1	12	external tool failed: {0}	UTF8 byte half-open; LSP UTF16 conversion	JSON-lines schema 1; SARIF 2.1.0 properties.neboSchema=1; LSP data.schema=1	source error=1; usage/environment=2; internal=101; success=0	Code not reused; severity phase span encoding and field types frozen; message interpolation values may vary
native-catalog:NEBO_INTERNAL_ERROR	NEBO_INTERNAL_ERROR	11	1	13	internal compiler error	UTF8 byte half-open; LSP UTF16 conversion	JSON-lines schema 1; SARIF 2.1.0 properties.neboSchema=1; LSP data.schema=1	source error=1; usage/environment=2; internal=101; success=0	Code not reused; severity phase span encoding and field types frozen; message interpolation values may vary
native-catalog:NEBO_LEX_UNTERMINATED_TEXT	NEBO_LEX_UNTERMINATED_TEXT	12	1	3	unterminated Text literal	UTF8 byte half-open; LSP UTF16 conversion	JSON-lines schema 1; SARIF 2.1.0 properties.neboSchema=1; LSP data.schema=1	source error=1; usage/environment=2; internal=101; success=0	Code not reused; severity phase span encoding and field types frozen; message interpolation values may vary
native-catalog:NEBO_LEX_INVALID_ESCAPE	NEBO_LEX_INVALID_ESCAPE	13	1	3	invalid Text escape {0}	UTF8 byte half-open; LSP UTF16 conversion	JSON-lines schema 1; SARIF 2.1.0 properties.neboSchema=1; LSP data.schema=1	source error=1; usage/environment=2; internal=101; success=0	Code not reused; severity phase span encoding and field types frozen; message interpolation values may vary
native-catalog:NEBO_LEX_INT_OVERFLOW	NEBO_LEX_INT_OVERFLOW	14	1	3	integer literal exceeds signed 64-bit range	UTF8 byte half-open; LSP UTF16 conversion	JSON-lines schema 1; SARIF 2.1.0 properties.neboSchema=1; LSP data.schema=1	source error=1; usage/environment=2; internal=101; success=0	Code not reused; severity phase span encoding and field types frozen; message interpolation values may vary
native-catalog:NEBO_LEX_UNTERMINATED_BLOCK_COMMENT	NEBO_LEX_UNTERMINATED_BLOCK_COMMENT	15	1	3	unterminated nested block comment	UTF8 byte half-open; LSP UTF16 conversion	JSON-lines schema 1; SARIF 2.1.0 properties.neboSchema=1; LSP data.schema=1	source error=1; usage/environment=2; internal=101; success=0	Code not reused; severity phase span encoding and field types frozen; message interpolation values may vary
native-catalog:NEBO_PARSE_DUPLICATE_START	NEBO_PARSE_DUPLICATE_START	16	1	4	program declares more than one start()	UTF8 byte half-open; LSP UTF16 conversion	JSON-lines schema 1; SARIF 2.1.0 properties.neboSchema=1; LSP data.schema=1	source error=1; usage/environment=2; internal=101; success=0	Code not reused; severity phase span encoding and field types frozen; message interpolation values may vary
native-catalog:NEBO_PARSE_TOP_LEVEL_STATEMENT	NEBO_PARSE_TOP_LEVEL_STATEMENT	17	1	4	statements are not allowed at top level	UTF8 byte half-open; LSP UTF16 conversion	JSON-lines schema 1; SARIF 2.1.0 properties.neboSchema=1; LSP data.schema=1	source error=1; usage/environment=2; internal=101; success=0	Code not reused; severity phase span encoding and field types frozen; message interpolation values may vary
native-catalog:NEBO_PARSE_NESTING_LIMIT	NEBO_PARSE_NESTING_LIMIT	18	1	4	parser nesting limit exceeded	UTF8 byte half-open; LSP UTF16 conversion	JSON-lines schema 1; SARIF 2.1.0 properties.neboSchema=1; LSP data.schema=1	source error=1; usage/environment=2; internal=101; success=0	Code not reused; severity phase span encoding and field types frozen; message interpolation values may vary
native-catalog:NEBO_PARSE_MISSING_START	NEBO_PARSE_MISSING_START	19	1	4	program requires exactly one start()	UTF8 byte half-open; LSP UTF16 conversion	JSON-lines schema 1; SARIF 2.1.0 properties.neboSchema=1; LSP data.schema=1	source error=1; usage/environment=2; internal=101; success=0	Code not reused; severity phase span encoding and field types frozen; message interpolation values may vary
native-catalog:NEBO_PARSE_UNSUPPORTED_CONTROL	NEBO_PARSE_UNSUPPORTED_CONTROL	20	1	4	control feature is reserved but unsupported in Nebo v0.1	UTF8 byte half-open; LSP UTF16 conversion	JSON-lines schema 1; SARIF 2.1.0 properties.neboSchema=1; LSP data.schema=1	source error=1; usage/environment=2; internal=101; success=0	Code not reused; severity phase span encoding and field types frozen; message interpolation values may vary
native-catalog:NEBO_PARSE_INVALID_CONTROL_CHAIN	NEBO_PARSE_INVALID_CONTROL_CHAIN	21	1	4	if/else are statements and cannot be used as fluent chain suffixes	UTF8 byte half-open; LSP UTF16 conversion	JSON-lines schema 1; SARIF 2.1.0 properties.neboSchema=1; LSP data.schema=1	source error=1; usage/environment=2; internal=101; success=0	Code not reused; severity phase span encoding and field types frozen; message interpolation values may vary
native-catalog:NEBO_PARSE_MISSING_SEMICOLON	NEBO_PARSE_MISSING_SEMICOLON	22	1	4	expected ';' after statement	UTF8 byte half-open; LSP UTF16 conversion	JSON-lines schema 1; SARIF 2.1.0 properties.neboSchema=1; LSP data.schema=1	source error=1; usage/environment=2; internal=101; success=0	Code not reused; severity phase span encoding and field types frozen; message interpolation values may vary
native-catalog:NEBO_PARSE_UNEXPECTED_TOKEN	NEBO_PARSE_UNEXPECTED_TOKEN	23	1	4	unexpected token while parsing statement	UTF8 byte half-open; LSP UTF16 conversion	JSON-lines schema 1; SARIF 2.1.0 properties.neboSchema=1; LSP data.schema=1	source error=1; usage/environment=2; internal=101; success=0	Code not reused; severity phase span encoding and field types frozen; message interpolation values may vary
native-catalog:NEBO_NAME_DUPLICATE	NEBO_NAME_DUPLICATE	24	1	5	name is already declared in this scope	UTF8 byte half-open; LSP UTF16 conversion	JSON-lines schema 1; SARIF 2.1.0 properties.neboSchema=1; LSP data.schema=1	source error=1; usage/environment=2; internal=101; success=0	Code not reused; severity phase span encoding and field types frozen; message interpolation values may vary
native-catalog:NEBO_NAME_SHADOW	NEBO_NAME_SHADOW	25	1	5	name would shadow an outer declaration	UTF8 byte half-open; LSP UTF16 conversion	JSON-lines schema 1; SARIF 2.1.0 properties.neboSchema=1; LSP data.schema=1	source error=1; usage/environment=2; internal=101; success=0	Code not reused; severity phase span encoding and field types frozen; message interpolation values may vary
native-catalog:NEBO_NAME_RESERVED	NEBO_NAME_RESERVED	26	1	5	reserved word cannot be used as a declaration name	UTF8 byte half-open; LSP UTF16 conversion	JSON-lines schema 1; SARIF 2.1.0 properties.neboSchema=1; LSP data.schema=1	source error=1; usage/environment=2; internal=101; success=0	Code not reused; severity phase span encoding and field types frozen; message interpolation values may vary
native-catalog:NEBO_TYPE_TRUTHINESS	NEBO_TYPE_TRUTHINESS	27	1	6	condition requires Bool; truthiness is forbidden	UTF8 byte half-open; LSP UTF16 conversion	JSON-lines schema 1; SARIF 2.1.0 properties.neboSchema=1; LSP data.schema=1	source error=1; usage/environment=2; internal=101; success=0	Code not reused; severity phase span encoding and field types frozen; message interpolation values may vary
native-catalog:NEBO_TYPE_UNSUPPORTED_OPERATOR	NEBO_TYPE_UNSUPPORTED_OPERATOR	28	1	6	operator is not defined for these fundamental types	UTF8 byte half-open; LSP UTF16 conversion	JSON-lines schema 1; SARIF 2.1.0 properties.neboSchema=1; LSP data.schema=1	source error=1; usage/environment=2; internal=101; success=0	Code not reused; severity phase span encoding and field types frozen; message interpolation values may vary
native-catalog:NEBO_TYPE_CONSTANT_OVERFLOW	NEBO_TYPE_CONSTANT_OVERFLOW	29	1	6	constant Int arithmetic overflows signed 64-bit range	UTF8 byte half-open; LSP UTF16 conversion	JSON-lines schema 1; SARIF 2.1.0 properties.neboSchema=1; LSP data.schema=1	source error=1; usage/environment=2; internal=101; success=0	Code not reused; severity phase span encoding and field types frozen; message interpolation values may vary
native-catalog:NEBO_TYPE_DIVISION_BY_ZERO	NEBO_TYPE_DIVISION_BY_ZERO	30	1	6	constant Int division by zero	UTF8 byte half-open; LSP UTF16 conversion	JSON-lines schema 1; SARIF 2.1.0 properties.neboSchema=1; LSP data.schema=1	source error=1; usage/environment=2; internal=101; success=0	Code not reused; severity phase span encoding and field types frozen; message interpolation values may vary
native-catalog:NEBO_TYPE_INCONSISTENT_RETURN	NEBO_TYPE_INCONSISTENT_RETURN	31	1	6	function returns inconsistent fundamental types	UTF8 byte half-open; LSP UTF16 conversion	JSON-lines schema 1; SARIF 2.1.0 properties.neboSchema=1; LSP data.schema=1	source error=1; usage/environment=2; internal=101; success=0	Code not reused; severity phase span encoding and field types frozen; message interpolation values may vary
native-catalog:NEBO_TYPE_MISSING_RETURN	NEBO_TYPE_MISSING_RETURN	32	1	6	value-returning function can fall through without return	UTF8 byte half-open; LSP UTF16 conversion	JSON-lines schema 1; SARIF 2.1.0 properties.neboSchema=1; LSP data.schema=1	source error=1; usage/environment=2; internal=101; success=0	Code not reused; severity phase span encoding and field types frozen; message interpolation values may vary
native-catalog:NEBO_TYPE_VOID_BINDING	NEBO_TYPE_VOID_BINDING	33	1	6	Void call result cannot be bound	UTF8 byte half-open; LSP UTF16 conversion	JSON-lines schema 1; SARIF 2.1.0 properties.neboSchema=1; LSP data.schema=1	source error=1; usage/environment=2; internal=101; success=0	Code not reused; severity phase span encoding and field types frozen; message interpolation values may vary
native-catalog:NEBO_CALL_INVALID_RECEIVER	NEBO_CALL_INVALID_RECEIVER	34	1	6	no overload accepts this receiver type	UTF8 byte half-open; LSP UTF16 conversion	JSON-lines schema 1; SARIF 2.1.0 properties.neboSchema=1; LSP data.schema=1	source error=1; usage/environment=2; internal=101; success=0	Code not reused; severity phase span encoding and field types frozen; message interpolation values may vary
native-catalog:NEBO_CALL_ARITY	NEBO_CALL_ARITY	35	1	6	call positional argument count does not match signature	UTF8 byte half-open; LSP UTF16 conversion	JSON-lines schema 1; SARIF 2.1.0 properties.neboSchema=1; LSP data.schema=1	source error=1; usage/environment=2; internal=101; success=0	Code not reused; severity phase span encoding and field types frozen; message interpolation values may vary
native-catalog:NEBO_CALL_ARGUMENT_TYPE	NEBO_CALL_ARGUMENT_TYPE	36	1	6	call positional argument type does not match signature	UTF8 byte half-open; LSP UTF16 conversion	JSON-lines schema 1; SARIF 2.1.0 properties.neboSchema=1; LSP data.schema=1	source error=1; usage/environment=2; internal=101; success=0	Code not reused; severity phase span encoding and field types frozen; message interpolation values may vary
native-catalog:NEBO_CALL_RECURSION	NEBO_CALL_RECURSION	37	1	6	recursive call cycle is not supported in Nebo v0.1	UTF8 byte half-open; LSP UTF16 conversion	JSON-lines schema 1; SARIF 2.1.0 properties.neboSchema=1; LSP data.schema=1	source error=1; usage/environment=2; internal=101; success=0	Code not reused; severity phase span encoding and field types frozen; message interpolation values may vary
native-catalog:NEBO_CALL_UNDEFINED	NEBO_CALL_UNDEFINED	38	1	6	no function signature matches this call name	UTF8 byte half-open; LSP UTF16 conversion	JSON-lines schema 1; SARIF 2.1.0 properties.neboSchema=1; LSP data.schema=1	source error=1; usage/environment=2; internal=101; success=0	Code not reused; severity phase span encoding and field types frozen; message interpolation values may vary
native-catalog:NEBO_CALL_NESTED_FUNCTION	NEBO_CALL_NESTED_FUNCTION	39	1	6	nested functions are not supported in Nebo v0.1	UTF8 byte half-open; LSP UTF16 conversion	JSON-lines schema 1; SARIF 2.1.0 properties.neboSchema=1; LSP data.schema=1	source error=1; usage/environment=2; internal=101; success=0	Code not reused; severity phase span encoding and field types frozen; message interpolation values may vary
native-catalog:NEBO_CALL_DUPLICATE_SIGNATURE	NEBO_CALL_DUPLICATE_SIGNATURE	40	1	6	duplicate function signature	UTF8 byte half-open; LSP UTF16 conversion	JSON-lines schema 1; SARIF 2.1.0 properties.neboSchema=1; LSP data.schema=1	source error=1; usage/environment=2; internal=101; success=0	Code not reused; severity phase span encoding and field types frozen; message interpolation values may vary
native-catalog:NEBO_BEHAVIOR_NOT_SUPPORTED	NEBO_BEHAVIOR_NOT_SUPPORTED	41	1	6	function does not accept this behavior descriptor	UTF8 byte half-open; LSP UTF16 conversion	JSON-lines schema 1; SARIF 2.1.0 properties.neboSchema=1; LSP data.schema=1	source error=1; usage/environment=2; internal=101; success=0	Code not reused; severity phase span encoding and field types frozen; message interpolation values may vary
native-catalog:NEBO_BEHAVIOR_CONFLICT	NEBO_BEHAVIOR_CONFLICT	42	1	6	exclusive behavior conflict in one call	UTF8 byte half-open; LSP UTF16 conversion	JSON-lines schema 1; SARIF 2.1.0 properties.neboSchema=1; LSP data.schema=1	source error=1; usage/environment=2; internal=101; success=0	Code not reused; severity phase span encoding and field types frozen; message interpolation values may vary
native-catalog:NEBO_BEHAVIOR_EFFECTFUL	NEBO_BEHAVIOR_EFFECTFUL	43	1	6	behavior descriptors must be PURE in Nebo v0.1	UTF8 byte half-open; LSP UTF16 conversion	JSON-lines schema 1; SARIF 2.1.0 properties.neboSchema=1; LSP data.schema=1	source error=1; usage/environment=2; internal=101; success=0	Code not reused; severity phase span encoding and field types frozen; message interpolation values may vary
native-catalog:NEBO_CONTROL_CONDITION_TYPE	NEBO_CONTROL_CONDITION_TYPE	44	1	6	if and logical conditions require Bool	UTF8 byte half-open; LSP UTF16 conversion	JSON-lines schema 1; SARIF 2.1.0 properties.neboSchema=1; LSP data.schema=1	source error=1; usage/environment=2; internal=101; success=0	Code not reused; severity phase span encoding and field types frozen; message interpolation values may vary
native-catalog:NEBO_CONTROL_BRANCH_SCOPE	NEBO_CONTROL_BRANCH_SCOPE	45	1	6	branch scopes must be distinct children of the parent scope	UTF8 byte half-open; LSP UTF16 conversion	JSON-lines schema 1; SARIF 2.1.0 properties.neboSchema=1; LSP data.schema=1	source error=1; usage/environment=2; internal=101; success=0	Code not reused; severity phase span encoding and field types frozen; message interpolation values may vary
native-catalog:NEBO_EFFECT_THREAD_CAPABILITY	NEBO_EFFECT_THREAD_CAPABILITY	46	1	6	only console or scan effects may be thread-capable	UTF8 byte half-open; LSP UTF16 conversion	JSON-lines schema 1; SARIF 2.1.0 properties.neboSchema=1; LSP data.schema=1	source error=1; usage/environment=2; internal=101; success=0	Code not reused; severity phase span encoding and field types frozen; message interpolation values may vary
native-catalog:NEBO-EFFECTS-CAPABILITIES-E-POLITICAS-LEX-001	NEBO-EFFECTS-CAPABILITIES-E-POLITICAS-LEX-001	47	1	3	unknown or non-canonical Policy atom or literal	UTF8 byte half-open; LSP UTF16 conversion	JSON-lines schema 1; SARIF 2.1.0 properties.neboSchema=1; LSP data.schema=1	source error=1; usage/environment=2; internal=101; success=0	Code not reused; severity phase span encoding and field types frozen; message interpolation values may vary
native-catalog:NEBO-EFFECTS-CAPABILITIES-E-POLITICAS-PARSE-002	NEBO-EFFECTS-CAPABILITIES-E-POLITICAS-PARSE-002	48	1	4	malformed or non-canonical Policy clause order	UTF8 byte half-open; LSP UTF16 conversion	JSON-lines schema 1; SARIF 2.1.0 properties.neboSchema=1; LSP data.schema=1	source error=1; usage/environment=2; internal=101; success=0	Code not reused; severity phase span encoding and field types frozen; message interpolation values may vary
native-catalog:NEBO-EFFECTS-CAPABILITIES-E-POLITICAS-TYPE-003	NEBO-EFFECTS-CAPABILITIES-E-POLITICAS-TYPE-003	49	1	6	Policy value or effect constraint is invalid	UTF8 byte half-open; LSP UTF16 conversion	JSON-lines schema 1; SARIF 2.1.0 properties.neboSchema=1; LSP data.schema=1	source error=1; usage/environment=2; internal=101; success=0	Code not reused; severity phase span encoding and field types frozen; message interpolation values may vary
native-catalog:NEBO-EFFECTS-CAPABILITIES-E-POLITICAS-CODEGEN-004	NEBO-EFFECTS-CAPABILITIES-E-POLITICAS-CODEGEN-004	50	1	10	Policy proof cannot be lowered for this target or front	UTF8 byte half-open; LSP UTF16 conversion	JSON-lines schema 1; SARIF 2.1.0 properties.neboSchema=1; LSP data.schema=1	source error=1; usage/environment=2; internal=101; success=0	Code not reused; severity phase span encoding and field types frozen; message interpolation values may vary
native-catalog:NEBO-EFFECTS-CAPABILITIES-E-POLITICAS-RUNTIME-005	NEBO-EFFECTS-CAPABILITIES-E-POLITICAS-RUNTIME-005	51	1	11	Policy evaluation budget is exceeded	UTF8 byte half-open; LSP UTF16 conversion	JSON-lines schema 1; SARIF 2.1.0 properties.neboSchema=1; LSP data.schema=1	source error=1; usage/environment=2; internal=101; success=0	Code not reused; severity phase span encoding and field types frozen; message interpolation values may vary
native-catalog:NEBO-EFFECTS-CAPABILITIES-E-POLITICAS-SECURITY-006	NEBO-EFFECTS-CAPABILITIES-E-POLITICAS-SECURITY-006	52	1	14	Policy capability allow deny trust or audit check failed	UTF8 byte half-open; LSP UTF16 conversion	JSON-lines schema 1; SARIF 2.1.0 properties.neboSchema=1; LSP data.schema=1	source error=1; usage/environment=2; internal=101; success=0	Code not reused; severity phase span encoding and field types frozen; message interpolation values may vary
native-catalog:NEBO-PRIVACIDADE-DADOS-SENSIVEIS-E-ZERO-TRUST-LEX-001	NEBO-PRIVACIDADE-DADOS-SENSIVEIS-E-ZERO-TRUST-LEX-001	53	1	3	unknown or non-canonical privacy wrapper, type or label	UTF8 byte half-open; LSP UTF16 conversion	JSON-lines schema 1; SARIF 2.1.0 properties.neboSchema=1; LSP data.schema=1	source error=1; usage/environment=2; internal=101; success=0	Code not reused; severity phase span encoding and field types frozen; message interpolation values may vary
native-catalog:NEBO-PRIVACIDADE-DADOS-SENSIVEIS-E-ZERO-TRUST-PARSE-002	NEBO-PRIVACIDADE-DADOS-SENSIVEIS-E-ZERO-TRUST-PARSE-002	54	1	4	malformed or non-canonical privacy proof syntax	UTF8 byte half-open; LSP UTF16 conversion	JSON-lines schema 1; SARIF 2.1.0 properties.neboSchema=1; LSP data.schema=1	source error=1; usage/environment=2; internal=101; success=0	Code not reused; severity phase span encoding and field types frozen; message interpolation values may vary
native-catalog:NEBO-PRIVACIDADE-DADOS-SENSIVEIS-E-ZERO-TRUST-TYPE-003	NEBO-PRIVACIDADE-DADOS-SENSIVEIS-E-ZERO-TRUST-TYPE-003	55	1	6	privacy wrapper or redaction label set is invalid	UTF8 byte half-open; LSP UTF16 conversion	JSON-lines schema 1; SARIF 2.1.0 properties.neboSchema=1; LSP data.schema=1	source error=1; usage/environment=2; internal=101; success=0	Code not reused; severity phase span encoding and field types frozen; message interpolation values may vary
native-catalog:NEBO-PRIVACIDADE-DADOS-SENSIVEIS-E-ZERO-TRUST-CODEGEN-004	NEBO-PRIVACIDADE-DADOS-SENSIVEIS-E-ZERO-TRUST-CODEGEN-004	56	1	10	privacy proof cannot be lowered for this target or front	UTF8 byte half-open; LSP UTF16 conversion	JSON-lines schema 1; SARIF 2.1.0 properties.neboSchema=1; LSP data.schema=1	source error=1; usage/environment=2; internal=101; success=0	Code not reused; severity phase span encoding and field types frozen; message interpolation values may vary
native-catalog:NEBO-PRIVACIDADE-DADOS-SENSIVEIS-E-ZERO-TRUST-RUNTIME-005	NEBO-PRIVACIDADE-DADOS-SENSIVEIS-E-ZERO-TRUST-RUNTIME-005	57	1	11	privacy retention or runtime invariant failed	UTF8 byte half-open; LSP UTF16 conversion	JSON-lines schema 1; SARIF 2.1.0 properties.neboSchema=1; LSP data.schema=1	source error=1; usage/environment=2; internal=101; success=0	Code not reused; severity phase span encoding and field types frozen; message interpolation values may vary
native-catalog:NEBO-PRIVACIDADE-DADOS-SENSIVEIS-E-ZERO-TRUST-SECURITY-006	NEBO-PRIVACIDADE-DADOS-SENSIVEIS-E-ZERO-TRUST-SECURITY-006	58	1	14	privacy policy trust purpose redaction or sink check failed	UTF8 byte half-open; LSP UTF16 conversion	JSON-lines schema 1; SARIF 2.1.0 properties.neboSchema=1; LSP data.schema=1	source error=1; usage/environment=2; internal=101; success=0	Code not reused; severity phase span encoding and field types frozen; message interpolation values may vary
native-catalog:NEBO-QUALITY-CONFIDENCE-E-LINEAGE-LEX-001	NEBO-QUALITY-CONFIDENCE-E-LINEAGE-LEX-001	59	1	3	unknown or non-canonical quality confidence or lineage name	UTF8 byte half-open; LSP UTF16 conversion	JSON-lines schema 1; SARIF 2.1.0 properties.neboSchema=1; LSP data.schema=1	source error=1; usage/environment=2; internal=101; success=0	Code not reused; severity phase span encoding and field types frozen; message interpolation values may vary
native-catalog:NEBO-QUALITY-CONFIDENCE-E-LINEAGE-PARSE-002	NEBO-QUALITY-CONFIDENCE-E-LINEAGE-PARSE-002	60	1	4	malformed quality confidence or lineage proof syntax	UTF8 byte half-open; LSP UTF16 conversion	JSON-lines schema 1; SARIF 2.1.0 properties.neboSchema=1; LSP data.schema=1	source error=1; usage/environment=2; internal=101; success=0	Code not reused; severity phase span encoding and field types frozen; message interpolation values may vary
native-catalog:NEBO-QUALITY-CONFIDENCE-E-LINEAGE-TYPE-003	NEBO-QUALITY-CONFIDENCE-E-LINEAGE-TYPE-003	61	1	6	quality confidence score or lineage identity is invalid	UTF8 byte half-open; LSP UTF16 conversion	JSON-lines schema 1; SARIF 2.1.0 properties.neboSchema=1; LSP data.schema=1	source error=1; usage/environment=2; internal=101; success=0	Code not reused; severity phase span encoding and field types frozen; message interpolation values may vary
native-catalog:NEBO-QUALITY-CONFIDENCE-E-LINEAGE-CODEGEN-004	NEBO-QUALITY-CONFIDENCE-E-LINEAGE-CODEGEN-004	62	1	10	quality confidence lineage proof is unavailable before QUALITY-CONFIDENCE-E-LINEAGE-PF005	UTF8 byte half-open; LSP UTF16 conversion	JSON-lines schema 1; SARIF 2.1.0 properties.neboSchema=1; LSP data.schema=1	source error=1; usage/environment=2; internal=101; success=0	Code not reused; severity phase span encoding and field types frozen; message interpolation values may vary
native-catalog:NEBO-QUALITY-CONFIDENCE-E-LINEAGE-RUNTIME-005	NEBO-QUALITY-CONFIDENCE-E-LINEAGE-RUNTIME-005	63	1	11	quality confidence or lineage runtime invariant failed	UTF8 byte half-open; LSP UTF16 conversion	JSON-lines schema 1; SARIF 2.1.0 properties.neboSchema=1; LSP data.schema=1	source error=1; usage/environment=2; internal=101; success=0	Code not reused; severity phase span encoding and field types frozen; message interpolation values may vary
native-catalog:NEBO-QUALITY-CONFIDENCE-E-LINEAGE-SECURITY-006	NEBO-QUALITY-CONFIDENCE-E-LINEAGE-SECURITY-006	64	1	14	quality confidence privacy or lineage authority check failed	UTF8 byte half-open; LSP UTF16 conversion	JSON-lines schema 1; SARIF 2.1.0 properties.neboSchema=1; LSP data.schema=1	source error=1; usage/environment=2; internal=101; success=0	Code not reused; severity phase span encoding and field types frozen; message interpolation values may vary
native-catalog:NEBO-MEMORIA-OWNERSHIP-LIFETIMES-E-RECURSOS-LEX-001	NEBO-MEMORIA-OWNERSHIP-LIFETIMES-E-RECURSOS-LEX-001	65	1	3	unknown or non-canonical ownership lifetime or action name	UTF8 byte half-open; LSP UTF16 conversion	JSON-lines schema 1; SARIF 2.1.0 properties.neboSchema=1; LSP data.schema=1	source error=1; usage/environment=2; internal=101; success=0	Code not reused; severity phase span encoding and field types frozen; message interpolation values may vary
native-catalog:NEBO-MEMORIA-OWNERSHIP-LIFETIMES-E-RECURSOS-PARSE-002	NEBO-MEMORIA-OWNERSHIP-LIFETIMES-E-RECURSOS-PARSE-002	66	1	4	malformed ownership lifetime or resource action syntax	UTF8 byte half-open; LSP UTF16 conversion	JSON-lines schema 1; SARIF 2.1.0 properties.neboSchema=1; LSP data.schema=1	source error=1; usage/environment=2; internal=101; success=0	Code not reused; severity phase span encoding and field types frozen; message interpolation values may vary
native-catalog:NEBO-MEMORIA-OWNERSHIP-LIFETIMES-E-RECURSOS-TYPE-003	NEBO-MEMORIA-OWNERSHIP-LIFETIMES-E-RECURSOS-TYPE-003	67	1	6	resource owner lifetime or borrower identity is invalid	UTF8 byte half-open; LSP UTF16 conversion	JSON-lines schema 1; SARIF 2.1.0 properties.neboSchema=1; LSP data.schema=1	source error=1; usage/environment=2; internal=101; success=0	Code not reused; severity phase span encoding and field types frozen; message interpolation values may vary
native-catalog:NEBO-MEMORIA-OWNERSHIP-LIFETIMES-E-RECURSOS-CODEGEN-004	NEBO-MEMORIA-OWNERSHIP-LIFETIMES-E-RECURSOS-CODEGEN-004	68	1	10	ownership lifetime resource action is unavailable before MEMORIA-OWNERSHIP-LIFETIMES-E-RECURSOS-PF005	UTF8 byte half-open; LSP UTF16 conversion	JSON-lines schema 1; SARIF 2.1.0 properties.neboSchema=1; LSP data.schema=1	source error=1; usage/environment=2; internal=101; success=0	Code not reused; severity phase span encoding and field types frozen; message interpolation values may vary
native-catalog:NEBO-MEMORIA-OWNERSHIP-LIFETIMES-E-RECURSOS-RUNTIME-005	NEBO-MEMORIA-OWNERSHIP-LIFETIMES-E-RECURSOS-RUNTIME-005	69	1	11	ownership lifetime or exact-cleanup runtime invariant failed	UTF8 byte half-open; LSP UTF16 conversion	JSON-lines schema 1; SARIF 2.1.0 properties.neboSchema=1; LSP data.schema=1	source error=1; usage/environment=2; internal=101; success=0	Code not reused; severity phase span encoding and field types frozen; message interpolation values may vary
native-catalog:NEBO-MEMORIA-OWNERSHIP-LIFETIMES-E-RECURSOS-SECURITY-006	NEBO-MEMORIA-OWNERSHIP-LIFETIMES-E-RECURSOS-SECURITY-006	70	1	14	borrow exclusivity region token or use-after-move check failed	UTF8 byte half-open; LSP UTF16 conversion	JSON-lines schema 1; SARIF 2.1.0 properties.neboSchema=1; LSP data.schema=1	source error=1; usage/environment=2; internal=101; success=0	Code not reused; severity phase span encoding and field types frozen; message interpolation values may vary
native-catalog:NEBO-IMPORTS-MODULOS-NAMESPACES-E-API-PUBLICA-LEX-001	NEBO-IMPORTS-MODULOS-NAMESPACES-E-API-PUBLICA-LEX-001	71	1	3	unknown or non-canonical module import or visibility name	UTF8 byte half-open; LSP UTF16 conversion	JSON-lines schema 1; SARIF 2.1.0 properties.neboSchema=1; LSP data.schema=1	source error=1; usage/environment=2; internal=101; success=0	Code not reused; severity phase span encoding and field types frozen; message interpolation values may vary
native-catalog:NEBO-IMPORTS-MODULOS-NAMESPACES-E-API-PUBLICA-PARSE-002	NEBO-IMPORTS-MODULOS-NAMESPACES-E-API-PUBLICA-PARSE-002	72	1	4	malformed module package import symbol or visibility syntax	UTF8 byte half-open; LSP UTF16 conversion	JSON-lines schema 1; SARIF 2.1.0 properties.neboSchema=1; LSP data.schema=1	source error=1; usage/environment=2; internal=101; success=0	Code not reused; severity phase span encoding and field types frozen; message interpolation values may vary
native-catalog:NEBO-IMPORTS-MODULOS-NAMESPACES-E-API-PUBLICA-TYPE-003	NEBO-IMPORTS-MODULOS-NAMESPACES-E-API-PUBLICA-TYPE-003	73	1	6	module package import or symbol identity is invalid	UTF8 byte half-open; LSP UTF16 conversion	JSON-lines schema 1; SARIF 2.1.0 properties.neboSchema=1; LSP data.schema=1	source error=1; usage/environment=2; internal=101; success=0	Code not reused; severity phase span encoding and field types frozen; message interpolation values may vary
native-catalog:NEBO-IMPORTS-MODULOS-NAMESPACES-E-API-PUBLICA-CODEGEN-004	NEBO-IMPORTS-MODULOS-NAMESPACES-E-API-PUBLICA-CODEGEN-004	74	1	10	module import resolution is unavailable before IMPORTS-MODULOS-NAMESPACES-E-API-PUBLICA-PF005	UTF8 byte half-open; LSP UTF16 conversion	JSON-lines schema 1; SARIF 2.1.0 properties.neboSchema=1; LSP data.schema=1	source error=1; usage/environment=2; internal=101; success=0	Code not reused; severity phase span encoding and field types frozen; message interpolation values may vary
native-catalog:NEBO-IMPORTS-MODULOS-NAMESPACES-E-API-PUBLICA-RUNTIME-005	NEBO-IMPORTS-MODULOS-NAMESPACES-E-API-PUBLICA-RUNTIME-005	75	1	11	module initialization or import graph runtime invariant failed	UTF8 byte half-open; LSP UTF16 conversion	JSON-lines schema 1; SARIF 2.1.0 properties.neboSchema=1; LSP data.schema=1	source error=1; usage/environment=2; internal=101; success=0	Code not reused; severity phase span encoding and field types frozen; message interpolation values may vary
native-catalog:NEBO-IMPORTS-MODULOS-NAMESPACES-E-API-PUBLICA-SECURITY-006	NEBO-IMPORTS-MODULOS-NAMESPACES-E-API-PUBLICA-SECURITY-006	76	1	14	module cycle visibility boundary or graph integrity check failed	UTF8 byte half-open; LSP UTF16 conversion	JSON-lines schema 1; SARIF 2.1.0 properties.neboSchema=1; LSP data.schema=1	source error=1; usage/environment=2; internal=101; success=0	Code not reused; severity phase span encoding and field types frozen; message interpolation values may vary
native-catalog:NEBO-PACKAGES-REGISTRY-LOCKFILE-E-SUPPLY-CHAIN-LEX-001	NEBO-PACKAGES-REGISTRY-LOCKFILE-E-SUPPLY-CHAIN-LEX-001	77	1	3	unknown or non-canonical package manifest or policy name	UTF8 byte half-open; LSP UTF16 conversion	JSON-lines schema 1; SARIF 2.1.0 properties.neboSchema=1; LSP data.schema=1	source error=1; usage/environment=2; internal=101; success=0	Code not reused; severity phase span encoding and field types frozen; message interpolation values may vary
native-catalog:NEBO-PACKAGES-REGISTRY-LOCKFILE-E-SUPPLY-CHAIN-PARSE-002	NEBO-PACKAGES-REGISTRY-LOCKFILE-E-SUPPLY-CHAIN-PARSE-002	78	1	4	malformed package dependency version digest or policy syntax	UTF8 byte half-open; LSP UTF16 conversion	JSON-lines schema 1; SARIF 2.1.0 properties.neboSchema=1; LSP data.schema=1	source error=1; usage/environment=2; internal=101; success=0	Code not reused; severity phase span encoding and field types frozen; message interpolation values may vary
native-catalog:NEBO-PACKAGES-REGISTRY-LOCKFILE-E-SUPPLY-CHAIN-TYPE-003	NEBO-PACKAGES-REGISTRY-LOCKFILE-E-SUPPLY-CHAIN-TYPE-003	79	1	6	package dependency version or digest identity is invalid	UTF8 byte half-open; LSP UTF16 conversion	JSON-lines schema 1; SARIF 2.1.0 properties.neboSchema=1; LSP data.schema=1	source error=1; usage/environment=2; internal=101; success=0	Code not reused; severity phase span encoding and field types frozen; message interpolation values may vary
native-catalog:NEBO-PACKAGES-REGISTRY-LOCKFILE-E-SUPPLY-CHAIN-CODEGEN-004	NEBO-PACKAGES-REGISTRY-LOCKFILE-E-SUPPLY-CHAIN-CODEGEN-004	80	1	10	package lock resolution is unavailable before PACKAGES-REGISTRY-LOCKFILE-E-SUPPLY-CHAIN-PF005	UTF8 byte half-open; LSP UTF16 conversion	JSON-lines schema 1; SARIF 2.1.0 properties.neboSchema=1; LSP data.schema=1	source error=1; usage/environment=2; internal=101; success=0	Code not reused; severity phase span encoding and field types frozen; message interpolation values may vary
native-catalog:NEBO-PACKAGES-REGISTRY-LOCKFILE-E-SUPPLY-CHAIN-RUNTIME-005	NEBO-PACKAGES-REGISTRY-LOCKFILE-E-SUPPLY-CHAIN-RUNTIME-005	81	1	11	package lock resolution or replay runtime invariant failed	UTF8 byte half-open; LSP UTF16 conversion	JSON-lines schema 1; SARIF 2.1.0 properties.neboSchema=1; LSP data.schema=1	source error=1; usage/environment=2; internal=101; success=0	Code not reused; severity phase span encoding and field types frozen; message interpolation values may vary
native-catalog:NEBO-PACKAGES-REGISTRY-LOCKFILE-E-SUPPLY-CHAIN-SECURITY-006	NEBO-PACKAGES-REGISTRY-LOCKFILE-E-SUPPLY-CHAIN-SECURITY-006	82	1	14	package digest policy or lock integrity check failed	UTF8 byte half-open; LSP UTF16 conversion	JSON-lines schema 1; SARIF 2.1.0 properties.neboSchema=1; LSP data.schema=1	source error=1; usage/environment=2; internal=101; success=0	Code not reused; severity phase span encoding and field types frozen; message interpolation values may vary
native-catalog:NEBO-BIBLIOTECA-PADRAO-POR-DOMINIOS-LEX-001	NEBO-BIBLIOTECA-PADRAO-POR-DOMINIOS-LEX-001	83	1	3	unknown or non-canonical std.math namespace or operation name	UTF8 byte half-open; LSP UTF16 conversion	JSON-lines schema 1; SARIF 2.1.0 properties.neboSchema=1; LSP data.schema=1	source error=1; usage/environment=2; internal=101; success=0	Code not reused; severity phase span encoding and field types frozen; message interpolation values may vary
native-catalog:NEBO-BIBLIOTECA-PADRAO-POR-DOMINIOS-PARSE-002	NEBO-BIBLIOTECA-PADRAO-POR-DOMINIOS-PARSE-002	84	1	4	malformed std.math call arguments punctuation or terminator	UTF8 byte half-open; LSP UTF16 conversion	JSON-lines schema 1; SARIF 2.1.0 properties.neboSchema=1; LSP data.schema=1	source error=1; usage/environment=2; internal=101; success=0	Code not reused; severity phase span encoding and field types frozen; message interpolation values may vary
native-catalog:NEBO-BIBLIOTECA-PADRAO-POR-DOMINIOS-TYPE-003	NEBO-BIBLIOTECA-PADRAO-POR-DOMINIOS-TYPE-003	85	1	6	std.math signed Int operand or clamp domain is invalid	UTF8 byte half-open; LSP UTF16 conversion	JSON-lines schema 1; SARIF 2.1.0 properties.neboSchema=1; LSP data.schema=1	source error=1; usage/environment=2; internal=101; success=0	Code not reused; severity phase span encoding and field types frozen; message interpolation values may vary
native-catalog:NEBO-BIBLIOTECA-PADRAO-POR-DOMINIOS-CODEGEN-004	NEBO-BIBLIOTECA-PADRAO-POR-DOMINIOS-CODEGEN-004	86	1	10	std.math code generation is unavailable before BIBLIOTECA-PADRAO-POR-DOMINIOS-PF005	UTF8 byte half-open; LSP UTF16 conversion	JSON-lines schema 1; SARIF 2.1.0 properties.neboSchema=1; LSP data.schema=1	source error=1; usage/environment=2; internal=101; success=0	Code not reused; severity phase span encoding and field types frozen; message interpolation values may vary
native-catalog:NEBO-BIBLIOTECA-PADRAO-POR-DOMINIOS-RUNTIME-005	NEBO-BIBLIOTECA-PADRAO-POR-DOMINIOS-RUNTIME-005	87	1	11	std.math evaluation or signed domain invariant failed	UTF8 byte half-open; LSP UTF16 conversion	JSON-lines schema 1; SARIF 2.1.0 properties.neboSchema=1; LSP data.schema=1	source error=1; usage/environment=2; internal=101; success=0	Code not reused; severity phase span encoding and field types frozen; message interpolation values may vary
native-catalog:NEBO-BIBLIOTECA-PADRAO-POR-DOMINIOS-SECURITY-006	NEBO-BIBLIOTECA-PADRAO-POR-DOMINIOS-SECURITY-006	88	1	14	std.math request integrity or bounded purity check failed	UTF8 byte half-open; LSP UTF16 conversion	JSON-lines schema 1; SARIF 2.1.0 properties.neboSchema=1; LSP data.schema=1	source error=1; usage/environment=2; internal=101; success=0	Code not reused; severity phase span encoding and field types frozen; message interpolation values may vary
native-catalog:NEBO-FILESYSTEM-PATHS-E-FORMATOS-LEX-001	NEBO-FILESYSTEM-PATHS-E-FORMATOS-LEX-001	89	1	3	unknown or non-canonical path namespace or query name	UTF8 byte half-open; LSP UTF16 conversion	JSON-lines schema 1; SARIF 2.1.0 properties.neboSchema=1; LSP data.schema=1	source error=1; usage/environment=2; internal=101; success=0	Code not reused; severity phase span encoding and field types frozen; message interpolation values may vary
native-catalog:NEBO-FILESYSTEM-PATHS-E-FORMATOS-PARSE-002	NEBO-FILESYSTEM-PATHS-E-FORMATOS-PARSE-002	90	1	4	malformed lexical path query punctuation quotes or terminator	UTF8 byte half-open; LSP UTF16 conversion	JSON-lines schema 1; SARIF 2.1.0 properties.neboSchema=1; LSP data.schema=1	source error=1; usage/environment=2; internal=101; success=0	Code not reused; severity phase span encoding and field types frozen; message interpolation values may vary
native-catalog:NEBO-FILESYSTEM-PATHS-E-FORMATOS-TYPE-003	NEBO-FILESYSTEM-PATHS-E-FORMATOS-TYPE-003	91	1	6	lexical path text is empty non-canonical or outside the bounded profile	UTF8 byte half-open; LSP UTF16 conversion	JSON-lines schema 1; SARIF 2.1.0 properties.neboSchema=1; LSP data.schema=1	source error=1; usage/environment=2; internal=101; success=0	Code not reused; severity phase span encoding and field types frozen; message interpolation values may vary
native-catalog:NEBO-FILESYSTEM-PATHS-E-FORMATOS-CODEGEN-004	NEBO-FILESYSTEM-PATHS-E-FORMATOS-CODEGEN-004	92	1	10	lexical path code generation is unavailable before FILESYSTEM-PATHS-E-FORMATOS-PF005	UTF8 byte half-open; LSP UTF16 conversion	JSON-lines schema 1; SARIF 2.1.0 properties.neboSchema=1; LSP data.schema=1	source error=1; usage/environment=2; internal=101; success=0	Code not reused; severity phase span encoding and field types frozen; message interpolation values may vary
native-catalog:NEBO-FILESYSTEM-PATHS-E-FORMATOS-RUNTIME-005	NEBO-FILESYSTEM-PATHS-E-FORMATOS-RUNTIME-005	93	1	11	lexical path runtime invariant failed	UTF8 byte half-open; LSP UTF16 conversion	JSON-lines schema 1; SARIF 2.1.0 properties.neboSchema=1; LSP data.schema=1	source error=1; usage/environment=2; internal=101; success=0	Code not reused; severity phase span encoding and field types frozen; message interpolation values may vary
native-catalog:NEBO-FILESYSTEM-PATHS-E-FORMATOS-SECURITY-006	NEBO-FILESYSTEM-PATHS-E-FORMATOS-SECURITY-006	94	1	14	path traversal or authenticated lexical summary integrity check failed	UTF8 byte half-open; LSP UTF16 conversion	JSON-lines schema 1; SARIF 2.1.0 properties.neboSchema=1; LSP data.schema=1	source error=1; usage/environment=2; internal=101; success=0	Code not reused; severity phase span encoding and field types frozen; message interpolation values may vary
native-catalog:NEBO-REDE-E-PROTOCOLOS-LEX-001	NEBO-REDE-E-PROTOCOLOS-LEX-001	95	1	3	unknown or non-canonical net namespace or port operation name	UTF8 byte half-open; LSP UTF16 conversion	JSON-lines schema 1; SARIF 2.1.0 properties.neboSchema=1; LSP data.schema=1	source error=1; usage/environment=2; internal=101; success=0	Code not reused; severity phase span encoding and field types frozen; message interpolation values may vary
native-catalog:NEBO-REDE-E-PROTOCOLOS-PARSE-002	NEBO-REDE-E-PROTOCOLOS-PARSE-002	96	1	4	malformed decimal network-port punctuation quotes or terminator	UTF8 byte half-open; LSP UTF16 conversion	JSON-lines schema 1; SARIF 2.1.0 properties.neboSchema=1; LSP data.schema=1	source error=1; usage/environment=2; internal=101; success=0	Code not reused; severity phase span encoding and field types frozen; message interpolation values may vary
native-catalog:NEBO-REDE-E-PROTOCOLOS-TYPE-003	NEBO-REDE-E-PROTOCOLOS-TYPE-003	97	1	6	decimal network port is empty invalid or outside 1 through 65535	UTF8 byte half-open; LSP UTF16 conversion	JSON-lines schema 1; SARIF 2.1.0 properties.neboSchema=1; LSP data.schema=1	source error=1; usage/environment=2; internal=101; success=0	Code not reused; severity phase span encoding and field types frozen; message interpolation values may vary
native-catalog:NEBO-REDE-E-PROTOCOLOS-CODEGEN-004	NEBO-REDE-E-PROTOCOLOS-CODEGEN-004	98	1	10	network-port code generation is unavailable before REDE-E-PROTOCOLOS-PF005	UTF8 byte half-open; LSP UTF16 conversion	JSON-lines schema 1; SARIF 2.1.0 properties.neboSchema=1; LSP data.schema=1	source error=1; usage/environment=2; internal=101; success=0	Code not reused; severity phase span encoding and field types frozen; message interpolation values may vary
native-catalog:NEBO-REDE-E-PROTOCOLOS-RUNTIME-005	NEBO-REDE-E-PROTOCOLOS-RUNTIME-005	99	1	11	network-port runtime invariant failed	UTF8 byte half-open; LSP UTF16 conversion	JSON-lines schema 1; SARIF 2.1.0 properties.neboSchema=1; LSP data.schema=1	source error=1; usage/environment=2; internal=101; success=0	Code not reused; severity phase span encoding and field types frozen; message interpolation values may vary
native-catalog:NEBO-REDE-E-PROTOCOLOS-SECURITY-006	NEBO-REDE-E-PROTOCOLOS-SECURITY-006	100	1	14	ambiguous port spelling or authenticated summary integrity check failed	UTF8 byte half-open; LSP UTF16 conversion	JSON-lines schema 1; SARIF 2.1.0 properties.neboSchema=1; LSP data.schema=1	source error=1; usage/environment=2; internal=101; success=0	Code not reused; severity phase span encoding and field types frozen; message interpolation values may vary
native-catalog:NEBO-CONSOLE-VISUAL-DASHBOARD-E-PLOTS-LEX-001	NEBO-CONSOLE-VISUAL-DASHBOARD-E-PLOTS-LEX-001	101	1	3	unknown or non-canonical visual namespace or summary operation name	UTF8 byte half-open; LSP UTF16 conversion	JSON-lines schema 1; SARIF 2.1.0 properties.neboSchema=1; LSP data.schema=1	source error=1; usage/environment=2; internal=101; success=0	Code not reused; severity phase span encoding and field types frozen; message interpolation values may vary
native-catalog:NEBO-CONSOLE-VISUAL-DASHBOARD-E-PLOTS-PARSE-002	NEBO-CONSOLE-VISUAL-DASHBOARD-E-PLOTS-PARSE-002	102	1	4	malformed visual summary punctuation argument or terminator	UTF8 byte half-open; LSP UTF16 conversion	JSON-lines schema 1; SARIF 2.1.0 properties.neboSchema=1; LSP data.schema=1	source error=1; usage/environment=2; internal=101; success=0	Code not reused; severity phase span encoding and field types frozen; message interpolation values may vary
native-catalog:NEBO-CONSOLE-VISUAL-DASHBOARD-E-PLOTS-TYPE-003	NEBO-CONSOLE-VISUAL-DASHBOARD-E-PLOTS-TYPE-003	103	1	6	visual summary value is not an integer from 0 through 255	UTF8 byte half-open; LSP UTF16 conversion	JSON-lines schema 1; SARIF 2.1.0 properties.neboSchema=1; LSP data.schema=1	source error=1; usage/environment=2; internal=101; success=0	Code not reused; severity phase span encoding and field types frozen; message interpolation values may vary
native-catalog:NEBO-CONSOLE-VISUAL-DASHBOARD-E-PLOTS-CODEGEN-004	NEBO-CONSOLE-VISUAL-DASHBOARD-E-PLOTS-CODEGEN-004	104	1	10	visual summary code generation is unavailable before CONSOLE-VISUAL-DASHBOARD-E-PLOTS-PF005	UTF8 byte half-open; LSP UTF16 conversion	JSON-lines schema 1; SARIF 2.1.0 properties.neboSchema=1; LSP data.schema=1	source error=1; usage/environment=2; internal=101; success=0	Code not reused; severity phase span encoding and field types frozen; message interpolation values may vary
native-catalog:NEBO-CONSOLE-VISUAL-DASHBOARD-E-PLOTS-RUNTIME-005	NEBO-CONSOLE-VISUAL-DASHBOARD-E-PLOTS-RUNTIME-005	105	1	11	visual summary runtime invariant failed	UTF8 byte half-open; LSP UTF16 conversion	JSON-lines schema 1; SARIF 2.1.0 properties.neboSchema=1; LSP data.schema=1	source error=1; usage/environment=2; internal=101; success=0	Code not reused; severity phase span encoding and field types frozen; message interpolation values may vary
native-catalog:NEBO-CONSOLE-VISUAL-DASHBOARD-E-PLOTS-SECURITY-006	NEBO-CONSOLE-VISUAL-DASHBOARD-E-PLOTS-SECURITY-006	106	1	14	non-canonical integer spelling or authenticated summary integrity failed	UTF8 byte half-open; LSP UTF16 conversion	JSON-lines schema 1; SARIF 2.1.0 properties.neboSchema=1; LSP data.schema=1	source error=1; usage/environment=2; internal=101; success=0	Code not reused; severity phase span encoding and field types frozen; message interpolation values may vary
native-catalog:NEBO-MEDIA-IMAGEM-AUDIO-E-VIDEO-LEX-001	NEBO-MEDIA-IMAGEM-AUDIO-E-VIDEO-LEX-001	107	1	3	unsupported synthetic media descriptor spelling	UTF8 byte half-open; LSP UTF16 conversion	JSON-lines schema 1; SARIF 2.1.0 properties.neboSchema=1; LSP data.schema=1	source error=1; usage/environment=2; internal=101; success=0	Code not reused; severity phase span encoding and field types frozen; message interpolation values may vary
native-catalog:NEBO-MEDIA-IMAGEM-AUDIO-E-VIDEO-PARSE-002	NEBO-MEDIA-IMAGEM-AUDIO-E-VIDEO-PARSE-002	108	1	4	malformed synthetic media descriptor or inconsistent extent	UTF8 byte half-open; LSP UTF16 conversion	JSON-lines schema 1; SARIF 2.1.0 properties.neboSchema=1; LSP data.schema=1	source error=1; usage/environment=2; internal=101; success=0	Code not reused; severity phase span encoding and field types frozen; message interpolation values may vary
native-catalog:NEBO-MEDIA-IMAGEM-AUDIO-E-VIDEO-TYPE-003	NEBO-MEDIA-IMAGEM-AUDIO-E-VIDEO-TYPE-003	109	1	6	media dimensions rate channels or duration are outside the bounded profile	UTF8 byte half-open; LSP UTF16 conversion	JSON-lines schema 1; SARIF 2.1.0 properties.neboSchema=1; LSP data.schema=1	source error=1; usage/environment=2; internal=101; success=0	Code not reused; severity phase span encoding and field types frozen; message interpolation values may vary
native-catalog:NEBO-MEDIA-IMAGEM-AUDIO-E-VIDEO-CODEGEN-004	NEBO-MEDIA-IMAGEM-AUDIO-E-VIDEO-CODEGEN-004	110	1	10	public synthetic media code generation is not part of the internal profile	UTF8 byte half-open; LSP UTF16 conversion	JSON-lines schema 1; SARIF 2.1.0 properties.neboSchema=1; LSP data.schema=1	source error=1; usage/environment=2; internal=101; success=0	Code not reused; severity phase span encoding and field types frozen; message interpolation values may vary
native-catalog:NEBO-MEDIA-IMAGEM-AUDIO-E-VIDEO-RUNTIME-005	NEBO-MEDIA-IMAGEM-AUDIO-E-VIDEO-RUNTIME-005	111	1	11	synthetic media resource bound or declared extent was truncated	UTF8 byte half-open; LSP UTF16 conversion	JSON-lines schema 1; SARIF 2.1.0 properties.neboSchema=1; LSP data.schema=1	source error=1; usage/environment=2; internal=101; success=0	Code not reused; severity phase span encoding and field types frozen; message interpolation values may vary
native-catalog:NEBO-MEDIA-IMAGEM-AUDIO-E-VIDEO-SECURITY-006	NEBO-MEDIA-IMAGEM-AUDIO-E-VIDEO-SECURITY-006	112	1	14	media privacy capability or authenticated descriptor invariant failed	UTF8 byte half-open; LSP UTF16 conversion	JSON-lines schema 1; SARIF 2.1.0 properties.neboSchema=1; LSP data.schema=1	source error=1; usage/environment=2; internal=101; success=0	Code not reused; severity phase span encoding and field types frozen; message interpolation values may vary
native-catalog:NEBO-MACHINE-LEARNING-NEURON-NETWORK-E-MODEL-LEX-001	NEBO-MACHINE-LEARNING-NEURON-NETWORK-E-MODEL-LEX-001	113	1	3	unsupported bounded ML profile spelling	UTF8 byte half-open; LSP UTF16 conversion	JSON-lines schema 1; SARIF 2.1.0 properties.neboSchema=1; LSP data.schema=1	source error=1; usage/environment=2; internal=101; success=0	Code not reused; severity phase span encoding and field types frozen; message interpolation values may vary
native-catalog:NEBO-MACHINE-LEARNING-NEURON-NETWORK-E-MODEL-PARSE-002	NEBO-MACHINE-LEARNING-NEURON-NETWORK-E-MODEL-PARSE-002	114	1	4	malformed bounded affine-forward descriptor	UTF8 byte half-open; LSP UTF16 conversion	JSON-lines schema 1; SARIF 2.1.0 properties.neboSchema=1; LSP data.schema=1	source error=1; usage/environment=2; internal=101; success=0	Code not reused; severity phase span encoding and field types frozen; message interpolation values may vary
native-catalog:NEBO-MACHINE-LEARNING-NEURON-NETWORK-E-MODEL-TYPE-003	NEBO-MACHINE-LEARNING-NEURON-NETWORK-E-MODEL-TYPE-003	115	1	6	shape dtype or scalar is outside the local deterministic profile	UTF8 byte half-open; LSP UTF16 conversion	JSON-lines schema 1; SARIF 2.1.0 properties.neboSchema=1; LSP data.schema=1	source error=1; usage/environment=2; internal=101; success=0	Code not reused; severity phase span encoding and field types frozen; message interpolation values may vary
native-catalog:NEBO-MACHINE-LEARNING-NEURON-NETWORK-E-MODEL-CODEGEN-004	NEBO-MACHINE-LEARNING-NEURON-NETWORK-E-MODEL-CODEGEN-004	116	1	10	public ML code generation is outside the internal profile	UTF8 byte half-open; LSP UTF16 conversion	JSON-lines schema 1; SARIF 2.1.0 properties.neboSchema=1; LSP data.schema=1	source error=1; usage/environment=2; internal=101; success=0	Code not reused; severity phase span encoding and field types frozen; message interpolation values may vary
native-catalog:NEBO-MACHINE-LEARNING-NEURON-NETWORK-E-MODEL-RUNTIME-005	NEBO-MACHINE-LEARNING-NEURON-NETWORK-E-MODEL-RUNTIME-005	117	1	11	affine-forward budget or arithmetic bound failed	UTF8 byte half-open; LSP UTF16 conversion	JSON-lines schema 1; SARIF 2.1.0 properties.neboSchema=1; LSP data.schema=1	source error=1; usage/environment=2; internal=101; success=0	Code not reused; severity phase span encoding and field types frozen; message interpolation values may vary
native-catalog:NEBO-MACHINE-LEARNING-NEURON-NETWORK-E-MODEL-SECURITY-006	NEBO-MACHINE-LEARNING-NEURON-NETWORK-E-MODEL-SECURITY-006	118	1	14	weights lineage privacy ownership device or seal invariant failed	UTF8 byte half-open; LSP UTF16 conversion	JSON-lines schema 1; SARIF 2.1.0 properties.neboSchema=1; LSP data.schema=1	source error=1; usage/environment=2; internal=101; success=0	Code not reused; severity phase span encoding and field types frozen; message interpolation values may vary
native-catalog:NEBO-GPU-E-COMPUTACAO-ACELERADA-LEX-001	NEBO-GPU-E-COMPUTACAO-ACELERADA-LEX-001	119	1	3	GPU syntax is unavailable in the research-only profile	UTF8 byte half-open; LSP UTF16 conversion	JSON-lines schema 1; SARIF 2.1.0 properties.neboSchema=1; LSP data.schema=1	source error=1; usage/environment=2; internal=101; success=0	Code not reused; severity phase span encoding and field types frozen; message interpolation values may vary
native-catalog:NEBO-GPU-E-COMPUTACAO-ACELERADA-PARSE-002	NEBO-GPU-E-COMPUTACAO-ACELERADA-PARSE-002	120	1	4	GPU constructs are unavailable in the research-only profile	UTF8 byte half-open; LSP UTF16 conversion	JSON-lines schema 1; SARIF 2.1.0 properties.neboSchema=1; LSP data.schema=1	source error=1; usage/environment=2; internal=101; success=0	Code not reused; severity phase span encoding and field types frozen; message interpolation values may vary
native-catalog:NEBO-GPU-E-COMPUTACAO-ACELERADA-TYPE-003	NEBO-GPU-E-COMPUTACAO-ACELERADA-TYPE-003	121	1	6	GPU types are unavailable in the research-only profile	UTF8 byte half-open; LSP UTF16 conversion	JSON-lines schema 1; SARIF 2.1.0 properties.neboSchema=1; LSP data.schema=1	source error=1; usage/environment=2; internal=101; success=0	Code not reused; severity phase span encoding and field types frozen; message interpolation values may vary
native-catalog:NEBO-GPU-E-COMPUTACAO-ACELERADA-CODEGEN-004	NEBO-GPU-E-COMPUTACAO-ACELERADA-CODEGEN-004	122	1	10	no GPU backend or toolchain is certified	UTF8 byte half-open; LSP UTF16 conversion	JSON-lines schema 1; SARIF 2.1.0 properties.neboSchema=1; LSP data.schema=1	source error=1; usage/environment=2; internal=101; success=0	Code not reused; severity phase span encoding and field types frozen; message interpolation values may vary
native-catalog:NEBO-GPU-E-COMPUTACAO-ACELERADA-RUNTIME-005	NEBO-GPU-E-COMPUTACAO-ACELERADA-RUNTIME-005	123	1	11	no GPU runtime is certified	UTF8 byte half-open; LSP UTF16 conversion	JSON-lines schema 1; SARIF 2.1.0 properties.neboSchema=1; LSP data.schema=1	source error=1; usage/environment=2; internal=101; success=0	Code not reused; severity phase span encoding and field types frozen; message interpolation values may vary
native-catalog:NEBO-GPU-E-COMPUTACAO-ACELERADA-SECURITY-006	NEBO-GPU-E-COMPUTACAO-ACELERADA-SECURITY-006	124	1	14	GPU capability is denied by the research-only profile	UTF8 byte half-open; LSP UTF16 conversion	JSON-lines schema 1; SARIF 2.1.0 properties.neboSchema=1; LSP data.schema=1	source error=1; usage/environment=2; internal=101; success=0	Code not reused; severity phase span encoding and field types frozen; message interpolation values may vary
native-catalog:NEBO-RUNTIME-DISTRIBUIDO-E-STREAMING-DISTRIBUIDO-LEX-001	NEBO-RUNTIME-DISTRIBUIDO-E-STREAMING-DISTRIBUIDO-LEX-001	125	1	3	unsupported local queue simulation spelling	UTF8 byte half-open; LSP UTF16 conversion	JSON-lines schema 1; SARIF 2.1.0 properties.neboSchema=1; LSP data.schema=1	source error=1; usage/environment=2; internal=101; success=0	Code not reused; severity phase span encoding and field types frozen; message interpolation values may vary
native-catalog:NEBO-RUNTIME-DISTRIBUIDO-E-STREAMING-DISTRIBUIDO-PARSE-002	NEBO-RUNTIME-DISTRIBUIDO-E-STREAMING-DISTRIBUIDO-PARSE-002	126	1	4	malformed local queue simulation descriptor	UTF8 byte half-open; LSP UTF16 conversion	JSON-lines schema 1; SARIF 2.1.0 properties.neboSchema=1; LSP data.schema=1	source error=1; usage/environment=2; internal=101; success=0	Code not reused; severity phase span encoding and field types frozen; message interpolation values may vary
native-catalog:NEBO-RUNTIME-DISTRIBUIDO-E-STREAMING-DISTRIBUIDO-TYPE-003	NEBO-RUNTIME-DISTRIBUIDO-E-STREAMING-DISTRIBUIDO-TYPE-003	127	1	6	queue capacity retry or timeout field is outside the local profile	UTF8 byte half-open; LSP UTF16 conversion	JSON-lines schema 1; SARIF 2.1.0 properties.neboSchema=1; LSP data.schema=1	source error=1; usage/environment=2; internal=101; success=0	Code not reused; severity phase span encoding and field types frozen; message interpolation values may vary
native-catalog:NEBO-RUNTIME-DISTRIBUIDO-E-STREAMING-DISTRIBUIDO-CODEGEN-004	NEBO-RUNTIME-DISTRIBUIDO-E-STREAMING-DISTRIBUIDO-CODEGEN-004	128	1	10	distributed code generation is outside the local simulation profile	UTF8 byte half-open; LSP UTF16 conversion	JSON-lines schema 1; SARIF 2.1.0 properties.neboSchema=1; LSP data.schema=1	source error=1; usage/environment=2; internal=101; success=0	Code not reused; severity phase span encoding and field types frozen; message interpolation values may vary
native-catalog:NEBO-RUNTIME-DISTRIBUIDO-E-STREAMING-DISTRIBUIDO-RUNTIME-005	NEBO-RUNTIME-DISTRIBUIDO-E-STREAMING-DISTRIBUIDO-RUNTIME-005	129	1	11	ordering backpressure retry timeout loss duplicate or ack invariant failed	UTF8 byte half-open; LSP UTF16 conversion	JSON-lines schema 1; SARIF 2.1.0 properties.neboSchema=1; LSP data.schema=1	source error=1; usage/environment=2; internal=101; success=0	Code not reused; severity phase span encoding and field types frozen; message interpolation values may vary
native-catalog:NEBO-RUNTIME-DISTRIBUIDO-E-STREAMING-DISTRIBUIDO-SECURITY-006	NEBO-RUNTIME-DISTRIBUIDO-E-STREAMING-DISTRIBUIDO-SECURITY-006	130	1	14	cleanup or authenticated local simulation invariant failed	UTF8 byte half-open; LSP UTF16 conversion	JSON-lines schema 1; SARIF 2.1.0 properties.neboSchema=1; LSP data.schema=1	source error=1; usage/environment=2; internal=101; success=0	Code not reused; severity phase span encoding and field types frozen; message interpolation values may vary
native-catalog:NEBO_PARSE_NONASSOCIATIVE_CHAIN	NEBO_PARSE_NONASSOCIATIVE_CHAIN	131	1	4	comparison and equality operators cannot be chained without explicit grouping	UTF8 byte half-open; LSP UTF16 conversion	JSON-lines schema 1; SARIF 2.1.0 properties.neboSchema=1; LSP data.schema=1	source error=1; usage/environment=2; internal=101; success=0	Code not reused; severity phase span encoding and field types frozen; message interpolation values may vary
native-catalog:NEBO-LITERAIS-NUMERICOS-BASES-E-REPRESENTACAO-030	NEBO-LITERAIS-NUMERICOS-BASES-E-REPRESENTACAO-030	132	1	6	break is only valid inside a loop	UTF8 byte half-open; LSP UTF16 conversion	JSON-lines schema 1; SARIF 2.1.0 properties.neboSchema=1; LSP data.schema=1	source error=1; usage/environment=2; internal=101; success=0	Code not reused; severity phase span encoding and field types frozen; message interpolation values may vary
native-catalog:NEBO-LITERAIS-NUMERICOS-BASES-E-REPRESENTACAO-031	NEBO-LITERAIS-NUMERICOS-BASES-E-REPRESENTACAO-031	133	1	6	continue is only valid inside a loop	UTF8 byte half-open; LSP UTF16 conversion	JSON-lines schema 1; SARIF 2.1.0 properties.neboSchema=1; LSP data.schema=1	source error=1; usage/environment=2; internal=101; success=0	Code not reused; severity phase span encoding and field types frozen; message interpolation values may vary
native-catalog:NEBO-OPTION-RESULT-NULL-EXTERNO-E-ERROS-TIPADOS-004	NEBO-OPTION-RESULT-NULL-EXTERNO-E-ERROS-TIPADOS-004	134	1	6	Array length must be a compile-time Int in 0..256	UTF8 byte half-open; LSP UTF16 conversion	JSON-lines schema 1; SARIF 2.1.0 properties.neboSchema=1; LSP data.schema=1	source error=1; usage/environment=2; internal=101; success=0	Code not reused; severity phase span encoding and field types frozen; message interpolation values may vary
native-catalog:NEBO-OPTION-RESULT-NULL-EXTERNO-E-ERROS-TIPADOS-033	NEBO-OPTION-RESULT-NULL-EXTERNO-E-ERROS-TIPADOS-033	135	1	6	collection record capacity exceeded (maximum 16)	UTF8 byte half-open; LSP UTF16 conversion	JSON-lines schema 1; SARIF 2.1.0 properties.neboSchema=1; LSP data.schema=1	source error=1; usage/environment=2; internal=101; success=0	Code not reused; severity phase span encoding and field types frozen; message interpolation values may vary
native-catalog:NEBO-OPTION-RESULT-NULL-EXTERNO-E-ERROS-TIPADOS-034	NEBO-OPTION-RESULT-NULL-EXTERNO-E-ERROS-TIPADOS-034	136	1	6	collection scalar pool capacity exceeded (maximum 2048)	UTF8 byte half-open; LSP UTF16 conversion	JSON-lines schema 1; SARIF 2.1.0 properties.neboSchema=1; LSP data.schema=1	source error=1; usage/environment=2; internal=101; success=0	Code not reused; severity phase span encoding and field types frozen; message interpolation values may vary
native-catalog:NEBO_FUNCTION_CALL_CAPACITY	NEBO_FUNCTION_CALL_CAPACITY	137	1	10	direct invocation count exceeds the bounded maximum of 256	UTF8 byte half-open; LSP UTF16 conversion	JSON-lines schema 1; SARIF 2.1.0 properties.neboSchema=1; LSP data.schema=1	source error=1; usage/environment=2; internal=101; success=0	Code not reused; severity phase span encoding and field types frozen; message interpolation values may vary
native-catalog:NEBO-BINDINGS-CONSTANTES-MUTABILIDADE-E-DEFINITE-ASSIGNMENT-BINDING-TYPE-MISMATCH	NEBO-BINDINGS-CONSTANTES-MUTABILIDADE-E-DEFINITE-ASSIGNMENT-BINDING-TYPE-MISMATCH	138	1	6	binding expression has the wrong public scalar type	UTF8 byte half-open; LSP UTF16 conversion	JSON-lines schema 1; SARIF 2.1.0 properties.neboSchema=1; LSP data.schema=1	source error=1; usage/environment=2; internal=101; success=0	Code not reused; severity phase span encoding and field types frozen; message interpolation values may vary
native-catalog:NEBO-BINDINGS-CONSTANTES-MUTABILIDADE-E-DEFINITE-ASSIGNMENT-BINDING-NOT-DEFINITELY-INITIALIZED	NEBO-BINDINGS-CONSTANTES-MUTABILIDADE-E-DEFINITE-ASSIGNMENT-BINDING-NOT-DEFINITELY-INITIALIZED	139	1	6	binding is not definitely initialized on every control-flow path	UTF8 byte half-open; LSP UTF16 conversion	JSON-lines schema 1; SARIF 2.1.0 properties.neboSchema=1; LSP data.schema=1	source error=1; usage/environment=2; internal=101; success=0	Code not reused; severity phase span encoding and field types frozen; message interpolation values may vary
native-catalog:NEBO_CALL_RECURSION_SURFACE	NEBO_CALL_RECURSION_SURFACE	140	1	10	recursive function must use the selected Int receiver, zero-parameter, Int-return surface	UTF8 byte half-open; LSP UTF16 conversion	JSON-lines schema 1; SARIF 2.1.0 properties.neboSchema=1; LSP data.schema=1	source error=1; usage/environment=2; internal=101; success=0	Code not reused; severity phase span encoding and field types frozen; message interpolation values may vary
native-catalog:NEBO_CALL_RECURSION_SHAPE	NEBO_CALL_RECURSION_SHAPE	141	1	10	recursive function must have one exact if/else base case and one self-call site	UTF8 byte half-open; LSP UTF16 conversion	JSON-lines schema 1; SARIF 2.1.0 properties.neboSchema=1; LSP data.schema=1	source error=1; usage/environment=2; internal=101; success=0	Code not reused; severity phase span encoding and field types frozen; message interpolation values may vary
native-catalog:NEBO_CALL_RECURSION_NONTAIL	NEBO_CALL_RECURSION_NONTAIL	142	1	10	recursive self-call must be the direct expression of a branch return	UTF8 byte half-open; LSP UTF16 conversion	JSON-lines schema 1; SARIF 2.1.0 properties.neboSchema=1; LSP data.schema=1	source error=1; usage/environment=2; internal=101; success=0	Code not reused; severity phase span encoding and field types frozen; message interpolation values may vary
native-catalog:NEBO_CALL_RECURSION_FRAME	NEBO_CALL_RECURSION_FRAME	143	1	10	selected recursive function requires an exact 16-byte frame	UTF8 byte half-open; LSP UTF16 conversion	JSON-lines schema 1; SARIF 2.1.0 properties.neboSchema=1; LSP data.schema=1	source error=1; usage/environment=2; internal=101; success=0	Code not reused; severity phase span encoding and field types frozen; message interpolation values may vary
native-catalog:NEBO_NESTED_CONTEXT	NEBO_NESTED_CONTEXT	144	1	4	nested helper declaration is only valid directly in a receiver-first outer function body	UTF8 byte half-open; LSP UTF16 conversion	JSON-lines schema 1; SARIF 2.1.0 properties.neboSchema=1; LSP data.schema=1	source error=1; usage/environment=2; internal=101; success=0	Code not reused; severity phase span encoding and field types frozen; message interpolation values may vary
native-catalog:NEBO_NESTED_CALL_BEFORE_DECLARATION	NEBO_NESTED_CALL_BEFORE_DECLARATION	145	1	5	nested helper call must appear after its declaration	UTF8 byte half-open; LSP UTF16 conversion	JSON-lines schema 1; SARIF 2.1.0 properties.neboSchema=1; LSP data.schema=1	source error=1; usage/environment=2; internal=101; success=0	Code not reused; severity phase span encoding and field types frozen; message interpolation values may vary
native-catalog:NEBO_NESTED_SCOPE	NEBO_NESTED_SCOPE	146	1	5	nested helper is private to its exact declaring outer function	UTF8 byte half-open; LSP UTF16 conversion	JSON-lines schema 1; SARIF 2.1.0 properties.neboSchema=1; LSP data.schema=1	source error=1; usage/environment=2; internal=101; success=0	Code not reused; severity phase span encoding and field types frozen; message interpolation values may vary
native-catalog:NEBO_NESTED_DUPLICATE	NEBO_NESTED_DUPLICATE	147	1	5	only one nested helper is permitted per outer function	UTF8 byte half-open; LSP UTF16 conversion	JSON-lines schema 1; SARIF 2.1.0 properties.neboSchema=1; LSP data.schema=1	source error=1; usage/environment=2; internal=101; success=0	Code not reused; severity phase span encoding and field types frozen; message interpolation values may vary
native-catalog:NEBO_NESTED_CAPACITY	NEBO_NESTED_CAPACITY	148	1	4	nested helper depth or capacity exceeds the selected one-level bound	UTF8 byte half-open; LSP UTF16 conversion	JSON-lines schema 1; SARIF 2.1.0 properties.neboSchema=1; LSP data.schema=1	source error=1; usage/environment=2; internal=101; success=0	Code not reused; severity phase span encoding and field types frozen; message interpolation values may vary
native-catalog:NEBO_NESTED_CAPTURE_UNSUPPORTED	NEBO_NESTED_CAPTURE_UNSUPPORTED	149	1	6	nested helper capture is unsupported; the environment must remain zero bytes	UTF8 byte half-open; LSP UTF16 conversion	JSON-lines schema 1; SARIF 2.1.0 properties.neboSchema=1; LSP data.schema=1	source error=1; usage/environment=2; internal=101; success=0	Code not reused; severity phase span encoding and field types frozen; message interpolation values may vary
native-catalog:NEBO_NESTED_ESCAPE	NEBO_NESTED_ESCAPE	150	1	6	nested helper cannot escape or be used as a function value	UTF8 byte half-open; LSP UTF16 conversion	JSON-lines schema 1; SARIF 2.1.0 properties.neboSchema=1; LSP data.schema=1	source error=1; usage/environment=2; internal=101; success=0	Code not reused; severity phase span encoding and field types frozen; message interpolation values may vary
native-catalog:NEBO_NESTED_RECURSION	NEBO_NESTED_RECURSION	151	1	10	nested helper recursion is outside the selected acyclic call graph	UTF8 byte half-open; LSP UTF16 conversion	JSON-lines schema 1; SARIF 2.1.0 properties.neboSchema=1; LSP data.schema=1	source error=1; usage/environment=2; internal=101; success=0	Code not reused; severity phase span encoding and field types frozen; message interpolation values may vary
native-catalog:NEBO_NESTED_RECURSIVE_OUTER	NEBO_NESTED_RECURSIVE_OUTER	152	1	10	a recursive outer function cannot declare the selected nested helper	UTF8 byte half-open; LSP UTF16 conversion	JSON-lines schema 1; SARIF 2.1.0 properties.neboSchema=1; LSP data.schema=1	source error=1; usage/environment=2; internal=101; success=0	Code not reused; severity phase span encoding and field types frozen; message interpolation values may vary
native-catalog:NEBO_NESTED_RECEIVER_UNSUPPORTED	NEBO_NESTED_RECEIVER_UNSUPPORTED	153	1	6	nested helper requires the exact Int.self receiver	UTF8 byte half-open; LSP UTF16 conversion	JSON-lines schema 1; SARIF 2.1.0 properties.neboSchema=1; LSP data.schema=1	source error=1; usage/environment=2; internal=101; success=0	Code not reused; severity phase span encoding and field types frozen; message interpolation values may vary
native-catalog:NEBO_NESTED_PARAMETER_UNSUPPORTED	NEBO_NESTED_PARAMETER_UNSUPPORTED	154	1	6	nested helper accepts zero explicit parameters	UTF8 byte half-open; LSP UTF16 conversion	JSON-lines schema 1; SARIF 2.1.0 properties.neboSchema=1; LSP data.schema=1	source error=1; usage/environment=2; internal=101; success=0	Code not reused; severity phase span encoding and field types frozen; message interpolation values may vary
native-catalog:NEBO_NESTED_RETURN_UNSUPPORTED	NEBO_NESTED_RETURN_UNSUPPORTED	155	1	6	nested helper must return Int on the selected scalar surface	UTF8 byte half-open; LSP UTF16 conversion	JSON-lines schema 1; SARIF 2.1.0 properties.neboSchema=1; LSP data.schema=1	source error=1; usage/environment=2; internal=101; success=0	Code not reused; severity phase span encoding and field types frozen; message interpolation values may vary
native-catalog:NEBO_NESTED_SURFACE	NEBO_NESTED_SURFACE	156	1	10	nested helper body uses a feature outside the selected noncapturing scalar surface	UTF8 byte half-open; LSP UTF16 conversion	JSON-lines schema 1; SARIF 2.1.0 properties.neboSchema=1; LSP data.schema=1	source error=1; usage/environment=2; internal=101; success=0	Code not reused; severity phase span encoding and field types frozen; message interpolation values may vary
native-catalog:NEBO_NESTED_SYMBOL_COLLISION	NEBO_NESTED_SYMBOL_COLLISION	157	1	13	private nested helper symbol identity collided internally	UTF8 byte half-open; LSP UTF16 conversion	JSON-lines schema 1; SARIF 2.1.0 properties.neboSchema=1; LSP data.schema=1	source error=1; usage/environment=2; internal=101; success=0	Code not reused; severity phase span encoding and field types frozen; message interpolation values may vary
native-catalog:NEBO_PARSE_CONTROL_HEADER_PARENS_REQUIRED	NEBO_PARSE_CONTROL_HEADER_PARENS_REQUIRED	158	1	4	control header requires parentheses	UTF8 byte half-open; LSP UTF16 conversion	JSON-lines schema 1; SARIF 2.1.0 properties.neboSchema=1; LSP data.schema=1	source error=1; usage/environment=2; internal=101; success=0	Code not reused; severity phase span encoding and field types frozen; message interpolation values may vary
native-catalog:NEBO_PARSE_CONTROL_HEADER_DELIMITER	NEBO_PARSE_CONTROL_HEADER_DELIMITER	159	1	4	control header requires a closing parenthesis	UTF8 byte half-open; LSP UTF16 conversion	JSON-lines schema 1; SARIF 2.1.0 properties.neboSchema=1; LSP data.schema=1	source error=1; usage/environment=2; internal=101; success=0	Code not reused; severity phase span encoding and field types frozen; message interpolation values may vary
native-catalog:NEBO-LITERAIS-NUMERICOS-BASES-E-REPRESENTACAO-032	NEBO-LITERAIS-NUMERICOS-BASES-E-REPRESENTACAO-032	160	1	6	while condition must have type Bool	UTF8 byte half-open; LSP UTF16 conversion	JSON-lines schema 1; SARIF 2.1.0 properties.neboSchema=1; LSP data.schema=1	source error=1; usage/environment=2; internal=101; success=0	Code not reused; severity phase span encoding and field types frozen; message interpolation values may vary
native-catalog:NEBO_ENTRYPOINT_MISSING	NEBO_ENTRYPOINT_MISSING	161	1	5	selected target requires exactly one start()	UTF8 byte half-open; LSP UTF16 conversion	JSON-lines schema 1; SARIF 2.1.0 properties.neboSchema=1; LSP data.schema=1	source error=1; usage/environment=2; internal=101; success=0	Code not reused; severity phase span encoding and field types frozen; message interpolation values may vary
native-catalog:NEBO_ENTRYPOINT_DUPLICATE	NEBO_ENTRYPOINT_DUPLICATE	162	1	5	selected target declares more than one start()	UTF8 byte half-open; LSP UTF16 conversion	JSON-lines schema 1; SARIF 2.1.0 properties.neboSchema=1; LSP data.schema=1	source error=1; usage/environment=2; internal=101; success=0	Code not reused; severity phase span encoding and field types frozen; message interpolation values may vary
native-catalog:NEBO_ENTRYPOINT_INVALID_SIGNATURE	NEBO_ENTRYPOINT_INVALID_SIGNATURE	163	1	6	start() violates the frozen entrypoint signature or status contract	UTF8 byte half-open; LSP UTF16 conversion	JSON-lines schema 1; SARIF 2.1.0 properties.neboSchema=1; LSP data.schema=1	source error=1; usage/environment=2; internal=101; success=0	Code not reused; severity phase span encoding and field types frozen; message interpolation values may vary
native-catalog:NEBO_ENTRYPOINT_AMBIGUOUS	NEBO_ENTRYPOINT_AMBIGUOUS	164	1	5	start() identity is ambiguous in the selected target	UTF8 byte half-open; LSP UTF16 conversion	JSON-lines schema 1; SARIF 2.1.0 properties.neboSchema=1; LSP data.schema=1	source error=1; usage/environment=2; internal=101; success=0	Code not reused; severity phase span encoding and field types frozen; message interpolation values may vary
native-catalog:NEBO_ENTRYPOINT_FORBIDDEN_FOR_TARGET	NEBO_ENTRYPOINT_FORBIDDEN_FOR_TARGET	165	1	5	library and test targets must not declare start()	UTF8 byte half-open; LSP UTF16 conversion	JSON-lines schema 1; SARIF 2.1.0 properties.neboSchema=1; LSP data.schema=1	source error=1; usage/environment=2; internal=101; success=0	Code not reused; severity phase span encoding and field types frozen; message interpolation values may vary
native-catalog:NEBO_TUPLE_ARITY	NEBO_TUPLE_ARITY	166	1	6	Tuple arity exceeds the bounded maximum of 8	UTF8 byte half-open; LSP UTF16 conversion	JSON-lines schema 1; SARIF 2.1.0 properties.neboSchema=1; LSP data.schema=1	source error=1; usage/environment=2; internal=101; success=0	Code not reused; severity phase span encoding and field types frozen; message interpolation values may vary
native-catalog:NEBO_TUPLE_INDEX_OUT_OF_RANGE	NEBO_TUPLE_INDEX_OUT_OF_RANGE	167	1	6	constant Tuple component index is outside its arity	UTF8 byte half-open; LSP UTF16 conversion	JSON-lines schema 1; SARIF 2.1.0 properties.neboSchema=1; LSP data.schema=1	source error=1; usage/environment=2; internal=101; success=0	Code not reused; severity phase span encoding and field types frozen; message interpolation values may vary
native-catalog:NEBO_TUPLE_NESTING_LIMIT	NEBO_TUPLE_NESTING_LIMIT	168	1	6	Tuple nesting exceeds the bounded maximum depth of 4	UTF8 byte half-open; LSP UTF16 conversion	JSON-lines schema 1; SARIF 2.1.0 properties.neboSchema=1; LSP data.schema=1	source error=1; usage/environment=2; internal=101; success=0	Code not reused; severity phase span encoding and field types frozen; message interpolation values may vary
native-catalog:NEBO_TUPLE_INVALID_RECEIVER	NEBO_TUPLE_INVALID_RECEIVER	169	1	6	Tuple operation requires a Tuple receiver	UTF8 byte half-open; LSP UTF16 conversion	JSON-lines schema 1; SARIF 2.1.0 properties.neboSchema=1; LSP data.schema=1	source error=1; usage/environment=2; internal=101; success=0	Code not reused; severity phase span encoding and field types frozen; message interpolation values may vary
native-catalog:NEBO_TUPLE_DUPLICATE_BINDING	NEBO_TUPLE_DUPLICATE_BINDING	170	1	5	Tuple destructuring binding is already initialized in this scope	UTF8 byte half-open; LSP UTF16 conversion	JSON-lines schema 1; SARIF 2.1.0 properties.neboSchema=1; LSP data.schema=1	source error=1; usage/environment=2; internal=101; success=0	Code not reused; severity phase span encoding and field types frozen; message interpolation values may vary
native-catalog:NEBO_SOURCE_UNICODE_CONFUSABLE	NEBO_SOURCE_UNICODE_CONFUSABLE	171	1	14	confusable Unicode source spelling is forbidden; use the canonical ASCII replacement from the note	UTF8 byte half-open; LSP UTF16 conversion	JSON-lines schema 1; SARIF 2.1.0 properties.neboSchema=1; LSP data.schema=1	source error=1; usage/environment=2; internal=101; success=0	Code not reused; severity phase span encoding and field types frozen; message interpolation values may vary
native-catalog:NEBO_SOURCE_BIDI_CONTROL	NEBO_SOURCE_BIDI_CONTROL	172	1	14	bidirectional control is forbidden in source syntax; remove the code point shown in the note	UTF8 byte half-open; LSP UTF16 conversion	JSON-lines schema 1; SARIF 2.1.0 properties.neboSchema=1; LSP data.schema=1	source error=1; usage/environment=2; internal=101; success=0	Code not reused; severity phase span encoding and field types frozen; message interpolation values may vary
native-catalog:NEBO_SOURCE_INVISIBLE_SEPARATOR	NEBO_SOURCE_INVISIBLE_SEPARATOR	173	1	14	invisible source separator is forbidden; use visible ASCII separation	UTF8 byte half-open; LSP UTF16 conversion	JSON-lines schema 1; SARIF 2.1.0 properties.neboSchema=1; LSP data.schema=1	source error=1; usage/environment=2; internal=101; success=0	Code not reused; severity phase span encoding and field types frozen; message interpolation values may vary
native-catalog:NEBO_SOURCE_COMBINING_MARK	NEBO_SOURCE_COMBINING_MARK	174	1	14	combining mark is forbidden in source syntax; use an exact visible token spelling	UTF8 byte half-open; LSP UTF16 conversion	JSON-lines schema 1; SARIF 2.1.0 properties.neboSchema=1; LSP data.schema=1	source error=1; usage/environment=2; internal=101; success=0	Code not reused; severity phase span encoding and field types frozen; message interpolation values may vary
native-catalog:NEBO_SOURCE_MALFORMED_UTF8	NEBO_SOURCE_MALFORMED_UTF8	175	1	14	source is not strict UTF-8; replace or remove the invalid byte sequence	UTF8 byte half-open; LSP UTF16 conversion	JSON-lines schema 1; SARIF 2.1.0 properties.neboSchema=1; LSP data.schema=1	source error=1; usage/environment=2; internal=101; success=0	Code not reused; severity phase span encoding and field types frozen; message interpolation values may vary
native-catalog:NEBO_LEX_RESERVED_SYMBOL	NEBO_LEX_RESERVED_SYMBOL	176	1	3	symbol spelling is RESERVED and has no executable semantics	UTF8 byte half-open; LSP UTF16 conversion	JSON-lines schema 1; SARIF 2.1.0 properties.neboSchema=1; LSP data.schema=1	source error=1; usage/environment=2; internal=101; success=0	Code not reused; severity phase span encoding and field types frozen; message interpolation values may vary
native-catalog:NEBO_LEX_REJECTED_FORM	NEBO_LEX_REJECTED_FORM	177	1	3	source form is REJECTED; use the explicit canonical migration	UTF8 byte half-open; LSP UTF16 conversion	JSON-lines schema 1; SARIF 2.1.0 properties.neboSchema=1; LSP data.schema=1	source error=1; usage/environment=2; internal=101; success=0	Code not reused; severity phase span encoding and field types frozen; message interpolation values may vary
native-catalog:NEBO_LEX_BLOCK_COMMENT_DEPTH	NEBO_LEX_BLOCK_COMMENT_DEPTH	178	1	3	nested block comment exceeds the maximum depth of 64	UTF8 byte half-open; LSP UTF16 conversion	JSON-lines schema 1; SARIF 2.1.0 properties.neboSchema=1; LSP data.schema=1	source error=1; usage/environment=2; internal=101; success=0	Code not reused; severity phase span encoding and field types frozen; message interpolation values may vary
native-catalog:NEBO_USE_AFTER_MOVE	NEBO_USE_AFTER_MOVE	179	1	6	value was moved, dropped or released before this read	UTF8 byte half-open; LSP UTF16 conversion	JSON-lines schema 1; SARIF 2.1.0 properties.neboSchema=1; LSP data.schema=1	source error=1; usage/environment=2; internal=101; success=0	Code not reused; severity phase span encoding and field types frozen; message interpolation values may vary
native-catalog:NEBO_COPY_UNIQUE	NEBO_COPY_UNIQUE	180	1	6	owned value cannot be copied implicitly; move or clone it explicitly	UTF8 byte half-open; LSP UTF16 conversion	JSON-lines schema 1; SARIF 2.1.0 properties.neboSchema=1; LSP data.schema=1	source error=1; usage/environment=2; internal=101; success=0	Code not reused; severity phase span encoding and field types frozen; message interpolation values may vary
native-catalog:NEBO_BORROW_CONFLICT	NEBO_BORROW_CONFLICT	181	1	6	mutation or transfer conflicts with an active lexical borrow	UTF8 byte half-open; LSP UTF16 conversion	JSON-lines schema 1; SARIF 2.1.0 properties.neboSchema=1; LSP data.schema=1	source error=1; usage/environment=2; internal=101; success=0	Code not reused; severity phase span encoding and field types frozen; message interpolation values may vary
native-catalog:NEBO_CONST_WRITE_FORBIDDEN	NEBO_CONST_WRITE_FORBIDDEN	182	1	6	ConstBinding is immutable and cannot be marked mutable or reassigned	UTF8 byte half-open; LSP UTF16 conversion	JSON-lines schema 1; SARIF 2.1.0 properties.neboSchema=1; LSP data.schema=1	source error=1; usage/environment=2; internal=101; success=0	Code not reused; severity phase span encoding and field types frozen; message interpolation values may vary
native-catalog:NEBO-E0001	NEBO-E0001	CODE_REGISTRY	1	12	diagnostic.schema.invalid	UTF8 byte half-open; LSP UTF16 conversion	JSON-lines schema 1; SARIF 2.1.0 properties.neboSchema=1; LSP data.schema=1	source error=1; usage/environment=2; internal=101; success=0	Code not reused; severity phase span encoding and field types frozen; message interpolation values may vary
native-catalog:NEBO-E0002	NEBO-E0002	CODE_REGISTRY	1	12	diagnostic.limit.exceeded	UTF8 byte half-open; LSP UTF16 conversion	JSON-lines schema 1; SARIF 2.1.0 properties.neboSchema=1; LSP data.schema=1	source error=1; usage/environment=2; internal=101; success=0	Code not reused; severity phase span encoding and field types frozen; message interpolation values may vary
native-catalog:NEBO-W0001	NEBO-W0001	CODE_REGISTRY	2	12	diagnostic.compatibility.warning	UTF8 byte half-open; LSP UTF16 conversion	JSON-lines schema 1; SARIF 2.1.0 properties.neboSchema=1; LSP data.schema=1	source error=1; usage/environment=2; internal=101; success=0	Code not reused; severity phase span encoding and field types frozen; message interpolation values may vary
native-catalog:NEBO-N0001	NEBO-N0001	CODE_REGISTRY	3	12	diagnostic.context.note	UTF8 byte half-open; LSP UTF16 conversion	JSON-lines schema 1; SARIF 2.1.0 properties.neboSchema=1; LSP data.schema=1	source error=1; usage/environment=2; internal=101; success=0	Code not reused; severity phase span encoding and field types frozen; message interpolation values may vary
native-catalog:NEBO-H0001	NEBO-H0001	CODE_REGISTRY	5	12	diagnostic.action.help	UTF8 byte half-open; LSP UTF16 conversion	JSON-lines schema 1; SARIF 2.1.0 properties.neboSchema=1; LSP data.schema=1	source error=1; usage/environment=2; internal=101; success=0	Code not reused; severity phase span encoding and field types frozen; message interpolation values may vary
native-catalog:NEBO-ICE-0001	NEBO-ICE-0001	CODE_REGISTRY	4	13	diagnostic.internal.invariant	UTF8 byte half-open; LSP UTF16 conversion	JSON-lines schema 1; SARIF 2.1.0 properties.neboSchema=1; LSP data.schema=1	source error=1; usage/environment=2; internal=101; success=0	Code not reused; severity phase span encoding and field types frozen; message interpolation values may vary
