feature_id	front_id	family	capability	state	spelling	signature	receiver	return_contract	effects	ownership	errors	limits	fallback	privacy	targets	maturity
6601	RF84-G66-F01	BASE_OUTPUT	BASIC_OUTPUT_TERMINATORS	GREEN_BOUNDED	basic_output_terminators	neboc_render_feature_validate(feature_id,flags,payload_len,depth,target)	RenderPlan	TYPED_RENDER_STATUS	PURE_POLICY_VALIDATION	BORROWED_PLAN_CALLER_OWNED_OUTPUT	INVALID;LIMIT;CAPACITY;TARGET;UNAVAILABLE;PRIVACY	NODES=256;PAYLOAD=4096;OUTPUT=1048576;DEPTH=16	PLAIN_REQUIRED	PRIVATE_REQUIRES_REDACT	PLAIN;ANSI;MARKDOWN;HTML;HEADLESS;LIVE_ENVIRONMENT_LIMITED	PUBLIC_SOURCE_BOUNDED
6602	RF84-G66-F02	BASE_OUTPUT	SEPARATORS_MULTI_VALUE	GREEN_BOUNDED	separators_multi_value	neboc_render_feature_validate(feature_id,flags,payload_len,depth,target)	RenderPlan	TYPED_RENDER_STATUS	PURE_POLICY_VALIDATION	BORROWED_PLAN_CALLER_OWNED_OUTPUT	INVALID;LIMIT;CAPACITY;TARGET;UNAVAILABLE;PRIVACY	NODES=256;PAYLOAD=4096;OUTPUT=1048576;DEPTH=16	PLAIN_REQUIRED	PRIVATE_REQUIRES_REDACT	PLAIN;ANSI;MARKDOWN;HTML;HEADLESS;LIVE_ENVIRONMENT_LIMITED	PUBLIC_SOURCE_BOUNDED
6603	RF84-G66-F03	BASE_OUTPUT	TEXT_COMPOSITION	GREEN_BOUNDED	text_composition	neboc_render_feature_validate(feature_id,flags,payload_len,depth,target)	RenderPlan	TYPED_RENDER_STATUS	PURE_POLICY_VALIDATION	BORROWED_PLAN_CALLER_OWNED_OUTPUT	INVALID;LIMIT;CAPACITY;TARGET;UNAVAILABLE;PRIVACY	NODES=256;PAYLOAD=4096;OUTPUT=1048576;DEPTH=16	PLAIN_REQUIRED	PRIVATE_REQUIRES_REDACT	PLAIN;ANSI;MARKDOWN;HTML;HEADLESS;LIVE_ENVIRONMENT_LIMITED	PUBLIC_SOURCE_BOUNDED
6604	RF84-G66-F04	BASE_OUTPUT	WHITESPACE_WIDTH	GREEN_BOUNDED	whitespace_width	neboc_render_feature_validate(feature_id,flags,payload_len,depth,target)	RenderPlan	TYPED_RENDER_STATUS	PURE_POLICY_VALIDATION	BORROWED_PLAN_CALLER_OWNED_OUTPUT	INVALID;LIMIT;CAPACITY;TARGET;UNAVAILABLE;PRIVACY	NODES=256;PAYLOAD=4096;OUTPUT=1048576;DEPTH=16	PLAIN_REQUIRED	PRIVATE_REQUIRES_REDACT	PLAIN;ANSI;MARKDOWN;HTML;HEADLESS;LIVE_ENVIRONMENT_LIMITED	PUBLIC_SOURCE_BOUNDED
6605	RF84-G66-F05	BASE_OUTPUT	BASE_OUTPUT_CONFORMANCE	GREEN_BOUNDED	base_output_conformance	neboc_render_feature_validate(feature_id,flags,payload_len,depth,target)	RenderPlan	TYPED_RENDER_STATUS	PURE_POLICY_VALIDATION	BORROWED_PLAN_CALLER_OWNED_OUTPUT	INVALID;LIMIT;CAPACITY;TARGET;UNAVAILABLE;PRIVACY	NODES=256;PAYLOAD=4096;OUTPUT=1048576;DEPTH=16	PLAIN_REQUIRED	PRIVATE_REQUIRES_REDACT	PLAIN;ANSI;MARKDOWN;HTML;HEADLESS;LIVE_ENVIRONMENT_LIMITED	PUBLIC_SOURCE_BOUNDED
6701	RF84-G67-F01	STYLE_SEMANTIC	VISUAL_TERMINAL_STYLE	GREEN_BOUNDED	visual_terminal_style	neboc_render_feature_validate(feature_id,flags,payload_len,depth,target)	RenderPlan	TYPED_RENDER_STATUS	PURE_POLICY_VALIDATION	BORROWED_PLAN_CALLER_OWNED_OUTPUT	INVALID;LIMIT;CAPACITY;TARGET;UNAVAILABLE;PRIVACY	NODES=256;PAYLOAD=4096;OUTPUT=1048576;DEPTH=16	PLAIN_REQUIRED	PRIVATE_REQUIRES_REDACT	PLAIN;ANSI;MARKDOWN;HTML;HEADLESS;LIVE_ENVIRONMENT_LIMITED	PUBLIC_BOUNDED_GREEN
6702	RF84-G67-F02	STYLE_SEMANTIC	COLORS_THEME	GREEN_BOUNDED	colors_theme	neboc_render_feature_validate(feature_id,flags,payload_len,depth,target)	RenderPlan	TYPED_RENDER_STATUS	PURE_POLICY_VALIDATION	BORROWED_PLAN_CALLER_OWNED_OUTPUT	INVALID;LIMIT;CAPACITY;TARGET;UNAVAILABLE;PRIVACY	NODES=256;PAYLOAD=4096;OUTPUT=1048576;DEPTH=16	PLAIN_REQUIRED	PRIVATE_REQUIRES_REDACT	PLAIN;ANSI;MARKDOWN;HTML;HEADLESS;LIVE_ENVIRONMENT_LIMITED	PUBLIC_BOUNDED_GREEN
6703	RF84-G67-F03	STYLE_SEMANTIC	SEMANTIC_STATES	GREEN_BOUNDED	semantic_states	neboc_render_feature_validate(feature_id,flags,payload_len,depth,target)	RenderPlan	TYPED_RENDER_STATUS	PURE_POLICY_VALIDATION	BORROWED_PLAN_CALLER_OWNED_OUTPUT	INVALID;LIMIT;CAPACITY;TARGET;UNAVAILABLE;PRIVACY	NODES=256;PAYLOAD=4096;OUTPUT=1048576;DEPTH=16	PLAIN_REQUIRED	PRIVATE_REQUIRES_REDACT	PLAIN;ANSI;MARKDOWN;HTML;HEADLESS;LIVE_ENVIRONMENT_LIMITED	PUBLIC_BOUNDED_GREEN
6704	RF84-G67-F04	STYLE_SEMANTIC	TARGET_INDEPENDENT_STYLE	GREEN_BOUNDED	target_independent_style	neboc_render_feature_validate(feature_id,flags,payload_len,depth,target)	RenderPlan	TYPED_RENDER_STATUS	PURE_POLICY_VALIDATION	BORROWED_PLAN_CALLER_OWNED_OUTPUT	INVALID;LIMIT;CAPACITY;TARGET;UNAVAILABLE;PRIVACY	NODES=256;PAYLOAD=4096;OUTPUT=1048576;DEPTH=16	PLAIN_REQUIRED	PRIVATE_REQUIRES_REDACT	PLAIN;ANSI;MARKDOWN;HTML;HEADLESS;LIVE_ENVIRONMENT_LIMITED	PUBLIC_BOUNDED_GREEN
6705	RF84-G67-F05	STYLE_SEMANTIC	STYLE_CONFORMANCE	GREEN_BOUNDED	style_conformance	neboc_render_feature_validate(feature_id,flags,payload_len,depth,target)	RenderPlan	TYPED_RENDER_STATUS	PURE_POLICY_VALIDATION	BORROWED_PLAN_CALLER_OWNED_OUTPUT	INVALID;LIMIT;CAPACITY;TARGET;UNAVAILABLE;PRIVACY	NODES=256;PAYLOAD=4096;OUTPUT=1048576;DEPTH=16	PLAIN_REQUIRED	PRIVATE_REQUIRES_REDACT	PLAIN;ANSI;MARKDOWN;HTML;HEADLESS;LIVE_ENVIRONMENT_LIMITED	PUBLIC_BOUNDED_GREEN
6801	RF84-G68-F01	LAYOUT	LAYOUT_STRUCTURE	PUBLIC_BOUNDED_GREEN	layout_structure	neboc_render_feature_validate(feature_id,flags,payload_len,depth,target)	RenderPlan	TYPED_RENDER_STATUS	PURE_POLICY_VALIDATION	BORROWED_PLAN_CALLER_OWNED_OUTPUT	INVALID;LIMIT;CAPACITY;TARGET;UNAVAILABLE;PRIVACY	NODES=256;PAYLOAD=4096;OUTPUT=1048576;DEPTH=16	PLAIN_REQUIRED	PRIVATE_REQUIRES_REDACT	PLAIN;ANSI;MARKDOWN;HTML;HEADLESS;LIVE_ENVIRONMENT_LIMITED	PUBLIC_BOUNDED_GREEN
6802	RF84-G68-F02	LAYOUT	TABLES	PUBLIC_BOUNDED_GREEN	tables	neboc_render_feature_validate(feature_id,flags,payload_len,depth,target)	RenderPlan	TYPED_RENDER_STATUS	PURE_POLICY_VALIDATION	BORROWED_PLAN_CALLER_OWNED_OUTPUT	INVALID;LIMIT;CAPACITY;TARGET;UNAVAILABLE;PRIVACY	NODES=256;PAYLOAD=4096;OUTPUT=1048576;DEPTH=16	PLAIN_REQUIRED	PRIVATE_REQUIRES_REDACT	PLAIN;ANSI;MARKDOWN;HTML;HEADLESS;LIVE_ENVIRONMENT_LIMITED	PUBLIC_BOUNDED_GREEN
6803	RF84-G68-F03	LAYOUT	LISTS	PUBLIC_BOUNDED_GREEN	lists	neboc_render_feature_validate(feature_id,flags,payload_len,depth,target)	RenderPlan	TYPED_RENDER_STATUS	PURE_POLICY_VALIDATION	BORROWED_PLAN_CALLER_OWNED_OUTPUT	INVALID;LIMIT;CAPACITY;TARGET;UNAVAILABLE;PRIVACY	NODES=256;PAYLOAD=4096;OUTPUT=1048576;DEPTH=16	PLAIN_REQUIRED	PRIVATE_REQUIRES_REDACT	PLAIN;ANSI;MARKDOWN;HTML;HEADLESS;LIVE_ENVIRONMENT_LIMITED	PUBLIC_BOUNDED_GREEN
6804	RF84-G68-F04	LAYOUT	COLLECTION_VIEWS	PUBLIC_BOUNDED_GREEN	collection_views	neboc_render_feature_validate(feature_id,flags,payload_len,depth,target)	RenderPlan	TYPED_RENDER_STATUS	PURE_POLICY_VALIDATION	BORROWED_PLAN_CALLER_OWNED_OUTPUT	INVALID;LIMIT;CAPACITY;TARGET;UNAVAILABLE;PRIVACY	NODES=256;PAYLOAD=4096;OUTPUT=1048576;DEPTH=16	PLAIN_REQUIRED	PRIVATE_REQUIRES_REDACT	PLAIN;ANSI;MARKDOWN;HTML;HEADLESS;LIVE_ENVIRONMENT_LIMITED	PUBLIC_BOUNDED_GREEN
6805	RF84-G68-F05	LAYOUT	DOCUMENTATION	PUBLIC_BOUNDED_GREEN	documentation	neboc_render_feature_validate(feature_id,flags,payload_len,depth,target)	RenderPlan	TYPED_RENDER_STATUS	PURE_POLICY_VALIDATION	BORROWED_PLAN_CALLER_OWNED_OUTPUT	INVALID;LIMIT;CAPACITY;TARGET;UNAVAILABLE;PRIVACY	NODES=256;PAYLOAD=4096;OUTPUT=1048576;DEPTH=16	PLAIN_REQUIRED	PRIVATE_REQUIRES_REDACT	PLAIN;ANSI;MARKDOWN;HTML;HEADLESS;LIVE_ENVIRONMENT_LIMITED	PUBLIC_BOUNDED_GREEN
6806	RF84-G68-F06	LAYOUT	SIZING_WRAPPING_ALIGNMENT	PUBLIC_BOUNDED_GREEN	sizing_wrapping_alignment	neboc_render_feature_validate(feature_id,flags,payload_len,depth,target)	RenderPlan	TYPED_RENDER_STATUS	PURE_POLICY_VALIDATION	BORROWED_PLAN_CALLER_OWNED_OUTPUT	INVALID;LIMIT;CAPACITY;TARGET;UNAVAILABLE;PRIVACY	NODES=256;PAYLOAD=4096;OUTPUT=1048576;DEPTH=16	PLAIN_REQUIRED	PRIVATE_REQUIRES_REDACT	PLAIN;ANSI;MARKDOWN;HTML;HEADLESS;LIVE_ENVIRONMENT_LIMITED	PUBLIC_BOUNDED_GREEN
6807	RF84-G68-F07	LAYOUT	LAYOUT_CONFORMANCE	PUBLIC_BOUNDED_GREEN	layout_conformance	neboc_render_feature_validate(feature_id,flags,payload_len,depth,target)	RenderPlan	TYPED_RENDER_STATUS	PURE_POLICY_VALIDATION	BORROWED_PLAN_CALLER_OWNED_OUTPUT	INVALID;LIMIT;CAPACITY;TARGET;UNAVAILABLE;PRIVACY	NODES=256;PAYLOAD=4096;OUTPUT=1048576;DEPTH=16	PLAIN_REQUIRED	PRIVATE_REQUIRES_REDACT	PLAIN;ANSI;MARKDOWN;HTML;HEADLESS;LIVE_ENVIRONMENT_LIMITED	PUBLIC_BOUNDED_GREEN
6901	RF84-G69-F01	DEVELOPER_TOOLING	CODE_BLOCKS	PUBLIC_BOUNDED_GREEN	code_blocks	neboc_render_feature_validate(feature_id,flags,payload_len,depth,target)	RenderPlan	TYPED_RENDER_STATUS	PURE_POLICY_VALIDATION	BORROWED_PLAN_CALLER_OWNED_OUTPUT	INVALID;LIMIT;CAPACITY;TARGET;UNAVAILABLE;PRIVACY	NODES=256;PAYLOAD=4096;OUTPUT=1048576;DEPTH=8	PLAIN_REQUIRED	PRIVATE_REQUIRES_REDACT	PLAIN;ANSI;MARKDOWN;HTML;HEADLESS;LIVE_ENVIRONMENT_LIMITED	PUBLIC_BOUNDED_GREEN
6902	RF84-G69-F02	DEVELOPER_TOOLING	DIAGNOSTICS	PUBLIC_BOUNDED_GREEN	diagnostics	neboc_render_feature_validate(feature_id,flags,payload_len,depth,target)	RenderPlan	TYPED_RENDER_STATUS	PURE_POLICY_VALIDATION	BORROWED_PLAN_CALLER_OWNED_OUTPUT	INVALID;LIMIT;CAPACITY;TARGET;UNAVAILABLE;PRIVACY	NODES=256;PAYLOAD=4096;OUTPUT=1048576;DEPTH=8	PLAIN_REQUIRED	PRIVATE_REQUIRES_REDACT	PLAIN;ANSI;MARKDOWN;HTML;HEADLESS;LIVE_ENVIRONMENT_LIMITED	PUBLIC_BOUNDED_GREEN
6903	RF84-G69-F03	DEVELOPER_TOOLING	DEBUG_INSPECTION	PUBLIC_BOUNDED_GREEN	debug_inspection	neboc_render_feature_validate(feature_id,flags,payload_len,depth,target)	RenderPlan	TYPED_RENDER_STATUS	PURE_POLICY_VALIDATION	BORROWED_PLAN_CALLER_OWNED_OUTPUT	INVALID;LIMIT;CAPACITY;TARGET;UNAVAILABLE;PRIVACY	NODES=256;PAYLOAD=4096;OUTPUT=1048576;DEPTH=8	PLAIN_REQUIRED	PRIVATE_REQUIRES_REDACT	PLAIN;ANSI;MARKDOWN;HTML;HEADLESS;LIVE_ENVIRONMENT_LIMITED	PUBLIC_BOUNDED_GREEN
6904	RF84-G69-F04	DEVELOPER_TOOLING	SERIALIZATION	PUBLIC_BOUNDED_GREEN	serialization	neboc_render_feature_validate(feature_id,flags,payload_len,depth,target)	RenderPlan	TYPED_RENDER_STATUS	PURE_POLICY_VALIDATION	BORROWED_PLAN_CALLER_OWNED_OUTPUT	INVALID;LIMIT;CAPACITY;TARGET;UNAVAILABLE;PRIVACY	NODES=256;PAYLOAD=4096;OUTPUT=1048576;DEPTH=8	PLAIN_REQUIRED	PRIVATE_REQUIRES_REDACT	PLAIN;ANSI;MARKDOWN;HTML;HEADLESS;LIVE_ENVIRONMENT_LIMITED	PUBLIC_BOUNDED_GREEN
6905	RF84-G69-F05	DEVELOPER_TOOLING	OBJECT_TUPLE_VIEWS	PUBLIC_BOUNDED_GREEN	object_tuple_views	neboc_render_feature_validate(feature_id,flags,payload_len,depth,target)	RenderPlan	TYPED_RENDER_STATUS	PURE_POLICY_VALIDATION	BORROWED_PLAN_CALLER_OWNED_OUTPUT	INVALID;LIMIT;CAPACITY;TARGET;UNAVAILABLE;PRIVACY	NODES=256;PAYLOAD=4096;OUTPUT=1048576;DEPTH=8	PLAIN_REQUIRED	PRIVATE_REQUIRES_REDACT	PLAIN;ANSI;MARKDOWN;HTML;HEADLESS;LIVE_ENVIRONMENT_LIMITED	PUBLIC_BOUNDED_GREEN
6906	RF84-G69-F06	DEVELOPER_TOOLING	SCHEMA_TYPE_VIEWS	PUBLIC_BOUNDED_GREEN	schema_type_views	neboc_render_feature_validate(feature_id,flags,payload_len,depth,target)	RenderPlan	TYPED_RENDER_STATUS	PURE_POLICY_VALIDATION	BORROWED_PLAN_CALLER_OWNED_OUTPUT	INVALID;LIMIT;CAPACITY;TARGET;UNAVAILABLE;PRIVACY	NODES=256;PAYLOAD=4096;OUTPUT=1048576;DEPTH=8	PLAIN_REQUIRED	PRIVATE_REQUIRES_REDACT	PLAIN;ANSI;MARKDOWN;HTML;HEADLESS;LIVE_ENVIRONMENT_LIMITED	PUBLIC_BOUNDED_GREEN
6907	RF84-G69-F07	DEVELOPER_TOOLING	DEVELOPER_RENDER_CONFORMANCE	PUBLIC_BOUNDED_GREEN	developer_render_conformance	neboc_render_feature_validate(feature_id,flags,payload_len,depth,target)	RenderPlan	TYPED_RENDER_STATUS	PURE_POLICY_VALIDATION	BORROWED_PLAN_CALLER_OWNED_OUTPUT	INVALID;LIMIT;CAPACITY;TARGET;UNAVAILABLE;PRIVACY	NODES=256;PAYLOAD=4096;OUTPUT=1048576;DEPTH=8	PLAIN_REQUIRED	PRIVATE_REQUIRES_REDACT	PLAIN;ANSI;MARKDOWN;HTML;HEADLESS;LIVE_ENVIRONMENT_LIMITED	PUBLIC_BOUNDED_GREEN
7001	RF84-G70-F01	OPERATIONS	LOGS	PUBLIC_BOUNDED_GREEN	logs	neboc_render_operation_token_validate(token,metadata,flags)	RenderPlanOperation	TYPED_RENDER_STATUS	SEMANTIC_LOG_SCHEMA	BORROWED_PLAN_CALLER_OWNED_OUTPUT	INVALID;LIMIT;CAPACITY;TARGET;UNAVAILABLE;PRIVACY	NODES=256;PAYLOAD=4096;SCHEMA=1	HEADLESS_REQUIRED	PRIVATE_REQUIRES_REDACT	PLAIN;ANSI;MARKDOWN;HTML;HEADLESS;LIVE_ENVIRONMENT_LIMITED	PUBLIC_BOUNDED_GREEN
7002	RF84-G70-F02	OPERATIONS	BUFFER_FLUSH_PERFORMANCE	PUBLIC_BOUNDED_GREEN	buffer_flush_performance	nebo_g070_state_init(state,capacity,interval_ms,fake_start_ms)	G070OperationState	TYPED_RENDER_STATUS	BOUNDED_FIFO	CALLER_OWNED_STATE_AND_OUTPUT	INVALID;LIMIT;CAPACITY	CAPACITY=8;PAYLOAD=4096	FAILURE_ATOMIC	PRIVATE_REQUIRES_REDACT	HEADLESS;FAKE_CLOCK_REQUIRED	PUBLIC_BOUNDED_GREEN
7003	RF84-G70-F03	OPERATIONS	PROGRESS_METRICS	PUBLIC_BOUNDED_GREEN	progress_metrics	nebo_g070_progress(state,current,total)	G070OperationState	TYPED_RENDER_STATUS	BOUNDED_PROGRESS_SNAPSHOT	CALLER_OWNED_STATE	INVALID;LIMIT	TOTAL=10000	FAILURE_ATOMIC	NO_PRIVATE_COUNTERS	HEADLESS;DETERMINISTIC	PUBLIC_BOUNDED_GREEN
7004	RF84-G70-F04	OPERATIONS	TIME_DURATION	PUBLIC_BOUNDED_GREEN	time_duration	nebo_g070_advance(state,delta_ms)	G070OperationState	TYPED_RENDER_STATUS	EXPLICIT_FAKE_CLOCK	CALLER_OWNED_STATE	INVALID;LIMIT	FAKE_MS=86400000	NO_HOST_CLOCK	NO_WALL_CLOCK_EXPECTED	HEADLESS;FAKE_CLOCK_REQUIRED	PUBLIC_BOUNDED_GREEN
7005	RF84-G70-F05	OPERATIONS	BACKPRESSURE_RATE_CONTROL	PUBLIC_BOUNDED_GREEN	backpressure_rate_control	nebo_g070_drain(state,output,item_capacity)	G070OperationState	TYPED_RENDER_STATUS	FIFO_REJECT_NEWEST	CALLER_OWNED_STATE_AND_OUTPUT	INVALID;LIMIT;CAPACITY	CAPACITY=8;INTERVAL_MS=60000	FAILURE_ATOMIC	NO_BUSY_WAIT	HEADLESS;FAKE_CLOCK_REQUIRED	PUBLIC_BOUNDED_GREEN
7006	RF84-G70-F06	OPERATIONS	OPERATIONS_CONFORMANCE	PUBLIC_BOUNDED_GREEN	operations_conformance	nebo_g070_snapshot(state,output)	G070OperationState	TYPED_RENDER_STATUS	DETERMINISTIC_SNAPSHOT	CALLER_OWNED_STATE_AND_OUTPUT	INVALID;LIMIT;CAPACITY	STATE_BYTES=144;SURFACES=50	SOURCE_TO_EFFECT_REQUIRED	PRIVATE_REQUIRES_REDACT	HEADLESS;DETERMINISTIC	PUBLIC_BOUNDED_GREEN
7101	RF84-G71-F01	SECURITY_PRIVACY	SECURITY_PRIVACY	PUBLIC_BOUNDED_GREEN	security_privacy	neboc_render_feature_validate(feature_id,flags,payload_len,depth,target)	RenderPlan	TYPED_RENDER_STATUS	PURE_POLICY_VALIDATION	BORROWED_PLAN_CALLER_OWNED_OUTPUT	INVALID;LIMIT;CAPACITY;TARGET;UNAVAILABLE;PRIVACY	NODES=256;PAYLOAD=4096;OUTPUT=1048576;DEPTH=16	PLAIN_REQUIRED	PRIVATE_REQUIRES_REDACT	PLAIN;ANSI;MARKDOWN;HTML;HEADLESS;LIVE_ENVIRONMENT_LIMITED	PUBLIC_BOUNDED_GREEN
7102	RF84-G71-F02	SECURITY_PRIVACY	SINK_ESCAPING	PUBLIC_BOUNDED_GREEN	sink_escaping	neboc_render_feature_validate(feature_id,flags,payload_len,depth,target)	RenderPlan	TYPED_RENDER_STATUS	PURE_POLICY_VALIDATION	BORROWED_PLAN_CALLER_OWNED_OUTPUT	INVALID;LIMIT;CAPACITY;TARGET;UNAVAILABLE;PRIVACY	NODES=256;PAYLOAD=4096;OUTPUT=1048576;DEPTH=16	PLAIN_REQUIRED	PRIVATE_REQUIRES_REDACT	PLAIN;ANSI;MARKDOWN;HTML;HEADLESS;LIVE_ENVIRONMENT_LIMITED	PUBLIC_BOUNDED_GREEN
7103	RF84-G71-F03	SECURITY_PRIVACY	I18N_LOCALE	PUBLIC_BOUNDED_GREEN	i18n_locale	neboc_render_feature_validate(feature_id,flags,payload_len,depth,target)	RenderPlan	TYPED_RENDER_STATUS	PURE_POLICY_VALIDATION	BORROWED_PLAN_CALLER_OWNED_OUTPUT	INVALID;LIMIT;CAPACITY;TARGET;UNAVAILABLE;PRIVACY	NODES=256;PAYLOAD=4096;OUTPUT=1048576;DEPTH=16	PLAIN_REQUIRED	PRIVATE_REQUIRES_REDACT	PLAIN;ANSI;MARKDOWN;HTML;HEADLESS;LIVE_ENVIRONMENT_LIMITED	PUBLIC_BOUNDED_GREEN
7104	RF84-G71-F04	SECURITY_PRIVACY	ACCESSIBILITY	PUBLIC_BOUNDED_GREEN	accessibility	neboc_render_feature_validate(feature_id,flags,payload_len,depth,target)	RenderPlan	TYPED_RENDER_STATUS	PURE_POLICY_VALIDATION	BORROWED_PLAN_CALLER_OWNED_OUTPUT	INVALID;LIMIT;CAPACITY;TARGET;UNAVAILABLE;PRIVACY	NODES=256;PAYLOAD=4096;OUTPUT=1048576;DEPTH=16	PLAIN_REQUIRED	PRIVATE_REQUIRES_REDACT	PLAIN;ANSI;MARKDOWN;HTML;HEADLESS;LIVE_ENVIRONMENT_LIMITED	PUBLIC_BOUNDED_GREEN
7105	RF84-G71-F05	SECURITY_PRIVACY	ENVIRONMENT_FALLBACK	PUBLIC_BOUNDED_GREEN	environment_fallback	neboc_render_feature_validate(feature_id,flags,payload_len,depth,target)	RenderPlan	TYPED_RENDER_STATUS	PURE_POLICY_VALIDATION	BORROWED_PLAN_CALLER_OWNED_OUTPUT	INVALID;LIMIT;CAPACITY;TARGET;UNAVAILABLE;PRIVACY	NODES=256;PAYLOAD=4096;OUTPUT=1048576;DEPTH=16	PLAIN_REQUIRED	PRIVATE_REQUIRES_REDACT	PLAIN;ANSI;MARKDOWN;HTML;HEADLESS;LIVE_ENVIRONMENT_LIMITED	PUBLIC_BOUNDED_GREEN
7106	RF84-G71-F06	SECURITY_PRIVACY	TERMINAL_COMPATIBILITY	PUBLIC_BOUNDED_GREEN	terminal_compatibility	neboc_render_feature_validate(feature_id,flags,payload_len,depth,target)	RenderPlan	TYPED_RENDER_STATUS	PURE_POLICY_VALIDATION	BORROWED_PLAN_CALLER_OWNED_OUTPUT	INVALID;LIMIT;CAPACITY;TARGET;UNAVAILABLE;PRIVACY	NODES=256;PAYLOAD=4096;OUTPUT=1048576;DEPTH=16	PLAIN_REQUIRED	PRIVATE_REQUIRES_REDACT	PLAIN;ANSI;MARKDOWN;HTML;HEADLESS;LIVE_ENVIRONMENT_LIMITED	PUBLIC_BOUNDED_GREEN
7107	RF84-G71-F07	SECURITY_PRIVACY	PRIVACY_AWARE_OUTPUT	PUBLIC_BOUNDED_GREEN	privacy_aware_output	neboc_render_feature_validate(feature_id,flags,payload_len,depth,target)	RenderPlan	TYPED_RENDER_STATUS	PURE_POLICY_VALIDATION	BORROWED_PLAN_CALLER_OWNED_OUTPUT	INVALID;LIMIT;CAPACITY;TARGET;UNAVAILABLE;PRIVACY	NODES=256;PAYLOAD=4096;OUTPUT=1048576;DEPTH=16	PLAIN_REQUIRED	PRIVATE_REQUIRES_REDACT	PLAIN;ANSI;MARKDOWN;HTML;HEADLESS;LIVE_ENVIRONMENT_LIMITED	PUBLIC_BOUNDED_GREEN
7108	RF84-G71-F08	SECURITY_PRIVACY	SECURITY_PRIVACY_CONFORMANCE	PUBLIC_BOUNDED_GREEN	security_privacy_conformance	neboc_render_feature_validate(feature_id,flags,payload_len,depth,target)	RenderPlan	TYPED_RENDER_STATUS	PURE_POLICY_VALIDATION	BORROWED_PLAN_CALLER_OWNED_OUTPUT	INVALID;LIMIT;CAPACITY;TARGET;UNAVAILABLE;PRIVACY	NODES=256;PAYLOAD=4096;OUTPUT=1048576;DEPTH=16	PLAIN_REQUIRED	PRIVATE_REQUIRES_REDACT	PLAIN;ANSI;MARKDOWN;HTML;HEADLESS;LIVE_ENVIRONMENT_LIMITED	PUBLIC_BOUNDED_GREEN
7201	RF84-G72-F01	TARGETS	OUTPUT_TARGETS	PUBLIC_BOUNDED_GREEN	output_targets	neboc_render_feature_validate(feature_id,flags,payload_len,depth,target)	RenderPlan	TYPED_RENDER_STATUS	EXPLICIT_TARGET_ROUTING	BORROWED_PLAN_CALLER_OWNED_OUTPUT	INVALID;LIMIT;CAPACITY;TARGET;UNAVAILABLE;PRIVACY	NODES=256;PAYLOAD=4096;OUTPUT=1048576;DEPTH=16	PLAIN_REQUIRED	PRIVATE_REQUIRES_REDACT	PLAIN;ANSI;MARKDOWN;HTML;HEADLESS;LIVE_ENVIRONMENT_LIMITED	PUBLIC_BOUNDED_GREEN
7202	RF84-G72-F02	TARGETS	CONSOLE_VISUAL_INTEGRATION	PUBLIC_BOUNDED_GREEN	console_visual_integration	neboc_render_feature_validate(feature_id,flags,payload_len,depth,target)	RenderPlan	TYPED_RENDER_STATUS	HEADLESS_VISUAL_RECORD	BORROWED_PLAN_CALLER_OWNED_OUTPUT	INVALID;LIMIT;CAPACITY;TARGET;UNAVAILABLE;PRIVACY	NODES=256;PAYLOAD=4096;OUTPUT=1048576;DEPTH=16	PLAIN_REQUIRED	PRIVATE_REQUIRES_REDACT	PLAIN;ANSI;MARKDOWN;HTML;HEADLESS;LIVE_ENVIRONMENT_LIMITED	PUBLIC_BOUNDED_GREEN
7203	RF84-G72-F03	TARGETS	FILE_ATOMIC_WRITES	PUBLIC_BOUNDED_GREEN	file_atomic_writes	neboc_render_feature_validate(feature_id,flags,payload_len,depth,target)	RenderPlan	TYPED_RENDER_STATUS	FSYNC_ATOMIC_RENAME	BORROWED_PLAN_CALLER_OWNED_PATH	INVALID;LIMIT;CAPACITY;TARGET;UNAVAILABLE;PRIVACY	NODES=256;PAYLOAD=4096;OUTPUT=1048576;DEPTH=16	ERROR_REQUIRED	PRIVATE_REQUIRES_REDACT	FILE	PUBLIC_BOUNDED_GREEN
7204	RF84-G72-F04	TARGETS	HEADLESS_EVENTS	PUBLIC_BOUNDED_GREEN	headless_events	neboc_render_feature_validate(feature_id,flags,payload_len,depth,target)	RenderPlan	TYPED_RENDER_STATUS	BOUNDED_JSONL_EVENT	BORROWED_PLAN_CALLER_OWNED_OUTPUT	INVALID;LIMIT;CAPACITY;TARGET;UNAVAILABLE;PRIVACY	NODES=256;PAYLOAD=4096;OUTPUT=1048576;DEPTH=16	ERROR_REQUIRED	PRIVATE_REQUIRES_REDACT	HEADLESS	PUBLIC_BOUNDED_GREEN
7205	RF84-G72-F05	TARGETS	SINKS_ROUTERS_MIRRORING	PUBLIC_BOUNDED_GREEN	sinks_routers_mirroring	neboc_render_feature_validate(feature_id,flags,payload_len,depth,target)	RenderPlan	TYPED_RENDER_STATUS	FAILURE_ATOMIC_MIRROR	BORROWED_PLAN_CALLER_OWNED_OUTPUT	INVALID;LIMIT;CAPACITY;TARGET;UNAVAILABLE;PRIVACY	NODES=256;PAYLOAD=4096;OUTPUT=1048576;DEPTH=16	ERROR_REQUIRED	PRIVATE_REQUIRES_REDACT	MEMORY;HEADLESS	PUBLIC_BOUNDED_GREEN
7206	RF84-G72-F06	TARGETS	LIFECYCLE_CANCELLATION_ERRORS	PUBLIC_BOUNDED_GREEN	lifecycle_cancellation_errors	neboc_render_feature_validate(feature_id,flags,payload_len,depth,target)	RenderPlan	TYPED_RENDER_STATUS	EXACTLY_ONCE_LIFECYCLE	CALLER_OWNED_STATE	INVALID;LIMIT;CAPACITY;TARGET;UNAVAILABLE;PRIVACY	NODES=256;PAYLOAD=4096;OUTPUT=1048576;DEPTH=16	ERROR_REQUIRED	PRIVATE_REQUIRES_REDACT	HEADLESS	PUBLIC_BOUNDED_GREEN
7207	RF84-G72-F07	TARGETS	TARGET_CONFORMANCE	PUBLIC_BOUNDED_GREEN	target_conformance	neboc_render_feature_validate(feature_id,flags,payload_len,depth,target)	RenderPlan	TYPED_RENDER_STATUS	PURE_CONFORMANCE_VALIDATION	BORROWED_PLAN_CALLER_OWNED_OUTPUT	INVALID;LIMIT;CAPACITY;TARGET;UNAVAILABLE;PRIVACY	NODES=256;PAYLOAD=4096;OUTPUT=1048576;DEPTH=16	ERROR_REQUIRED	PRIVATE_REQUIRES_REDACT	HEADLESS;LIVE_ENVIRONMENT_LIMITED	PUBLIC_BOUNDED_GREEN
7301	RF84-G73-F01	TESTABILITY	TESTS_MOCKS_CAPTURE	PUBLIC_BOUNDED_GREEN	tests_mocks_capture	nebo_g073_capture(state,bytes,len)	G073State	TYPED_RENDER_STATUS	CALLER_OWNED_CAPTURE_AND_ASSERTIONS	CALLER_OWNED_STATE_AND_OUTPUT	INVALID;LIMIT;CAPACITY	CAPTURE=256;OUTPUT=256	FAILURE_ATOMIC	PRIVATE_REQUIRES_REDACT	HEADLESS;DETERMINISTIC	PUBLIC_BOUNDED_GREEN
7302	RF84-G73-F02	TESTABILITY	EDUCATIONAL_MODES	PUBLIC_BOUNDED_GREEN	educational_modes	nebo_g073_education_render(mode,bytes,len,output,capacity)	RenderPlanEducation	TYPED_RENDER_STATUS	FINITE_EDUCATIONAL_PREFIX	BORROWED_INPUT_CALLER_OWNED_OUTPUT	INVALID;LIMIT;CAPACITY	PAYLOAD=256;MODES=2	FAILURE_ATOMIC	NO_HIDDEN_EXPRESSION_EFFECTS	HEADLESS;DETERMINISTIC	PUBLIC_BOUNDED_GREEN
7303	RF84-G73-F03	TESTABILITY	CONDITIONAL_OUTPUT	PUBLIC_BOUNDED_GREEN	conditional_output	nebo_g073_condition(state,policy,argument)	G073State	TYPED_RENDER_STATUS	FINITE_LITERAL_CONDITION_POLICY	CALLER_OWNED_STATE	INVALID;LIMIT	COUNT=64;POLICIES=5	FAILURE_ATOMIC	NO_ARBITRARY_EXPRESSION_EVALUATION	HEADLESS;DETERMINISTIC	PUBLIC_BOUNDED_GREEN
7304	RF84-G73-F04	TESTABILITY	GROUPING_SCOPES	PUBLIC_BOUNDED_GREEN	grouping_scopes	nebo_g073_scope_push(state,scope_id)	G073State	TYPED_RENDER_STATUS	BOUNDED_LIFO_SCOPES	CALLER_OWNED_STATE	INVALID;CAPACITY	DEPTH=8	FAILURE_ATOMIC	NO_AMBIENT_SCOPE	HEADLESS;DETERMINISTIC	PUBLIC_BOUNDED_GREEN
7305	RF84-G73-F05	TESTABILITY	SNAPSHOT_REPLAY	PUBLIC_BOUNDED_GREEN	snapshot_replay	nebo_g073_replay(snapshot,len,output,capacity)	G073Snapshot	TYPED_RENDER_STATUS	BYTE_EXACT_SNAPSHOT_REPLAY	BORROWED_SNAPSHOT_CALLER_OWNED_OUTPUT	INVALID;LIMIT;CAPACITY	SNAPSHOT=256	FAILURE_ATOMIC	PRIVATE_REQUIRES_REDACT	HEADLESS;DETERMINISTIC	PUBLIC_BOUNDED_GREEN
7306	RF84-G73-F06	TESTABILITY	TESTABILITY_CONFORMANCE	PUBLIC_BOUNDED_GREEN	testability_conformance	nebo_g073_source_probe(mode,seed)	RenderPlan	TYPED_RENDER_STATUS	SOURCE_TO_EFFECT_CONFORMANCE	CALLER_OWNED_STATE_AND_OUTPUT	INVALID;LIMIT;CAPACITY	SURFACES=46;PUBLIC=42;DEFERRED=4	FAILURE_ATOMIC	NO_TERMINAL_DEPENDENCY	HEADLESS;DETERMINISTIC	PUBLIC_BOUNDED_GREEN
7401	RF84-G74-F01	POLICY_CLOSEOUT	PERCENT_TEMPLATE_POLICIES	PUBLIC_BOUNDED_GREEN	percent_template_policies	neboc_percent_policy_validate(policy)	RenderPlan	TYPED_FORMAT_STATUS	PURE_POLICY_VALIDATION	BORROWED_POLICY_NO_OUTPUT	UNKNOWN_PLACEHOLDER;POLICY_CONFLICT	FLAGS=127	STRICT_REQUIRED	NO_PAYLOAD	TEXT;TERMINAL;FILE;LOG;UI	PUBLIC_BOUNDED_GREEN
7402	RF84-G74-F02	POLICY_CLOSEOUT	SLASH_POLICIES	PUBLIC_BOUNDED_GREEN	slash_policies	nebo_g074_slash_policy_validate(policy,target)	RenderPlan	TYPED_G074_STATUS	PURE_POLICY_VALIDATION	BORROWED_POLICY_NO_OUTPUT	INVALID;CONFLICT;TARGET	FLAGS=31;TARGETS=5	PLAIN_EXPLICIT	NO_PAYLOAD	TEXT;TERMINAL;FILE;LOG;UI	PUBLIC_BOUNDED_GREEN
7403	RF84-G74-F03	POLICY_CLOSEOUT	SUPPLEMENTAL_OUTPUT_CATALOG	PUBLIC_BOUNDED_GREEN	supplemental_output_catalog	nebo_g074_catalog_counts_write(out,capacity)	RenderPlan	TYPED_G074_STATUS	PURE_CATALOG_SNAPSHOT	CALLER_OWNED_OUTPUT	INVALID;CAPACITY	FIELDS=6;PRIMARY=381;SUPPLEMENTAL=184	NO_PROMOTION	NO_PAYLOAD	HEADLESS	PUBLIC_BOUNDED_GREEN
7404	RF84-G74-F04	POLICY_CLOSEOUT	PRIORITY_PROFILES	PUBLIC_BOUNDED_GREEN	priority_profiles	nebo_g074_priority_state(priority)	RenderPlan	MATURITY_STATE	PURE_GOVERNANCE_QUERY	NO_BORROW_NO_OUTPUT	INVALID	PRIORITIES=3	DEFERRED_REMAINS_DEFERRED	NO_PAYLOAD	HEADLESS	PUBLIC_BOUNDED_GREEN
7405	RF84-G74-F05	POLICY_CLOSEOUT	EDITOR_AUTOCOMPLETE	PUBLIC_BOUNDED_GREEN	editor_autocomplete	neboc_render_policy_complete(prefix,len,out_ids,capacity)	RenderPlan	MATCH_COUNT_OR_TYPED_ERROR	PURE_EDITOR_QUERY	BORROWED_PREFIX_CALLER_OWNED_OUTPUT	INVALID;LIMIT;CAPACITY;UNKNOWN	PREFIX=32;CANDIDATES=16	MIGRATED_ONLY	NO_CONTENT_READ	EDITOR;HEADLESS	PUBLIC_BOUNDED_GREEN
7406	RF84-G74-F06	POLICY_CLOSEOUT	DIAGNOSTIC_ANTI_DRAG	PUBLIC_BOUNDED_GREEN	diagnostic_anti_drag	nebo_g074_diagnostic_write(code,start,end,out)	RenderPlan	TYPED_G074_STATUS	PURE_DIAGNOSTIC_MATERIALIZATION	CALLER_OWNED_OUTPUT	INVALID;LIMIT	CODES=6;SPAN=4096	STABLE_CODE_AND_SPAN	NO_PAYLOAD	EDITOR;HEADLESS	PUBLIC_BOUNDED_GREEN
7407	RF84-G74-F07	POLICY_CLOSEOUT	OUTPUT_CATALOG_CLOSEOUT	PUBLIC_BOUNDED_GREEN	output_catalog_closeout	nebo_g074_source_probe(mode,seed)	RenderPlan	OBSERVED_SEED_BYTE	POLICY_CATALOG_EDITOR_COMPOSITION	NO_RETAINED_STATE	INVALID;LIMIT;CAPACITY;CONFLICT;DEFERRED	MODES=7;CATALOG=565	NO_AUTO_PROMOTION	NO_PAYLOAD	TEXT;TERMINAL;FILE;LOG;UI;EDITOR;HEADLESS	PUBLIC_BOUNDED_GREEN
