id	lexeme	utf8_hex	codepoints	registry_class	classification	edition	context	fixity	precedence	associativity	canonical_ascii	positive_ids	negative_ids	limits	authority	registry_sha256
NSR-CORE-001	.	2e	U+002E	CORE_ALWAYS_ON	ACTIVE	1;2-compatible	expression, receiver-first call and terminal binding	postfix/contextual	P180_SUFFIX	left/contextual	.	operator:binary-2b-0,operator:binary-2b-1	operator:discard-mutable	Current native grammar/context only; no implicit activation.	docs/specifications/nebo-language/NEBO-SYMBOL-AND-OPERATOR-REGISTRY-v1.0.tsv	a6f6cd1fbda1b6ee77934fa24a3b1f654ae16c657a1bd2a1c9c61444f5d72f2a
NSR-CORE-002	()	2829	U+0028 U+0029	CORE_ALWAYS_ON	ACTIVE	1;2-compatible	expressions and argument lists	delimited/postfix	P180_SUFFIX	left	()	operator:binary-2b-0,operator:binary-2b-1	operator:discard-mutable	Current native grammar/context only; no implicit activation.	docs/specifications/nebo-language/NEBO-SYMBOL-AND-OPERATOR-REGISTRY-v1.0.tsv	a6f6cd1fbda1b6ee77934fa24a3b1f654ae16c657a1bd2a1c9c61444f5d72f2a
NSR-CORE-003	{}	7b7d	U+007B U+007D	CORE_ALWAYS_ON	ACTIVE	1;2-compatible	function, control-flow, match, struct and domain bodies	delimited	STRUCTURAL	N/A	{}	operator:binary-2b-0,operator:binary-2b-1	operator:discard-mutable	Current native grammar/context only; no implicit activation.	docs/specifications/nebo-language/NEBO-SYMBOL-AND-OPERATOR-REGISTRY-v1.0.tsv	a6f6cd1fbda1b6ee77934fa24a3b1f654ae16c657a1bd2a1c9c61444f5d72f2a
NSR-CORE-004	[]	5b5d	U+005B U+005D	CORE_ALWAYS_ON	ACTIVE	1;2-compatible	Array literals, bounded collection forms and type syntax	delimited	P180_SUFFIX_WHEN_INDEXING_EXISTS	left/contextual	[]	operator:reduce-e28891-[],operator:reduce-e2888f-[]	operator:wrong-domain-e28891	Current native grammar/context only; no implicit activation.	docs/specifications/nebo-language/NEBO-SYMBOL-AND-OPERATOR-REGISTRY-v1.0.tsv	a6f6cd1fbda1b6ee77934fa24a3b1f654ae16c657a1bd2a1c9c61444f5d72f2a
NSR-CORE-005	<...>	3c2e2e2e3e	U+003C U+002E U+002E U+002E U+003E	CORE_ALWAYS_ON	ACTIVE	1;2-compatible	type context only	delimited/contextual	TYPE_GRAMMAR	N/A	<...>	operator:reduce-e28891-[],operator:reduce-e2888f-[]	operator:wrong-domain-e28891	Current native grammar/context only; no implicit activation.	docs/specifications/nebo-language/NEBO-SYMBOL-AND-OPERATOR-REGISTRY-v1.0.tsv	a6f6cd1fbda1b6ee77934fa24a3b1f654ae16c657a1bd2a1c9c61444f5d72f2a
NSR-CORE-006	,	2c	U+002C	CORE_ALWAYS_ON	ACTIVE	1;2-compatible	arguments, elements, fields, bindings and tuples	separator	STRUCTURAL	N/A	,	operator:bytes-construct-four-0,operator:bytes-construct-four-7	operator:bytes-four-arity	Current native grammar/context only; no implicit activation.	docs/specifications/nebo-language/NEBO-SYMBOL-AND-OPERATOR-REGISTRY-v1.0.tsv	a6f6cd1fbda1b6ee77934fa24a3b1f654ae16c657a1bd2a1c9c61444f5d72f2a
NSR-CORE-007	;	3b	U+003B	CORE_ALWAYS_ON	ACTIVE	1;2-compatible	statement and selected arm termination	terminator	STRUCTURAL	N/A	;	operator:binary-2b-0,operator:binary-2b-1	operator:discard-mutable	Current native grammar/context only; no implicit activation.	docs/specifications/nebo-language/NEBO-SYMBOL-AND-OPERATOR-REGISTRY-v1.0.tsv	a6f6cd1fbda1b6ee77934fa24a3b1f654ae16c657a1bd2a1c9c61444f5d72f2a
NSR-CORE-008	:	3a	U+003A	CORE_ALWAYS_ON	ACTIVE	1;2-compatible	type annotations, named arguments, fields and schemas	separator/contextual	STRUCTURAL	N/A	:	format:named-29,format:named-83	format:named-duplicate	Current native grammar/context only; no implicit activation.	docs/specifications/nebo-language/NEBO-SYMBOL-AND-OPERATOR-REGISTRY-v1.0.tsv	a6f6cd1fbda1b6ee77934fa24a3b1f654ae16c657a1bd2a1c9c61444f5d72f2a
NSR-CORE-009	->	2d3e	U+002D U+003E	CORE_ALWAYS_ON	ACTIVE	1;2-compatible	function signatures and match arms	separator/contextual	STRUCTURAL	right/contextual	->	operator:wildcard-_-17,operator:wildcard-Value(_)-17	operator:discard-mutable	Current native grammar/context only; no implicit activation.	docs/specifications/nebo-language/NEBO-SYMBOL-AND-OPERATOR-REGISTRY-v1.0.tsv	a6f6cd1fbda1b6ee77934fa24a3b1f654ae16c657a1bd2a1c9c61444f5d72f2a
NSR-CORE-010	_	5f	U+005F	CORE_ALWAYS_ON	ACTIVE	1;2-compatible	patterns and explicitly ignored names	atomic/contextual	STRUCTURAL	N/A	_	operator:discard-effects-17-29,operator:wildcard-_-17	operator:discard-read	Current native grammar/context only; no implicit activation.	docs/specifications/nebo-language/NEBO-SYMBOL-AND-OPERATOR-REGISTRY-v1.0.tsv	a6f6cd1fbda1b6ee77934fa24a3b1f654ae16c657a1bd2a1c9c61444f5d72f2a
NSR-CORE-011	//	2f2f	U+002F U+002F	CORE_ALWAYS_ON	ACTIVE	1;2-compatible	lexer outside Text/Char/raw literals	lexical	LEXICAL	N/A	//	operator:comment-17,operator:comment-29	operator:comment-does-not-bind	Current native grammar/context only; no implicit activation.	docs/specifications/nebo-language/NEBO-SYMBOL-AND-OPERATOR-REGISTRY-v1.0.tsv	a6f6cd1fbda1b6ee77934fa24a3b1f654ae16c657a1bd2a1c9c61444f5d72f2a
NSR-CORE-012	+	2b	U+002B	CORE_ALWAYS_ON	ACTIVE	1;2-compatible	numeric expression	infix	P130_ADDITIVE	left	+	operator:binary-2b-0,operator:binary-2b-1	operator:wrong-2b	Current native grammar/context only; no implicit activation.	docs/specifications/nebo-language/NEBO-SYMBOL-AND-OPERATOR-REGISTRY-v1.0.tsv	a6f6cd1fbda1b6ee77934fa24a3b1f654ae16c657a1bd2a1c9c61444f5d72f2a
NSR-CORE-013	-	2d	U+002D	CORE_ALWAYS_ON	ACTIVE	1;2-compatible	numeric expression	infix	P130_ADDITIVE	left	-	operator:binary-2d-0,operator:binary-2d-1	operator:wrong-2d	Current native grammar/context only; no implicit activation.	docs/specifications/nebo-language/NEBO-SYMBOL-AND-OPERATOR-REGISTRY-v1.0.tsv	a6f6cd1fbda1b6ee77934fa24a3b1f654ae16c657a1bd2a1c9c61444f5d72f2a
NSR-CORE-014	*	2a	U+002A	CORE_ALWAYS_ON	ACTIVE	1;2-compatible	numeric expression	infix	P140_MULTIPLICATIVE	left	*	operator:binary-2a-0,operator:binary-2a-1	operator:wrong-2a	Current native grammar/context only; no implicit activation.	docs/specifications/nebo-language/NEBO-SYMBOL-AND-OPERATOR-REGISTRY-v1.0.tsv	a6f6cd1fbda1b6ee77934fa24a3b1f654ae16c657a1bd2a1c9c61444f5d72f2a
NSR-CORE-015	/	2f	U+002F	CORE_ALWAYS_ON	ACTIVE	1;2-compatible	numeric expression	infix	P140_MULTIPLICATIVE	left	/	operator:binary-2f-0,operator:binary-2f-1	operator:wrong-2f	Current native grammar/context only; no implicit activation.	docs/specifications/nebo-language/NEBO-SYMBOL-AND-OPERATOR-REGISTRY-v1.0.tsv	a6f6cd1fbda1b6ee77934fa24a3b1f654ae16c657a1bd2a1c9c61444f5d72f2a
NSR-CORE-016	%	25	U+0025	CORE_ALWAYS_ON	ACTIVE	1;2-compatible	between expressions	infix	P140_MULTIPLICATIVE	left	%	operator:binary-25-0,operator:binary-25-1	operator:wrong-25	Current native grammar/context only; no implicit activation.	docs/specifications/nebo-language/NEBO-SYMBOL-AND-OPERATOR-REGISTRY-v1.0.tsv	a6f6cd1fbda1b6ee77934fa24a3b1f654ae16c657a1bd2a1c9c61444f5d72f2a
NSR-CORE-017	^	5e	U+005E	CORE_ALWAYS_ON	ACTIVE	1;2-compatible	numeric or algebraic expression	infix	P160_POWER	right	^	operator:binary-5e-0,operator:binary-5e-1	operator:wrong-5e	Current native grammar/context only; no implicit activation.	docs/specifications/nebo-language/NEBO-SYMBOL-AND-OPERATOR-REGISTRY-v1.0.tsv	a6f6cd1fbda1b6ee77934fa24a3b1f654ae16c657a1bd2a1c9c61444f5d72f2a
NSR-CORE-018	+	2b	U+002B	CORE_ALWAYS_ON	ACTIVE	1;2-compatible	prefix numeric expression	prefix	P150_PREFIX	right	+	operator:unary-2b-0,operator:unary-2b-1	operator:wrong-unary-2b	Current native grammar/context only; no implicit activation.	docs/specifications/nebo-language/NEBO-SYMBOL-AND-OPERATOR-REGISTRY-v1.0.tsv	a6f6cd1fbda1b6ee77934fa24a3b1f654ae16c657a1bd2a1c9c61444f5d72f2a
NSR-CORE-019	-	2d	U+002D	CORE_ALWAYS_ON	ACTIVE	1;2-compatible	prefix numeric expression	prefix	P150_PREFIX	right	-	operator:unary-2d-0,operator:unary-2d-1	operator:wrong-unary-2d	Current native grammar/context only; no implicit activation.	docs/specifications/nebo-language/NEBO-SYMBOL-AND-OPERATOR-REGISTRY-v1.0.tsv	a6f6cd1fbda1b6ee77934fa24a3b1f654ae16c657a1bd2a1c9c61444f5d72f2a
NSR-CORE-020	!	21	U+0021	CORE_ALWAYS_ON	ACTIVE	1;2-compatible	prefix Boolean expression	prefix	P150_PREFIX	right	!	operator:unary-21-0,operator:unary-21-1	operator:wrong-unary-21	Current native grammar/context only; no implicit activation.	docs/specifications/nebo-language/NEBO-SYMBOL-AND-OPERATOR-REGISTRY-v1.0.tsv	a6f6cd1fbda1b6ee77934fa24a3b1f654ae16c657a1bd2a1c9c61444f5d72f2a
NSR-CORE-021	&&	2626	U+0026 U+0026	CORE_ALWAYS_ON	ACTIVE	1;2-compatible	Boolean expression	infix	P090_AND	left	&&	operator:logic-2626-false-false,operator:logic-2626-false-true	operator:wrong-logic-int	Current native grammar/context only; no implicit activation.	docs/specifications/nebo-language/NEBO-SYMBOL-AND-OPERATOR-REGISTRY-v1.0.tsv	a6f6cd1fbda1b6ee77934fa24a3b1f654ae16c657a1bd2a1c9c61444f5d72f2a
NSR-CORE-022	||	7c7c	U+007C U+007C	CORE_ALWAYS_ON	ACTIVE	1;2-compatible	Boolean expression	infix	P080_OR	left	||	operator:logic-7c7c-false-false,operator:logic-7c7c-false-true	operator:wrong-logic-int	Current native grammar/context only; no implicit activation.	docs/specifications/nebo-language/NEBO-SYMBOL-AND-OPERATOR-REGISTRY-v1.0.tsv	a6f6cd1fbda1b6ee77934fa24a3b1f654ae16c657a1bd2a1c9c61444f5d72f2a
NSR-CORE-023	xor	786f72	U+0078 U+006F U+0072	CORE_ALWAYS_ON	ACTIVE	1;2-compatible	Boolean, Int or Bytes expression	infix keyword	P100_XOR	left	xor	operator:binary-786f72-0,operator:binary-786f72-1,operator:bytes-xor-0-786f72-True	operator:wrong-786f72	Equal Int/Bool/Bytes operands; immutable Bytes XOR requires equal lengths at most 4096; fromByte takes one Int and fromValues four Ints in 0..255; private initialized storage; ordered effects and two live outputs.	docs/specifications/nebo-language/NEBO-SYMBOL-AND-OPERATOR-REGISTRY-v1.0.tsv	a6f6cd1fbda1b6ee77934fa24a3b1f654ae16c657a1bd2a1c9c61444f5d72f2a
NSR-CORE-024	<	3c	U+003C	CORE_ALWAYS_ON	ACTIVE	1;2-compatible	ordered expression	infix	P120_RELATIONAL	non-associative	<	operator:binary-3c-0,operator:binary-3c-1	operator:wrong-3c	Current native grammar/context only; no implicit activation.	docs/specifications/nebo-language/NEBO-SYMBOL-AND-OPERATOR-REGISTRY-v1.0.tsv	a6f6cd1fbda1b6ee77934fa24a3b1f654ae16c657a1bd2a1c9c61444f5d72f2a
NSR-CORE-025	<=	3c3d	U+003C U+003D	CORE_ALWAYS_ON	ACTIVE	1;2-compatible	ordered expression	infix	P120_RELATIONAL	non-associative	<=	operator:binary-3c3d-0,operator:binary-3c3d-1	operator:wrong-3c3d	Current native grammar/context only; no implicit activation.	docs/specifications/nebo-language/NEBO-SYMBOL-AND-OPERATOR-REGISTRY-v1.0.tsv	a6f6cd1fbda1b6ee77934fa24a3b1f654ae16c657a1bd2a1c9c61444f5d72f2a
NSR-CORE-026	>	3e	U+003E	CORE_ALWAYS_ON	ACTIVE	1;2-compatible	ordered expression	infix	P120_RELATIONAL	non-associative	>	operator:binary-3e-0,operator:binary-3e-1	operator:wrong-3e	Current native grammar/context only; no implicit activation.	docs/specifications/nebo-language/NEBO-SYMBOL-AND-OPERATOR-REGISTRY-v1.0.tsv	a6f6cd1fbda1b6ee77934fa24a3b1f654ae16c657a1bd2a1c9c61444f5d72f2a
NSR-CORE-027	>=	3e3d	U+003E U+003D	CORE_ALWAYS_ON	ACTIVE	1;2-compatible	ordered expression	infix	P120_RELATIONAL	non-associative	>=	operator:binary-3e3d-0,operator:binary-3e3d-1	operator:wrong-3e3d	Current native grammar/context only; no implicit activation.	docs/specifications/nebo-language/NEBO-SYMBOL-AND-OPERATOR-REGISTRY-v1.0.tsv	a6f6cd1fbda1b6ee77934fa24a3b1f654ae16c657a1bd2a1c9c61444f5d72f2a
NSR-CORE-028	==	3d3d	U+003D U+003D	CORE_ALWAYS_ON	ACTIVE	1;2-compatible	equality expression	infix	P110_EQUALITY	non-associative	==	operator:binary-3d3d-0,operator:binary-3d3d-1	operator:wrong-3d3d	Current native grammar/context only; no implicit activation.	docs/specifications/nebo-language/NEBO-SYMBOL-AND-OPERATOR-REGISTRY-v1.0.tsv	a6f6cd1fbda1b6ee77934fa24a3b1f654ae16c657a1bd2a1c9c61444f5d72f2a
NSR-CORE-029	!=	213d	U+0021 U+003D	CORE_ALWAYS_ON	ACTIVE	1;2-compatible	equality expression	infix	P110_EQUALITY	non-associative	!=	operator:binary-213d-0,operator:binary-213d-1	operator:wrong-213d	Current native grammar/context only; no implicit activation.	docs/specifications/nebo-language/NEBO-SYMBOL-AND-OPERATOR-REGISTRY-v1.0.tsv	a6f6cd1fbda1b6ee77934fa24a3b1f654ae16c657a1bd2a1c9c61444f5d72f2a
NSR-CORE-030	<=>	3c3d3e	U+003C U+003D U+003E	CORE_ALWAYS_ON	ACTIVE	1;2-compatible	ordered expression	infix	P120_RELATIONAL	non-associative	<=>	operator:ordering-17-29--1-0,operator:ordering-17-29-0-0	operator:ordering-type	Current native grammar/context only; no implicit activation.	docs/specifications/nebo-language/NEBO-SYMBOL-AND-OPERATOR-REGISTRY-v1.0.tsv	a6f6cd1fbda1b6ee77934fa24a3b1f654ae16c657a1bd2a1c9c61444f5d72f2a
NSR-CORE-031	=	3d	U+003D	CORE_ALWAYS_ON	ACTIVE	1;2-compatible	statement to an existing mutable lvalue	statement operator	P020_ASSIGNMENT	right/statement	=	binding:Int-store,binding:Bool-store	binding:constant-bool-write	Current native grammar/context only; no implicit activation.	docs/specifications/nebo-language/NEBO-SYMBOL-AND-OPERATOR-REGISTRY-v1.0.tsv	a6f6cd1fbda1b6ee77934fa24a3b1f654ae16c657a1bd2a1c9c61444f5d72f2a
NSR-CORE-032	+=	2b3d	U+002B U+003D	CORE_ALWAYS_ON	ACTIVE	1;2-compatible	statement to an existing mutable numeric lvalue	statement operator	P020_ASSIGNMENT	right/statement	+=	binding:Int-compound-add	binding:constant-bool-write	Current native grammar/context only; no implicit activation.	docs/specifications/nebo-language/NEBO-SYMBOL-AND-OPERATOR-REGISTRY-v1.0.tsv	a6f6cd1fbda1b6ee77934fa24a3b1f654ae16c657a1bd2a1c9c61444f5d72f2a
NSR-CORE-033	-=	2d3d	U+002D U+003D	CORE_ALWAYS_ON	ACTIVE	1;2-compatible	statement to an existing mutable numeric lvalue	statement operator	P020_ASSIGNMENT	right/statement	-=	binding:Int-compound-subtract	binding:constant-bool-write	Current native grammar/context only; no implicit activation.	docs/specifications/nebo-language/NEBO-SYMBOL-AND-OPERATOR-REGISTRY-v1.0.tsv	a6f6cd1fbda1b6ee77934fa24a3b1f654ae16c657a1bd2a1c9c61444f5d72f2a
NSR-CORE-034	*=	2a3d	U+002A U+003D	CORE_ALWAYS_ON	ACTIVE	1;2-compatible	statement to an existing mutable numeric lvalue	statement operator	P020_ASSIGNMENT	right/statement	*=	binding:Int-compound-multiply	binding:constant-bool-write	Current native grammar/context only; no implicit activation.	docs/specifications/nebo-language/NEBO-SYMBOL-AND-OPERATOR-REGISTRY-v1.0.tsv	a6f6cd1fbda1b6ee77934fa24a3b1f654ae16c657a1bd2a1c9c61444f5d72f2a
NSR-CORE-035	/=	2f3d	U+002F U+003D	CORE_ALWAYS_ON	ACTIVE	1;2-compatible	statement to an existing mutable numeric lvalue	statement operator	P020_ASSIGNMENT	right/statement	/=	binding:Int-compound-divide	binding:constant-bool-write	Current native grammar/context only; no implicit activation.	docs/specifications/nebo-language/NEBO-SYMBOL-AND-OPERATOR-REGISTRY-v1.0.tsv	a6f6cd1fbda1b6ee77934fa24a3b1f654ae16c657a1bd2a1c9c61444f5d72f2a
NSR-CORE-036	%=	253d	U+0025 U+003D	CORE_ALWAYS_ON	ACTIVE	1;2-compatible	statement to an existing mutable Int-like lvalue	statement operator	P020_ASSIGNMENT	right/statement	%=	binding:Int-compound-remainder	binding:constant-bool-write	Current native grammar/context only; no implicit activation.	docs/specifications/nebo-language/NEBO-SYMBOL-AND-OPERATOR-REGISTRY-v1.0.tsv	a6f6cd1fbda1b6ee77934fa24a3b1f654ae16c657a1bd2a1c9c61444f5d72f2a
NSR-CORE-037	^=	5e3d	U+005E U+003D	CORE_ALWAYS_ON	ACTIVE	1;2-compatible	statement to an existing mutable power-capable lvalue	statement operator	P020_ASSIGNMENT	right/statement	^=	binding:Int-compound-power	binding:constant-bool-write	Current native grammar/context only; no implicit activation.	docs/specifications/nebo-language/NEBO-SYMBOL-AND-OPERATOR-REGISTRY-v1.0.tsv	a6f6cd1fbda1b6ee77934fa24a3b1f654ae16c657a1bd2a1c9c61444f5d72f2a
NSR-CORE-038	?	3f	U+003F	CORE_ALWAYS_ON	ACTIVE	1;2-compatible	postfix on Result in a compatible Result-returning context	postfix	P170_POSTFIX	left	?	operator:propagate-False-0,operator:propagate-True-0	operator:result-outside-context	Current native grammar/context only; no implicit activation.	docs/specifications/nebo-language/NEBO-SYMBOL-AND-OPERATOR-REGISTRY-v1.0.tsv	a6f6cd1fbda1b6ee77934fa24a3b1f654ae16c657a1bd2a1c9c61444f5d72f2a
NSR-CORE-039	??	3f3f	U+003F U+003F	CORE_ALWAYS_ON	ACTIVE	1;2-compatible	infix on Option	infix	P050_COALESCE	right	??	operator:coalesce-False-0,operator:coalesce-True-0	operator:coalesce-type-mismatch	Current native grammar/context only; no implicit activation.	docs/specifications/nebo-language/NEBO-SYMBOL-AND-OPERATOR-REGISTRY-v1.0.tsv	a6f6cd1fbda1b6ee77934fa24a3b1f654ae16c657a1bd2a1c9c61444f5d72f2a
NSR-CORE-040	?.	3f2e	U+003F U+002E	CORE_ALWAYS_ON	ACTIVE	1;2-compatible	suffix on Option	postfix/contextual	P180_SUFFIX	left	?.	operator:option-chain-False-0,operator:option-chain-True-0	operator:optional-chain-invalid-member	Current native grammar/context only; no implicit activation.	docs/specifications/nebo-language/NEBO-SYMBOL-AND-OPERATOR-REGISTRY-v1.0.tsv	a6f6cd1fbda1b6ee77934fa24a3b1f654ae16c657a1bd2a1c9c61444f5d72f2a
NSR-CORE-041	??=	3f3f3d	U+003F U+003F U+003D	CORE_ALWAYS_ON	ACTIVE	1;2-compatible	statement to mutable Option lvalue	statement operator	P020_ASSIGNMENT	right/statement	??=	operator:coalesce-store-False-0,operator:coalesce-store-True-0	operator:option-assign-immutable	Current native grammar/context only; no implicit activation.	docs/specifications/nebo-language/NEBO-SYMBOL-AND-OPERATOR-REGISTRY-v1.0.tsv	a6f6cd1fbda1b6ee77934fa24a3b1f654ae16c657a1bd2a1c9c61444f5d72f2a
NSR-CORE-042	%	25	U+0025	CORE_ALWAYS_ON	ACTIVE	1;2-compatible	immediately after a numeric expression without an intervening operator	postfix	P170_POSTFIX	left	%	operator:ratio-25-0-False,operator:ratio-25-0-True	operator:wrong-domain-25	Current native grammar/context only; no implicit activation.	docs/specifications/nebo-language/NEBO-SYMBOL-AND-OPERATOR-REGISTRY-v1.0.tsv	a6f6cd1fbda1b6ee77934fa24a3b1f654ae16c657a1bd2a1c9c61444f5d72f2a
NSR-CORE-043	…	e280a6	U+2026	CORE_ALWAYS_ON	ACTIVE	1;2-compatible	between ordered endpoints	infix	P125_RANGE	non-associative	Range.inclusive	operator:range-e280a6-0,operator:range-e280a6-7	operator:chained-range	Current native grammar/context only; no implicit activation.	docs/specifications/nebo-language/NEBO-SYMBOL-AND-OPERATOR-REGISTRY-v1.0.tsv	a6f6cd1fbda1b6ee77934fa24a3b1f654ae16c657a1bd2a1c9c61444f5d72f2a
NSR-CORE-044	…<	e280a63c	U+2026 U+003C	CORE_ALWAYS_ON	ACTIVE	1;2-compatible	between ordered endpoints	infix	P125_RANGE	non-associative	Range.exclusiveEnd	operator:range-e280a63c-0,operator:range-e280a63c-7	operator:chained-range	Current native grammar/context only; no implicit activation.	docs/specifications/nebo-language/NEBO-SYMBOL-AND-OPERATOR-REGISTRY-v1.0.tsv	a6f6cd1fbda1b6ee77934fa24a3b1f654ae16c657a1bd2a1c9c61444f5d72f2a
NSR-CORE-045	<…	3ce280a6	U+003C U+2026	CORE_ALWAYS_ON	ACTIVE	1;2-compatible	between ordered endpoints	infix	P125_RANGE	non-associative	Range.exclusiveStart	operator:range-3ce280a6-0,operator:range-3ce280a6-7	operator:chained-range	Current native grammar/context only; no implicit activation.	docs/specifications/nebo-language/NEBO-SYMBOL-AND-OPERATOR-REGISTRY-v1.0.tsv	a6f6cd1fbda1b6ee77934fa24a3b1f654ae16c657a1bd2a1c9c61444f5d72f2a
NSR-CORE-046	<…<	3ce280a63c	U+003C U+2026 U+003C	CORE_ALWAYS_ON	ACTIVE	1;2-compatible	between ordered endpoints	infix	P125_RANGE	non-associative	Range.exclusive	operator:range-3ce280a63c-0,operator:range-3ce280a63c-7	operator:chained-range	Current native grammar/context only; no implicit activation.	docs/specifications/nebo-language/NEBO-SYMBOL-AND-OPERATOR-REGISTRY-v1.0.tsv	a6f6cd1fbda1b6ee77934fa24a3b1f654ae16c657a1bd2a1c9c61444f5d72f2a
NSR-CORE-047	..	2e2e	U+002E U+002E	CORE_ALWAYS_ON	ACTIVE	1;2-compatible	expression followed by a lateral block	special flow form	SPECIAL_LATERAL_FLOW	non-associative	..	operator:lateral-effect-0,operator:lateral-owned-effect-0	operator:lateral-mutation	The linked receiver frame survives native Console and owned Text allocations; body effects occur once before the preserved return.	docs/specifications/nebo-language/NEBO-SYMBOL-AND-OPERATOR-REGISTRY-v1.0.tsv	a6f6cd1fbda1b6ee77934fa24a3b1f654ae16c657a1bd2a1c9c61444f5d72f2a
NSR-UA-001	−	e28892	U+2212	UNICODE_ALIAS	ACTIVE	1;2-compatible	prefix or infix numeric expression	alias	SAME_AS_ASCII	same as `-`	-	operator:binary-e28892-0,operator:binary-e28892-1	operator:wrong-e28892	Current native grammar/context only; no implicit activation.	docs/specifications/nebo-language/NEBO-SYMBOL-AND-OPERATOR-REGISTRY-v1.0.tsv	a6f6cd1fbda1b6ee77934fa24a3b1f654ae16c657a1bd2a1c9c61444f5d72f2a
NSR-UA-002	÷	c3b7	U+00F7	UNICODE_ALIAS	ACTIVE	1;2-compatible	infix numeric expression	alias	SAME_AS_ASCII	left	/	operator:binary-c3b7-0,operator:binary-c3b7-1	operator:wrong-c3b7	Current native grammar/context only; no implicit activation.	docs/specifications/nebo-language/NEBO-SYMBOL-AND-OPERATOR-REGISTRY-v1.0.tsv	a6f6cd1fbda1b6ee77934fa24a3b1f654ae16c657a1bd2a1c9c61444f5d72f2a
NSR-UA-003	≤	e289a4	U+2264	UNICODE_ALIAS	ACTIVE	1;2-compatible	relational expression	alias	SAME_AS_ASCII	non-associative	<=	operator:binary-e289a4-0,operator:binary-e289a4-1	operator:wrong-e289a4	Current native grammar/context only; no implicit activation.	docs/specifications/nebo-language/NEBO-SYMBOL-AND-OPERATOR-REGISTRY-v1.0.tsv	a6f6cd1fbda1b6ee77934fa24a3b1f654ae16c657a1bd2a1c9c61444f5d72f2a
NSR-UA-004	≥	e289a5	U+2265	UNICODE_ALIAS	ACTIVE	1;2-compatible	relational expression	alias	SAME_AS_ASCII	non-associative	>=	operator:binary-e289a5-0,operator:binary-e289a5-1	operator:wrong-e289a5	Current native grammar/context only; no implicit activation.	docs/specifications/nebo-language/NEBO-SYMBOL-AND-OPERATOR-REGISTRY-v1.0.tsv	a6f6cd1fbda1b6ee77934fa24a3b1f654ae16c657a1bd2a1c9c61444f5d72f2a
NSR-UA-005	≠	e289a0	U+2260	UNICODE_ALIAS	ACTIVE	1;2-compatible	equality expression	alias	SAME_AS_ASCII	non-associative	!=	operator:binary-e289a0-0,operator:binary-e289a0-1	operator:wrong-e289a0	Current native grammar/context only; no implicit activation.	docs/specifications/nebo-language/NEBO-SYMBOL-AND-OPERATOR-REGISTRY-v1.0.tsv	a6f6cd1fbda1b6ee77934fa24a3b1f654ae16c657a1bd2a1c9c61444f5d72f2a
NSR-UA-006	∧	e288a7	U+2227	UNICODE_ALIAS	ACTIVE	1;2-compatible	Boolean expression	alias	SAME_AS_ASCII	left	&&	operator:logic-e288a7-false-false,operator:logic-e288a7-false-true	operator:wrong-logic-int	Current native grammar/context only; no implicit activation.	docs/specifications/nebo-language/NEBO-SYMBOL-AND-OPERATOR-REGISTRY-v1.0.tsv	a6f6cd1fbda1b6ee77934fa24a3b1f654ae16c657a1bd2a1c9c61444f5d72f2a
NSR-UA-007	∨	e288a8	U+2228	UNICODE_ALIAS	ACTIVE	1;2-compatible	Boolean expression	alias	SAME_AS_ASCII	left	||	operator:logic-e288a8-false-false,operator:logic-e288a8-false-true	operator:wrong-logic-int	Current native grammar/context only; no implicit activation.	docs/specifications/nebo-language/NEBO-SYMBOL-AND-OPERATOR-REGISTRY-v1.0.tsv	a6f6cd1fbda1b6ee77934fa24a3b1f654ae16c657a1bd2a1c9c61444f5d72f2a
NSR-UA-008	¬	c2ac	U+00AC	UNICODE_ALIAS	ACTIVE	1;2-compatible	prefix Boolean expression	alias	SAME_AS_ASCII	right	!	operator:unary-c2ac-0,operator:unary-c2ac-1	operator:wrong-unary-c2ac	Current native grammar/context only; no implicit activation.	docs/specifications/nebo-language/NEBO-SYMBOL-AND-OPERATOR-REGISTRY-v1.0.tsv	a6f6cd1fbda1b6ee77934fa24a3b1f654ae16c657a1bd2a1c9c61444f5d72f2a
NSR-UA-009	⊻	e28abb	U+22BB	UNICODE_ALIAS	ACTIVE	1;2-compatible	Bool, Int or Bytes expression	alias	SAME_AS_ASCII	left	xor	operator:binary-e28abb-0,operator:binary-e28abb-1,operator:bytes-xor-0-786f72-True	operator:wrong-e28abb	Current native grammar/context only; no implicit activation.	docs/specifications/nebo-language/NEBO-SYMBOL-AND-OPERATOR-REGISTRY-v1.0.tsv	a6f6cd1fbda1b6ee77934fa24a3b1f654ae16c657a1bd2a1c9c61444f5d72f2a
NSR-DOM-001	√	e2889a	U+221A	DOMAIN_GATED	ACTIVE_BOUNDED	1;2-compatible	numeric/math profile	prefix	P150_PREFIX	right	sqrt()	operator:root-e2889a-0,operator:root-e2889a-1	operator:wrong-unary-e2889a	Native checked exact signed Int roots; nonintegral/invalid real roots trap through the arithmetic domain owner.	docs/specifications/nebo-language/NEBO-SYMBOL-AND-OPERATOR-REGISTRY-v1.0.tsv	a6f6cd1fbda1b6ee77934fa24a3b1f654ae16c657a1bd2a1c9c61444f5d72f2a
NSR-DOM-002	∛	e2889b	U+221B	DOMAIN_GATED	ACTIVE_BOUNDED	1;2-compatible	numeric/math profile	prefix	P150_PREFIX	right	cubeRoot()	operator:root-e2889b--125,operator:root-e2889b--8	operator:wrong-unary-e2889b	Native checked exact signed Int roots; nonintegral/invalid real roots trap through the arithmetic domain owner.	docs/specifications/nebo-language/NEBO-SYMBOL-AND-OPERATOR-REGISTRY-v1.0.tsv	a6f6cd1fbda1b6ee77934fa24a3b1f654ae16c657a1bd2a1c9c61444f5d72f2a
NSR-DOM-003	∜	e2889c	U+221C	DOMAIN_GATED	ACTIVE_BOUNDED	1;2-compatible	numeric/math profile	prefix	P150_PREFIX	right	fourthRoot()	operator:root-e2889c-0,operator:root-e2889c-1	operator:wrong-unary-e2889c	Native checked exact signed Int roots; nonintegral/invalid real roots trap through the arithmetic domain owner.	docs/specifications/nebo-language/NEBO-SYMBOL-AND-OPERATOR-REGISTRY-v1.0.tsv	a6f6cd1fbda1b6ee77934fa24a3b1f654ae16c657a1bd2a1c9c61444f5d72f2a
NSR-DOM-004	!	21	U+0021	DOMAIN_GATED	ACTIVE_BOUNDED	1;2-compatible	postfix in combinatorics profile	postfix	P170_POSTFIX	left	factorial()	operator:factorial-0,operator:factorial-1	operator:wrong-unary-666163746f7269616c	Current native grammar/context only; no implicit activation.	docs/specifications/nebo-language/NEBO-SYMBOL-AND-OPERATOR-REGISTRY-v1.0.tsv	a6f6cd1fbda1b6ee77934fa24a3b1f654ae16c657a1bd2a1c9c61444f5d72f2a
NSR-DOM-005	∞	e2889e	U+221E	DOMAIN_GATED	ACTIVE_BOUNDED	1;2-compatible	extended numeric, interval and calculus profiles	literal	LITERAL	N/A	inf	operator:constant-infinity-7,operator:constant-infinity-23	operator:wrong-domain-e2889e	Current native grammar/context only; no implicit activation.	docs/specifications/nebo-language/NEBO-SYMBOL-AND-OPERATOR-REGISTRY-v1.0.tsv	a6f6cd1fbda1b6ee77934fa24a3b1f654ae16c657a1bd2a1c9c61444f5d72f2a
NSR-DOM-006	π	cf80	U+03C0	DOMAIN_GATED	ACTIVE_BOUNDED	1;2-compatible	math/angle profile	literal constant	LITERAL	N/A	PI	operator:constant-pi-7,operator:constant-pi-23	operator:wrong-domain-cf80	Current native grammar/context only; no implicit activation.	docs/specifications/nebo-language/NEBO-SYMBOL-AND-OPERATOR-REGISTRY-v1.0.tsv	a6f6cd1fbda1b6ee77934fa24a3b1f654ae16c657a1bd2a1c9c61444f5d72f2a
NSR-DOM-007	τ	cf84	U+03C4	DOMAIN_GATED	ACTIVE_BOUNDED	1;2-compatible	math/angle profile	literal constant	LITERAL	N/A	TAU	operator:constant-tau-7,operator:constant-tau-23	operator:wrong-domain-cf84	Current native grammar/context only; no implicit activation.	docs/specifications/nebo-language/NEBO-SYMBOL-AND-OPERATOR-REGISTRY-v1.0.tsv	a6f6cd1fbda1b6ee77934fa24a3b1f654ae16c657a1bd2a1c9c61444f5d72f2a
NSR-DOM-008	∑	e28891	U+2211	DOMAIN_GATED	ACTIVE_BOUNDED	1;2-compatible	finite collection/range reduction	binder	BINDER	N/A	sum()	operator:reduce-e28891-[],operator:reduce-e28891-[17]	operator:wrong-domain-e28891	Finite immutable Array<Int,N> domain; canonical checked constant fold in source order; empty identities 0/1; constant overflow is rejected with NEBO_TYPE_CONSTANT_OVERFLOW; later publication and explicit return remain in the shared Program.	docs/specifications/nebo-language/NEBO-SYMBOL-AND-OPERATOR-REGISTRY-v1.0.tsv	a6f6cd1fbda1b6ee77934fa24a3b1f654ae16c657a1bd2a1c9c61444f5d72f2a
NSR-DOM-009	∏	e2888f	U+220F	DOMAIN_GATED	ACTIVE_BOUNDED	1;2-compatible	finite collection/range reduction	binder	BINDER	N/A	product()	operator:reduce-e2888f-[],operator:reduce-e2888f-[17]	operator:wrong-domain-e2888f	Finite immutable Array<Int,N> domain; canonical checked constant fold in source order; empty identities 0/1; constant overflow is rejected with NEBO_TYPE_CONSTANT_OVERFLOW; later publication and explicit return remain in the shared Program.	docs/specifications/nebo-language/NEBO-SYMBOL-AND-OPERATOR-REGISTRY-v1.0.tsv	a6f6cd1fbda1b6ee77934fa24a3b1f654ae16c657a1bd2a1c9c61444f5d72f2a
NSR-DOM-010	±	c2b1	U+00B1	DOMAIN_GATED	ACTIVE_BOUNDED	1;2-compatible	measurement/interval profile	infix	P130_ADDITIVE	left	Uncertain(value, uncertainty)	operator:uncertain-value-17-3,operator:uncertain-value-29-3	operator:wrong-domain-c2b1	Current native grammar/context only; no implicit activation.	docs/specifications/nebo-language/NEBO-SYMBOL-AND-OPERATOR-REGISTRY-v1.0.tsv	a6f6cd1fbda1b6ee77934fa24a3b1f654ae16c657a1bd2a1c9c61444f5d72f2a
NSR-DOM-011	≈	e28988	U+2248	DOMAIN_GATED	ACTIVE_BOUNDED	1;2-compatible	numeric/measurement profile	infix with required tolerance contract	P110_EQUALITY	non-associative	approxEquals(...)	operator:uncertain-e28988-17-3-23-3,operator:uncertain-e28988-17-3-24-3	operator:wrong-domain-e28988	Current native grammar/context only; no implicit activation.	docs/specifications/nebo-language/NEBO-SYMBOL-AND-OPERATOR-REGISTRY-v1.0.tsv	a6f6cd1fbda1b6ee77934fa24a3b1f654ae16c657a1bd2a1c9c61444f5d72f2a
NSR-DOM-012	≉	e28989	U+2249	DOMAIN_GATED	ACTIVE_BOUNDED	1;2-compatible	numeric/measurement profile	infix with required tolerance contract	P110_EQUALITY	non-associative	!approxEquals(...)	operator:uncertain-e28989-17-3-23-3,operator:uncertain-e28989-17-3-24-3	operator:wrong-domain-e28989	Current native grammar/context only; no implicit activation.	docs/specifications/nebo-language/NEBO-SYMBOL-AND-OPERATOR-REGISTRY-v1.0.tsv	a6f6cd1fbda1b6ee77934fa24a3b1f654ae16c657a1bd2a1c9c61444f5d72f2a
NSR-DOM-013	≡	e289a1	U+2261	DOMAIN_GATED	ACTIVE_BOUNDED	1;2-compatible	symbolic/formal profile	infix	P110_EQUALITY	non-associative	equivalentTo()	operator:uncertain-e289a1-17-3-23-3,operator:uncertain-e289a1-17-3-24-3	operator:wrong-domain-e289a1	Current native grammar/context only; no implicit activation.	docs/specifications/nebo-language/NEBO-SYMBOL-AND-OPERATOR-REGISTRY-v1.0.tsv	a6f6cd1fbda1b6ee77934fa24a3b1f654ae16c657a1bd2a1c9c61444f5d72f2a
NSR-DOM-014	∣	e288a3	U+2223	DOMAIN_GATED	ACTIVE_BOUNDED	1;2-compatible	integer/number-theory profile	infix	P120_RELATIONAL	non-associative	divides()	operator:divisibility-e288a3-0-17,operator:divisibility-e288a3-7-63	operator:wrong-domain-e288a3	Current native grammar/context only; no implicit activation.	docs/specifications/nebo-language/NEBO-SYMBOL-AND-OPERATOR-REGISTRY-v1.0.tsv	a6f6cd1fbda1b6ee77934fa24a3b1f654ae16c657a1bd2a1c9c61444f5d72f2a
NSR-DOM-015	∤	e288a4	U+2224	DOMAIN_GATED	ACTIVE_BOUNDED	1;2-compatible	integer/number-theory profile	infix	P120_RELATIONAL	non-associative	!divides()	operator:divisibility-e288a4-0-17,operator:divisibility-e288a4-7-63	operator:wrong-domain-e288a4	Current native grammar/context only; no implicit activation.	docs/specifications/nebo-language/NEBO-SYMBOL-AND-OPERATOR-REGISTRY-v1.0.tsv	a6f6cd1fbda1b6ee77934fa24a3b1f654ae16c657a1bd2a1c9c61444f5d72f2a
NSR-DOM-016	⌊x⌋	e28c8a78e28c8b	U+230A U+0078 U+230B	DOMAIN_GATED	ACTIVE_BOUNDED	1;2-compatible	numeric profile	delimited prefix/postfix pair	DELIMITER_OPERATOR	N/A	floor()	operator:round-e28c8a--17.75,operator:round-e28c8a--0.0	operator:wrong-unary-666c6f6f72	Current native grammar/context only; no implicit activation.	docs/specifications/nebo-language/NEBO-SYMBOL-AND-OPERATOR-REGISTRY-v1.0.tsv	a6f6cd1fbda1b6ee77934fa24a3b1f654ae16c657a1bd2a1c9c61444f5d72f2a
NSR-DOM-017	⌈x⌉	e28c8878e28c89	U+2308 U+0078 U+2309	DOMAIN_GATED	ACTIVE_BOUNDED	1;2-compatible	numeric profile	delimited prefix/postfix pair	DELIMITER_OPERATOR	N/A	ceil()	operator:round-e28c88--17.75,operator:round-e28c88--0.0	operator:wrong-unary-6365696c	Current native grammar/context only; no implicit activation.	docs/specifications/nebo-language/NEBO-SYMBOL-AND-OPERATOR-REGISTRY-v1.0.tsv	a6f6cd1fbda1b6ee77934fa24a3b1f654ae16c657a1bd2a1c9c61444f5d72f2a
NSR-DOM-018	∝	e2889d	U+221D	DOMAIN_GATED	ACTIVE_BOUNDED	1;2-compatible	symbolic/measurement profile	infix	P120_RELATIONAL	non-associative	proportionalTo()	operator:uncertain-e2889d-17-3-23-3,operator:uncertain-e2889d-17-3-24-3	operator:wrong-domain-e2889d	Current native grammar/context only; no implicit activation.	docs/specifications/nebo-language/NEBO-SYMBOL-AND-OPERATOR-REGISTRY-v1.0.tsv	a6f6cd1fbda1b6ee77934fa24a3b1f654ae16c657a1bd2a1c9c61444f5d72f2a
NSR-DOM-019	°	c2b0	U+00B0	DOMAIN_GATED	ACTIVE_BOUNDED	1;2-compatible	angle/units profile	postfix	P170_POSTFIX	left	Angle.degrees()	operator:angle-0-False,operator:angle-0-True	operator:wrong-domain-c2b0	Current native grammar/context only; no implicit activation.	docs/specifications/nebo-language/NEBO-SYMBOL-AND-OPERATOR-REGISTRY-v1.0.tsv	a6f6cd1fbda1b6ee77934fa24a3b1f654ae16c657a1bd2a1c9c61444f5d72f2a
NSR-DOM-020	‰	e280b0	U+2030	DOMAIN_GATED	ACTIVE_BOUNDED	1;2-compatible	ratio/units profile	postfix	P170_POSTFIX	left	PerMille()	operator:ratio-e280b0-0-False,operator:ratio-e280b0-0-True	operator:wrong-domain-e280b0	Current native grammar/context only; no implicit activation.	docs/specifications/nebo-language/NEBO-SYMBOL-AND-OPERATOR-REGISTRY-v1.0.tsv	a6f6cd1fbda1b6ee77934fa24a3b1f654ae16c657a1bd2a1c9c61444f5d72f2a
NSR-DOM-021	‱	e280b1	U+2031	DOMAIN_GATED	ACTIVE_BOUNDED	1;2-compatible	finance/ratio profile	postfix	P170_POSTFIX	left	BasisPoints()	operator:ratio-e280b1-0-False,operator:ratio-e280b1-0-True	operator:wrong-domain-e280b1	Current native grammar/context only; no implicit activation.	docs/specifications/nebo-language/NEBO-SYMBOL-AND-OPERATOR-REGISTRY-v1.0.tsv	a6f6cd1fbda1b6ee77934fa24a3b1f654ae16c657a1bd2a1c9c61444f5d72f2a
NSR-DOM-022	°C	c2b043	U+00B0 U+0043	DOMAIN_GATED	ACTIVE_BOUNDED	1;2-compatible	temperature/units profile	postfix unit suffix	P170_POSTFIX	left	Temperature.celsius()	operator:temperature-0-False,operator:temperature-0-True	operator:wrong-domain-c2b043	Current native grammar/context only; no implicit activation.	docs/specifications/nebo-language/NEBO-SYMBOL-AND-OPERATOR-REGISTRY-v1.0.tsv	a6f6cd1fbda1b6ee77934fa24a3b1f654ae16c657a1bd2a1c9c61444f5d72f2a
NSR-DOM-023	°F	c2b046	U+00B0 U+0046	DOMAIN_GATED	ACTIVE_BOUNDED	1;2-compatible	temperature/units profile	postfix unit suffix	P170_POSTFIX	left	Temperature.fahrenheit()	operator:temperature-0-False,operator:temperature-0-True	operator:wrong-domain-c2b046	Current native grammar/context only; no implicit activation.	docs/specifications/nebo-language/NEBO-SYMBOL-AND-OPERATOR-REGISTRY-v1.0.tsv	a6f6cd1fbda1b6ee77934fa24a3b1f654ae16c657a1bd2a1c9c61444f5d72f2a
NSR-DOM-024	∈	e28888	U+2208	DOMAIN_GATED	ACTIVE_BOUNDED	1;2-compatible	set/collection profile	infix	P120_RELATIONAL	non-associative	contains()	operator:membership-e28888-0-2,operator:membership-e28888-0-7	operator:wrong-set-e28888	Current G133 finite immutable Array<Int,N> set profile with distinct values in 0..62; canonical mask/cardinality owner; independent Python set operations. This does not substitute for the separately proved native Dict/Set APIs.	docs/specifications/nebo-language/NEBO-SYMBOL-AND-OPERATOR-REGISTRY-v1.0.tsv	a6f6cd1fbda1b6ee77934fa24a3b1f654ae16c657a1bd2a1c9c61444f5d72f2a
NSR-DOM-025	∉	e28889	U+2209	DOMAIN_GATED	ACTIVE_BOUNDED	1;2-compatible	set/collection profile	infix	P120_RELATIONAL	non-associative	!contains()	operator:membership-e28889-0-2,operator:membership-e28889-0-7	operator:wrong-set-e28889	Current G133 finite immutable Array<Int,N> set profile with distinct values in 0..62; canonical mask/cardinality owner; independent Python set operations. This does not substitute for the separately proved native Dict/Set APIs.	docs/specifications/nebo-language/NEBO-SYMBOL-AND-OPERATOR-REGISTRY-v1.0.tsv	a6f6cd1fbda1b6ee77934fa24a3b1f654ae16c657a1bd2a1c9c61444f5d72f2a
NSR-DOM-026	∪	e288aa	U+222A	DOMAIN_GATED	ACTIVE_BOUNDED	1;2-compatible	set profile	infix	P130_ADDITIVE	left	union()	operator:set-e288aa-0,operator:set-e288aa-1	operator:wrong-set-e288aa	Current G133 finite immutable Array<Int,N> set profile with distinct values in 0..62; canonical mask/cardinality owner; independent Python set operations. This does not substitute for the separately proved native Dict/Set APIs.	docs/specifications/nebo-language/NEBO-SYMBOL-AND-OPERATOR-REGISTRY-v1.0.tsv	a6f6cd1fbda1b6ee77934fa24a3b1f654ae16c657a1bd2a1c9c61444f5d72f2a
NSR-DOM-027	∩	e288a9	U+2229	DOMAIN_GATED	ACTIVE_BOUNDED	1;2-compatible	set profile	infix	P140_MULTIPLICATIVE	left	intersection()	operator:set-e288a9-0,operator:set-e288a9-1	operator:wrong-set-e288a9	Current G133 finite immutable Array<Int,N> set profile with distinct values in 0..62; canonical mask/cardinality owner; independent Python set operations. This does not substitute for the separately proved native Dict/Set APIs.	docs/specifications/nebo-language/NEBO-SYMBOL-AND-OPERATOR-REGISTRY-v1.0.tsv	a6f6cd1fbda1b6ee77934fa24a3b1f654ae16c657a1bd2a1c9c61444f5d72f2a
NSR-DOM-028	∖	e28896	U+2216	DOMAIN_GATED	ACTIVE_BOUNDED	1;2-compatible	set profile	infix	P130_ADDITIVE	left	difference()	operator:set-e28896-0,operator:set-e28896-1	operator:wrong-set-e28896	Current G133 finite immutable Array<Int,N> set profile with distinct values in 0..62; canonical mask/cardinality owner; independent Python set operations. This does not substitute for the separately proved native Dict/Set APIs.	docs/specifications/nebo-language/NEBO-SYMBOL-AND-OPERATOR-REGISTRY-v1.0.tsv	a6f6cd1fbda1b6ee77934fa24a3b1f654ae16c657a1bd2a1c9c61444f5d72f2a
NSR-DOM-029	△	e296b3	U+25B3	DOMAIN_GATED	ACTIVE_BOUNDED	1;2-compatible	set profile	infix	P130_ADDITIVE	left	symmetricDifference()	operator:set-e296b3-0,operator:set-e296b3-1	operator:wrong-set-e296b3	Current G133 finite immutable Array<Int,N> set profile with distinct values in 0..62; canonical mask/cardinality owner; independent Python set operations. This does not substitute for the separately proved native Dict/Set APIs.	docs/specifications/nebo-language/NEBO-SYMBOL-AND-OPERATOR-REGISTRY-v1.0.tsv	a6f6cd1fbda1b6ee77934fa24a3b1f654ae16c657a1bd2a1c9c61444f5d72f2a
NSR-DOM-030	⊆	e28a86	U+2286	DOMAIN_GATED	ACTIVE_BOUNDED	1;2-compatible	set profile	infix	P120_RELATIONAL	non-associative	isSubsetOf()	operator:set-e28a86-0,operator:set-e28a86-1	operator:wrong-set-e28a86	Current G133 finite immutable Array<Int,N> set profile with distinct values in 0..62; canonical mask/cardinality owner; independent Python set operations. This does not substitute for the separately proved native Dict/Set APIs.	docs/specifications/nebo-language/NEBO-SYMBOL-AND-OPERATOR-REGISTRY-v1.0.tsv	a6f6cd1fbda1b6ee77934fa24a3b1f654ae16c657a1bd2a1c9c61444f5d72f2a
NSR-DOM-031	⊂	e28a82	U+2282	DOMAIN_GATED	ACTIVE_BOUNDED	1;2-compatible	set profile	infix	P120_RELATIONAL	non-associative	isProperSubsetOf()	operator:set-e28a82-0,operator:set-e28a82-1	operator:wrong-set-e28a82	Current G133 finite immutable Array<Int,N> set profile with distinct values in 0..62; canonical mask/cardinality owner; independent Python set operations. This does not substitute for the separately proved native Dict/Set APIs.	docs/specifications/nebo-language/NEBO-SYMBOL-AND-OPERATOR-REGISTRY-v1.0.tsv	a6f6cd1fbda1b6ee77934fa24a3b1f654ae16c657a1bd2a1c9c61444f5d72f2a
NSR-DOM-032	⊇	e28a87	U+2287	DOMAIN_GATED	ACTIVE_BOUNDED	1;2-compatible	set profile	infix	P120_RELATIONAL	non-associative	isSupersetOf()	operator:set-e28a87-0,operator:set-e28a87-1	operator:wrong-set-e28a87	Current G133 finite immutable Array<Int,N> set profile with distinct values in 0..62; canonical mask/cardinality owner; independent Python set operations. This does not substitute for the separately proved native Dict/Set APIs.	docs/specifications/nebo-language/NEBO-SYMBOL-AND-OPERATOR-REGISTRY-v1.0.tsv	a6f6cd1fbda1b6ee77934fa24a3b1f654ae16c657a1bd2a1c9c61444f5d72f2a
NSR-DOM-033	⊃	e28a83	U+2283	DOMAIN_GATED	ACTIVE_BOUNDED	1;2-compatible	set profile	infix	P120_RELATIONAL	non-associative	isProperSupersetOf()	operator:set-e28a83-0,operator:set-e28a83-1	operator:wrong-set-e28a83	Current G133 finite immutable Array<Int,N> set profile with distinct values in 0..62; canonical mask/cardinality owner; independent Python set operations. This does not substitute for the separately proved native Dict/Set APIs.	docs/specifications/nebo-language/NEBO-SYMBOL-AND-OPERATOR-REGISTRY-v1.0.tsv	a6f6cd1fbda1b6ee77934fa24a3b1f654ae16c657a1bd2a1c9c61444f5d72f2a
NSR-DOM-034	×	c397	U+00D7	DOMAIN_GATED	ACTIVE_BOUNDED	1;2-compatible	set profile	infix	P140_MULTIPLICATIVE	left	cartesianProduct()	operator:set-c397-0,operator:set-c397-1	operator:wrong-set-c397	Current G133 finite immutable Array<Int,N> set profile with distinct values in 0..62; canonical mask/cardinality owner; independent Python set operations. This does not substitute for the separately proved native Dict/Set APIs.	docs/specifications/nebo-language/NEBO-SYMBOL-AND-OPERATOR-REGISTRY-v1.0.tsv	a6f6cd1fbda1b6ee77934fa24a3b1f654ae16c657a1bd2a1c9c61444f5d72f2a
NSR-DOM-035	∅	e28885	U+2205	DOMAIN_GATED	ACTIVE_BOUNDED	1;2-compatible	set profile	literal	LITERAL	N/A	Set.empty()	operator:set-empty-context-0,operator:set-empty-context-1	operator:wrong-set-e288aa	Current native grammar/context only; no implicit activation.	docs/specifications/nebo-language/NEBO-SYMBOL-AND-OPERATOR-REGISTRY-v1.0.tsv	a6f6cd1fbda1b6ee77934fa24a3b1f654ae16c657a1bd2a1c9c61444f5d72f2a
NSR-DOM-036	·	c2b7	U+00B7	DOMAIN_GATED	ACTIVE_BOUNDED	1;2-compatible	vector/matrix profile	infix	P140_MULTIPLICATIVE	left	dot()	boundedoperator:dom-036-named-0,boundedoperator:dom-036-named-1	linear:dot-right-scalar	Exact immutable Int Vector aggregate grammar, extent 1..4; matrix Int/Complex profile at most four logical cells; vector observers sum, checked rational inverse numerator/denominator, exact integer norm; symbolic/named parity; all source tokens consumed by the canonical current profile, without adjacent statements. Typed infix statement profile additionally supports Int extents 1..64 (cross/parallel exactly 3), tensor result at most 64 lanes; native checked kernels, distinct owned results, ordered operands and explicit program return.	docs/specifications/nebo-language/NEBO-SYMBOL-AND-OPERATOR-REGISTRY-v1.0.tsv	a6f6cd1fbda1b6ee77934fa24a3b1f654ae16c657a1bd2a1c9c61444f5d72f2a
NSR-DOM-037	×	c397	U+00D7	DOMAIN_GATED	ACTIVE_BOUNDED	1;2-compatible	Vector3/geometry profile	infix	P140_MULTIPLICATIVE	left	cross()	boundedoperator:dom-037-named-0,boundedoperator:dom-037-named-1	linear:cross-right-scalar	Exact immutable Int Vector aggregate grammar, extent 1..4; matrix Int/Complex profile at most four logical cells; vector observers sum, checked rational inverse numerator/denominator, exact integer norm; symbolic/named parity; all source tokens consumed by the canonical current profile, without adjacent statements. Typed infix statement profile additionally supports Int extents 1..64 (cross/parallel exactly 3), tensor result at most 64 lanes; native checked kernels, distinct owned results, ordered operands and explicit program return.	docs/specifications/nebo-language/NEBO-SYMBOL-AND-OPERATOR-REGISTRY-v1.0.tsv	a6f6cd1fbda1b6ee77934fa24a3b1f654ae16c657a1bd2a1c9c61444f5d72f2a
NSR-DOM-038	⊙	e28a99	U+2299	DOMAIN_GATED	ACTIVE_BOUNDED	1;2-compatible	matrix/tensor profile	infix	P140_MULTIPLICATIVE	left	hadamard()	boundedoperator:dom-038-named-0,boundedoperator:dom-038-named-1	linear:hadamard-right-scalar	Exact immutable Int Vector aggregate grammar, extent 1..4; matrix Int/Complex profile at most four logical cells; vector observers sum, checked rational inverse numerator/denominator, exact integer norm; symbolic/named parity; all source tokens consumed by the canonical current profile, without adjacent statements. Typed infix statement profile additionally supports Int extents 1..64 (cross/parallel exactly 3), tensor result at most 64 lanes; native checked kernels, distinct owned results, ordered operands and explicit program return.	docs/specifications/nebo-language/NEBO-SYMBOL-AND-OPERATOR-REGISTRY-v1.0.tsv	a6f6cd1fbda1b6ee77934fa24a3b1f654ae16c657a1bd2a1c9c61444f5d72f2a
NSR-DOM-039	⊗	e28a97	U+2297	DOMAIN_GATED	ACTIVE_BOUNDED	1;2-compatible	matrix/tensor profile	infix	P140_MULTIPLICATIVE	left	tensorProduct()	boundedoperator:dom-039-named-0,boundedoperator:dom-039-named-1	linear:tensor-right-scalar	Exact immutable Int Vector aggregate grammar, extent 1..4; matrix Int/Complex profile at most four logical cells; vector observers sum, checked rational inverse numerator/denominator, exact integer norm; symbolic/named parity; all source tokens consumed by the canonical current profile, without adjacent statements. Typed infix statement profile additionally supports Int extents 1..64 (cross/parallel exactly 3), tensor result at most 64 lanes; native checked kernels, distinct owned results, ordered operands and explicit program return.	docs/specifications/nebo-language/NEBO-SYMBOL-AND-OPERATOR-REGISTRY-v1.0.tsv	a6f6cd1fbda1b6ee77934fa24a3b1f654ae16c657a1bd2a1c9c61444f5d72f2a
NSR-DOM-040	⊕	e28a95	U+2295	DOMAIN_GATED	ACTIVE_BOUNDED	1;2-compatible	algebra/matrix profile	infix	P130_ADDITIVE	left	directSum()	boundedoperator:dom-040-named-0,boundedoperator:dom-040-symbol-0	boundedoperator:dom-040-negative	Exact immutable Int Vector aggregate grammar, extent 1..4; matrix Int/Complex profile at most four logical cells; vector observers sum, checked rational inverse numerator/denominator, exact integer norm; symbolic/named parity; all source tokens consumed by the canonical current profile, without adjacent statements.	docs/specifications/nebo-language/NEBO-SYMBOL-AND-OPERATOR-REGISTRY-v1.0.tsv	a6f6cd1fbda1b6ee77934fa24a3b1f654ae16c657a1bd2a1c9c61444f5d72f2a
NSR-DOM-041	ᵀ	e1b580	U+1D40	DOMAIN_GATED	ACTIVE_BOUNDED	1;2-compatible	matrix/tensor profile	postfix	P170_POSTFIX	left	transpose()	boundedoperator:dom-041-symbol-0-0-1,boundedoperator:dom-041-named-0-0-1	boundedoperator:dom-041-negative	Exact immutable Int Vector aggregate grammar, extent 1..4; matrix Int/Complex profile at most four logical cells; vector observers sum, checked rational inverse numerator/denominator, exact integer norm; symbolic/named parity; all source tokens consumed by the canonical current profile, without adjacent statements.	docs/specifications/nebo-language/NEBO-SYMBOL-AND-OPERATOR-REGISTRY-v1.0.tsv	a6f6cd1fbda1b6ee77934fa24a3b1f654ae16c657a1bd2a1c9c61444f5d72f2a
NSR-DOM-042	†	e280a0	U+2020	DOMAIN_GATED	ACTIVE_BOUNDED	1;2-compatible	complex linear-algebra profile	postfix	P170_POSTFIX	left	adjoint()	boundedoperator:dom-042-symbol-0-realAt-0,boundedoperator:dom-042-symbol-0-imagAt-0	boundedoperator:dom-042-negative	Exact immutable Int Vector aggregate grammar, extent 1..4; matrix Int/Complex profile at most four logical cells; vector observers sum, checked rational inverse numerator/denominator, exact integer norm; symbolic/named parity; all source tokens consumed by the canonical current profile, without adjacent statements.	docs/specifications/nebo-language/NEBO-SYMBOL-AND-OPERATOR-REGISTRY-v1.0.tsv	a6f6cd1fbda1b6ee77934fa24a3b1f654ae16c657a1bd2a1c9c61444f5d72f2a
NSR-DOM-043	⁻¹	e281bbc2b9	U+207B U+00B9	DOMAIN_GATED	ACTIVE_BOUNDED	1;2-compatible	algebra/matrix profile	postfix	P170_POSTFIX	left	inverse()	boundedoperator:dom-043-symbol-0-0-0,boundedoperator:dom-043-symbol-0-0-1	boundedoperator:dom-043-negative	Exact immutable Int Vector aggregate grammar, extent 1..4; matrix Int/Complex profile at most four logical cells; vector observers sum, checked rational inverse numerator/denominator, exact integer norm; symbolic/named parity; all source tokens consumed by the canonical current profile, without adjacent statements.	docs/specifications/nebo-language/NEBO-SYMBOL-AND-OPERATOR-REGISTRY-v1.0.tsv	a6f6cd1fbda1b6ee77934fa24a3b1f654ae16c657a1bd2a1c9c61444f5d72f2a
NSR-DOM-044	‖x‖	e2809678e28096	U+2016 U+0078 U+2016	DOMAIN_GATED	ACTIVE_BOUNDED	1;2-compatible	vector/matrix profile	delimited	DELIMITER_OPERATOR	N/A	norm()	boundedoperator:dom-044-symbol-0,boundedoperator:dom-044-named-0	boundedoperator:dom-044-negative	Exact immutable Int Vector aggregate grammar, extent 1..4; matrix Int/Complex profile at most four logical cells; vector observers sum, checked rational inverse numerator/denominator, exact integer norm; symbolic/named parity; all source tokens consumed by the canonical current profile, without adjacent statements.	docs/specifications/nebo-language/NEBO-SYMBOL-AND-OPERATOR-REGISTRY-v1.0.tsv	a6f6cd1fbda1b6ee77934fa24a3b1f654ae16c657a1bd2a1c9c61444f5d72f2a
NSR-DOM-045	⟨u,v⟩	e29fa8752c76e29fa9	U+27E8 U+0075 U+002C U+0076 U+27E9	DOMAIN_GATED	ACTIVE_BOUNDED	1;2-compatible	inner-product-space profile	delimited	DELIMITER_OPERATOR	N/A	innerProduct()	boundedoperator:dom-045-symbol-0,boundedoperator:dom-045-named-0	boundedoperator:dom-045-negative	Exact immutable Int Vector aggregate grammar, extent 1..4; matrix Int/Complex profile at most four logical cells; vector observers sum, checked rational inverse numerator/denominator, exact integer norm; symbolic/named parity; all source tokens consumed by the canonical current profile, without adjacent statements.	docs/specifications/nebo-language/NEBO-SYMBOL-AND-OPERATOR-REGISTRY-v1.0.tsv	a6f6cd1fbda1b6ee77934fa24a3b1f654ae16c657a1bd2a1c9c61444f5d72f2a
NSR-DOM-046	∘	e28898	U+2218	DOMAIN_GATED	ACTIVE_BOUNDED	1;2-compatible	callable/algebra profile	infix	P145_COMPOSITION	right	compose()	boundedoperator:dom-046-named-0,boundedoperator:dom-046-symbol-0	boundedoperator:dom-046-negative	Exact immutable Int Vector aggregate grammar, extent 1..4; matrix Int/Complex profile at most four logical cells; vector observers sum, checked rational inverse numerator/denominator, exact integer norm; symbolic/named parity; all source tokens consumed by the canonical current profile, without adjacent statements.	docs/specifications/nebo-language/NEBO-SYMBOL-AND-OPERATOR-REGISTRY-v1.0.tsv	a6f6cd1fbda1b6ee77934fa24a3b1f654ae16c657a1bd2a1c9c61444f5d72f2a
NSR-DOM-047	⟂	e29f82	U+27C2	DOMAIN_GATED	ACTIVE_BOUNDED	1;2-compatible	linear/geometry profile	infix	P120_RELATIONAL	non-associative	isOrthogonalTo()	boundedoperator:dom-047-named-0,boundedoperator:dom-047-named-1	linear:orthogonal-right-scalar	Exact immutable Int Vector aggregate grammar, extent 1..4; matrix Int/Complex profile at most four logical cells; vector observers sum, checked rational inverse numerator/denominator, exact integer norm; symbolic/named parity; all source tokens consumed by the canonical current profile, without adjacent statements. Typed infix statement profile additionally supports Int extents 1..64 (cross/parallel exactly 3), tensor result at most 64 lanes; native checked kernels, distinct owned results, ordered operands and explicit program return.	docs/specifications/nebo-language/NEBO-SYMBOL-AND-OPERATOR-REGISTRY-v1.0.tsv	a6f6cd1fbda1b6ee77934fa24a3b1f654ae16c657a1bd2a1c9c61444f5d72f2a
NSR-DOM-048	∥	e288a5	U+2225	DOMAIN_GATED	ACTIVE_BOUNDED	1;2-compatible	geometry profile	infix	P120_RELATIONAL	non-associative	isParallelTo()	boundedoperator:dom-048-named-0,boundedoperator:dom-048-named-1	linear:parallel-right-scalar	Exact immutable Int Vector aggregate grammar, extent 1..4; matrix Int/Complex profile at most four logical cells; vector observers sum, checked rational inverse numerator/denominator, exact integer norm; symbolic/named parity; all source tokens consumed by the canonical current profile, without adjacent statements. Typed infix statement profile additionally supports Int extents 1..64 (cross/parallel exactly 3), tensor result at most 64 lanes; native checked kernels, distinct owned results, ordered operands and explicit program return.	docs/specifications/nebo-language/NEBO-SYMBOL-AND-OPERATOR-REGISTRY-v1.0.tsv	a6f6cd1fbda1b6ee77934fa24a3b1f654ae16c657a1bd2a1c9c61444f5d72f2a
NSR-DOM-049	∫	e288ab	U+222B	DOMAIN_GATED	ACTIVE_BOUNDED	1;2-compatible	calculus profile	binder	BINDER	N/A	integrate()	boundedoperator:dom-049-e288ab-0,boundedoperator:dom-049-696e74656772617465-0	boundedoperator:dom-049-negative	Explicit finite samples, dimensions, method, tolerance/step and budget in the current checked calculus grammar; exact rational/integer observations; no implicit integration domain, numeric truncation, live solver or hidden callback.	docs/specifications/nebo-language/NEBO-SYMBOL-AND-OPERATOR-REGISTRY-v1.0.tsv	a6f6cd1fbda1b6ee77934fa24a3b1f654ae16c657a1bd2a1c9c61444f5d72f2a
NSR-DOM-050	∬	e288ac	U+222C	DOMAIN_GATED	ACTIVE_BOUNDED	1;2-compatible	multidimensional calculus profile	binder	BINDER	N/A	integrate2D()	boundedoperator:dom-050-e288ac-0,boundedoperator:dom-050-696e746567726174653244-0	boundedoperator:dom-050-negative	Explicit finite samples, dimensions, method, tolerance/step and budget in the current checked calculus grammar; exact rational/integer observations; no implicit integration domain, numeric truncation, live solver or hidden callback.	docs/specifications/nebo-language/NEBO-SYMBOL-AND-OPERATOR-REGISTRY-v1.0.tsv	a6f6cd1fbda1b6ee77934fa24a3b1f654ae16c657a1bd2a1c9c61444f5d72f2a
NSR-DOM-051	∭	e288ad	U+222D	DOMAIN_GATED	ACTIVE_BOUNDED	1;2-compatible	multidimensional calculus profile	binder	BINDER	N/A	integrate3D()	boundedoperator:dom-051-e288ad-0,boundedoperator:dom-051-696e746567726174653344-0	boundedoperator:dom-051-negative	Explicit finite samples, dimensions, method, tolerance/step and budget in the current checked calculus grammar; exact rational/integer observations; no implicit integration domain, numeric truncation, live solver or hidden callback.	docs/specifications/nebo-language/NEBO-SYMBOL-AND-OPERATOR-REGISTRY-v1.0.tsv	a6f6cd1fbda1b6ee77934fa24a3b1f654ae16c657a1bd2a1c9c61444f5d72f2a
NSR-DOM-052	∮	e288ae	U+222E	DOMAIN_GATED	ACTIVE_BOUNDED	1;2-compatible	complex/vector calculus profile	binder	BINDER	N/A	contourIntegrate()	boundedoperator:dom-052-e288ae-0-clockwise,boundedoperator:dom-052-636f6e746f7572496e74656772617465-0-clockwise	boundedoperator:dom-052-negative	Explicit finite samples, dimensions, method, tolerance/step and budget in the current checked calculus grammar; exact rational/integer observations; no implicit integration domain, numeric truncation, live solver or hidden callback.	docs/specifications/nebo-language/NEBO-SYMBOL-AND-OPERATOR-REGISTRY-v1.0.tsv	a6f6cd1fbda1b6ee77934fa24a3b1f654ae16c657a1bd2a1c9c61444f5d72f2a
NSR-DOM-053	∂	e28882	U+2202	DOMAIN_GATED	ACTIVE_BOUNDED	1;2-compatible	calculus/autodiff/symbolic profile	prefix/binder	BINDER	N/A	partial()	boundedoperator:dom-053-e28882-0,boundedoperator:dom-053-7061727469616c-0	boundedoperator:dom-053-negative	Explicit finite samples, dimensions, method, tolerance/step and budget in the current checked calculus grammar; exact rational/integer observations; no implicit integration domain, numeric truncation, live solver or hidden callback.	docs/specifications/nebo-language/NEBO-SYMBOL-AND-OPERATOR-REGISTRY-v1.0.tsv	a6f6cd1fbda1b6ee77934fa24a3b1f654ae16c657a1bd2a1c9c61444f5d72f2a
NSR-DOM-054	∇	e28887	U+2207	DOMAIN_GATED	ACTIVE_BOUNDED	1;2-compatible	vector calculus/autodiff profile	prefix	P150_PREFIX	right	gradient()	boundedoperator:dom-054-e28887-0-0,boundedoperator:dom-054-e28887-0-1	boundedoperator:dom-054-negative	Explicit finite samples, dimensions, method, tolerance/step and budget in the current checked calculus grammar; exact rational/integer observations; no implicit integration domain, numeric truncation, live solver or hidden callback.	docs/specifications/nebo-language/NEBO-SYMBOL-AND-OPERATOR-REGISTRY-v1.0.tsv	a6f6cd1fbda1b6ee77934fa24a3b1f654ae16c657a1bd2a1c9c61444f5d72f2a
NSR-DOM-055	∇·	e28887c2b7	U+2207 U+00B7	DOMAIN_GATED	ACTIVE_BOUNDED	1;2-compatible	vector calculus profile	prefix compound	P150_PREFIX	right	divergence()	boundedoperator:dom-055-e28887c2b7-0,boundedoperator:dom-055-646976657267656e6365-0	boundedoperator:dom-055-negative	Explicit finite samples, dimensions, method, tolerance/step and budget in the current checked calculus grammar; exact rational/integer observations; no implicit integration domain, numeric truncation, live solver or hidden callback.	docs/specifications/nebo-language/NEBO-SYMBOL-AND-OPERATOR-REGISTRY-v1.0.tsv	a6f6cd1fbda1b6ee77934fa24a3b1f654ae16c657a1bd2a1c9c61444f5d72f2a
NSR-DOM-056	∇×	e28887c397	U+2207 U+00D7	DOMAIN_GATED	ACTIVE_BOUNDED	1;2-compatible	vector calculus profile	prefix compound	P150_PREFIX	right	curl()	boundedoperator:dom-056-e28887c397-0-0,boundedoperator:dom-056-e28887c397-0-1	boundedoperator:dom-056-negative	Explicit finite samples, dimensions, method, tolerance/step and budget in the current checked calculus grammar; exact rational/integer observations; no implicit integration domain, numeric truncation, live solver or hidden callback.	docs/specifications/nebo-language/NEBO-SYMBOL-AND-OPERATOR-REGISTRY-v1.0.tsv	a6f6cd1fbda1b6ee77934fa24a3b1f654ae16c657a1bd2a1c9c61444f5d72f2a
NSR-DOM-057	Δ	ce94	U+0394	DOMAIN_GATED	ACTIVE_BOUNDED	1;2-compatible	calculus/PDE profile	prefix	P150_PREFIX	right	laplacian()	boundedoperator:dom-057-ce94-0,boundedoperator:dom-057-6c61706c616369616e-0	boundedoperator:dom-057-negative	Explicit finite samples, dimensions, method, tolerance/step and budget in the current checked calculus grammar; exact rational/integer observations; no implicit integration domain, numeric truncation, live solver or hidden callback.	docs/specifications/nebo-language/NEBO-SYMBOL-AND-OPERATOR-REGISTRY-v1.0.tsv	a6f6cd1fbda1b6ee77934fa24a3b1f654ae16c657a1bd2a1c9c61444f5d72f2a
NSR-DOM-058	∼	e288bc	U+223C	DOMAIN_GATED	ACTIVE_BOUNDED	1;2-compatible	probability model profile	infix declaration/relation	SPECIAL_PROBABILITY	non-associative	distributedAs()	boundedoperator:dom-058-discrete-1-False,boundedoperator:dom-058-discrete-1-True	boundedoperator:dom-058-negative	Explicit bounded model/distribution metadata and finite rational conditional probabilities; independence is an explicit model assumption, not an inferred statistical proof.	docs/specifications/nebo-language/NEBO-SYMBOL-AND-OPERATOR-REGISTRY-v1.0.tsv	a6f6cd1fbda1b6ee77934fa24a3b1f654ae16c657a1bd2a1c9c61444f5d72f2a
NSR-DOM-059	⫫	e2abab	U+2AEB	DOMAIN_GATED	ACTIVE_BOUNDED	1;2-compatible	probability model profile	infix	P120_RELATIONAL	non-associative	independentOf()	boundedoperator:dom-059-independent-False,boundedoperator:dom-059-independent-True	boundedoperator:dom-059-negative	Explicit bounded model/distribution metadata and finite rational conditional probabilities; independence is an explicit model assumption, not an inferred statistical proof.	docs/specifications/nebo-language/NEBO-SYMBOL-AND-OPERATOR-REGISTRY-v1.0.tsv	a6f6cd1fbda1b6ee77934fa24a3b1f654ae16c657a1bd2a1c9c61444f5d72f2a
NSR-DOM-060	|	7c	U+007C	DOMAIN_GATED	ACTIVE_BOUNDED	1;2-compatible	inside `P(...)` probability grammar only	contextual separator	PROBABILITY_GRAMMAR	N/A	conditionalOn()	boundedoperator:dom-060-conditionalOn-0-numerator,boundedoperator:dom-060-conditionalOn-0-denominator	boundedoperator:dom-060-negative	Explicit bounded model/distribution metadata and finite rational conditional probabilities; independence is an explicit model assumption, not an inferred statistical proof.	docs/specifications/nebo-language/NEBO-SYMBOL-AND-OPERATOR-REGISTRY-v1.0.tsv	a6f6cd1fbda1b6ee77934fa24a3b1f654ae16c657a1bd2a1c9c61444f5d72f2a
NSR-DOM-061	∀	e28880	U+2200	DOMAIN_GATED	ACTIVE_BOUNDED	1;2-compatible	contract/solver/formal profile	binder	BINDER	N/A	forAll()	boundedoperator:dom-061-e28880-0,boundedoperator:dom-061-666f72416c6c-0	boundedoperator:dom-061-negative	Finite domain partition/result grammar, explicit proof/model status and budget; exhaustive Boolean truth tables; unknown and timeout remain distinct outcomes; this does not claim an automatic theorem prover.	docs/specifications/nebo-language/NEBO-SYMBOL-AND-OPERATOR-REGISTRY-v1.0.tsv	a6f6cd1fbda1b6ee77934fa24a3b1f654ae16c657a1bd2a1c9c61444f5d72f2a
NSR-DOM-062	∃	e28883	U+2203	DOMAIN_GATED	ACTIVE_BOUNDED	1;2-compatible	contract/solver/formal profile	binder	BINDER	N/A	exists()	boundedoperator:dom-062-e28883-0,boundedoperator:dom-062-657869737473-0	boundedoperator:dom-062-negative	Finite domain partition/result grammar, explicit proof/model status and budget; exhaustive Boolean truth tables; unknown and timeout remain distinct outcomes; this does not claim an automatic theorem prover.	docs/specifications/nebo-language/NEBO-SYMBOL-AND-OPERATOR-REGISTRY-v1.0.tsv	a6f6cd1fbda1b6ee77934fa24a3b1f654ae16c657a1bd2a1c9c61444f5d72f2a
NSR-DOM-063	∄	e28884	U+2204	DOMAIN_GATED	ACTIVE_BOUNDED	1;2-compatible	contract/solver/formal profile	binder	BINDER	N/A	notExists()	boundedoperator:dom-063-e28884-0,boundedoperator:dom-063-6e6f74457869737473-0	boundedoperator:dom-063-negative	Finite domain partition/result grammar, explicit proof/model status and budget; exhaustive Boolean truth tables; unknown and timeout remain distinct outcomes; this does not claim an automatic theorem prover.	docs/specifications/nebo-language/NEBO-SYMBOL-AND-OPERATOR-REGISTRY-v1.0.tsv	a6f6cd1fbda1b6ee77934fa24a3b1f654ae16c657a1bd2a1c9c61444f5d72f2a
NSR-DOM-064	⇒	e28792	U+21D2	DOMAIN_GATED	ACTIVE_BOUNDED	1;2-compatible	formal logic/contract profile	infix	P070_IMPLICATION	right	implies	boundedoperator:dom-064-0-0-False,boundedoperator:dom-064-0-0-True	boundedoperator:dom-064-negative	Finite domain partition/result grammar, explicit proof/model status and budget; exhaustive Boolean truth tables; unknown and timeout remain distinct outcomes; this does not claim an automatic theorem prover.	docs/specifications/nebo-language/NEBO-SYMBOL-AND-OPERATOR-REGISTRY-v1.0.tsv	a6f6cd1fbda1b6ee77934fa24a3b1f654ae16c657a1bd2a1c9c61444f5d72f2a
NSR-DOM-065	⇔	e28794	U+21D4	DOMAIN_GATED	ACTIVE_BOUNDED	1;2-compatible	formal logic/contract profile	infix	P060_EQUIVALENCE	non-associative	iff	boundedoperator:dom-065-0-0-False,boundedoperator:dom-065-0-0-True	boundedoperator:dom-065-negative	Finite domain partition/result grammar, explicit proof/model status and budget; exhaustive Boolean truth tables; unknown and timeout remain distinct outcomes; this does not claim an automatic theorem prover.	docs/specifications/nebo-language/NEBO-SYMBOL-AND-OPERATOR-REGISTRY-v1.0.tsv	a6f6cd1fbda1b6ee77934fa24a3b1f654ae16c657a1bd2a1c9c61444f5d72f2a
NSR-DOM-066	⊢	e28aa2	U+22A2	DOMAIN_GATED	ACTIVE_BOUNDED	1;2-compatible	proof profile	infix/sequent	PROOF_GRAMMAR	N/A	proves()	boundedoperator:dom-066-proved-False,boundedoperator:dom-066-proved-True	boundedoperator:dom-066-negative	Finite domain partition/result grammar, explicit proof/model status and budget; exhaustive Boolean truth tables; unknown and timeout remain distinct outcomes; this does not claim an automatic theorem prover.	docs/specifications/nebo-language/NEBO-SYMBOL-AND-OPERATOR-REGISTRY-v1.0.tsv	a6f6cd1fbda1b6ee77934fa24a3b1f654ae16c657a1bd2a1c9c61444f5d72f2a
NSR-DOM-067	⊨	e28aa8	U+22A8	DOMAIN_GATED	ACTIVE_BOUNDED	1;2-compatible	model-checking profile	infix	PROOF_GRAMMAR	N/A	satisfies()	boundedoperator:dom-067-sat-False,boundedoperator:dom-067-sat-True	boundedoperator:dom-067-negative	Finite domain partition/result grammar, explicit proof/model status and budget; exhaustive Boolean truth tables; unknown and timeout remain distinct outcomes; this does not claim an automatic theorem prover.	docs/specifications/nebo-language/NEBO-SYMBOL-AND-OPERATOR-REGISTRY-v1.0.tsv	a6f6cd1fbda1b6ee77934fa24a3b1f654ae16c657a1bd2a1c9c61444f5d72f2a
NSR-DOM-068	⊼	e28abc	U+22BC	DOMAIN_GATED	ACTIVE_BOUNDED	1;2-compatible	formal Boolean profile	infix	P090_AND	left	nand	boundedoperator:dom-068-0-0-False,boundedoperator:dom-068-0-0-True	boundedoperator:dom-068-negative	Finite domain partition/result grammar, explicit proof/model status and budget; exhaustive Boolean truth tables; unknown and timeout remain distinct outcomes; this does not claim an automatic theorem prover.	docs/specifications/nebo-language/NEBO-SYMBOL-AND-OPERATOR-REGISTRY-v1.0.tsv	a6f6cd1fbda1b6ee77934fa24a3b1f654ae16c657a1bd2a1c9c61444f5d72f2a
NSR-DOM-069	⊽	e28abd	U+22BD	DOMAIN_GATED	ACTIVE_BOUNDED	1;2-compatible	formal Boolean profile	infix	P080_OR	left	nor	boundedoperator:dom-069-0-0-False,boundedoperator:dom-069-0-0-True	boundedoperator:dom-069-negative	Finite domain partition/result grammar, explicit proof/model status and budget; exhaustive Boolean truth tables; unknown and timeout remain distinct outcomes; this does not claim an automatic theorem prover.	docs/specifications/nebo-language/NEBO-SYMBOL-AND-OPERATOR-REGISTRY-v1.0.tsv	a6f6cd1fbda1b6ee77934fa24a3b1f654ae16c657a1bd2a1c9c61444f5d72f2a
NSR-DOM-070	→	e28692	U+2192	DOMAIN_GATED	ACTIVE_BOUNDED	1;2-compatible	graph profile only	infix declaration	GRAPH_GRAMMAR	non-associative	directedEdgeTo()	boundedoperator:dom-070-endpoint-0-False,boundedoperator:dom-070-endpoint-0-True	boundedoperator:dom-070-negative	Bounded typed edge/transition descriptor and deterministic replay projection; explicit endpoints, schema, guard, effect and capability; no asynchronous external execution.	docs/specifications/nebo-language/NEBO-SYMBOL-AND-OPERATOR-REGISTRY-v1.0.tsv	a6f6cd1fbda1b6ee77934fa24a3b1f654ae16c657a1bd2a1c9c61444f5d72f2a
NSR-DOM-071	↔	e28694	U+2194	DOMAIN_GATED	ACTIVE_BOUNDED	1;2-compatible	graph profile only	infix declaration	GRAPH_GRAMMAR	non-associative	bidirectionalEdge()	boundedoperator:dom-071-endpoint-0-False,boundedoperator:dom-071-endpoint-0-True	boundedoperator:dom-071-negative	Bounded typed edge/transition descriptor and deterministic replay projection; explicit endpoints, schema, guard, effect and capability; no asynchronous external execution.	docs/specifications/nebo-language/NEBO-SYMBOL-AND-OPERATOR-REGISTRY-v1.0.tsv	a6f6cd1fbda1b6ee77934fa24a3b1f654ae16c657a1bd2a1c9c61444f5d72f2a
NSR-DOM-072	⇢	e287a2	U+21E2	DOMAIN_GATED	ACTIVE_BOUNDED	1;2-compatible	workflow/dataflow profile	infix declaration	GRAPH_GRAMMAR	non-associative	asyncEdgeTo()	boundedoperator:dom-072-endpoint-0-False,boundedoperator:dom-072-endpoint-0-True	boundedoperator:dom-072-negative	Bounded typed edge/transition descriptor and deterministic replay projection; explicit endpoints, schema, guard, effect and capability; no asynchronous external execution.	docs/specifications/nebo-language/NEBO-SYMBOL-AND-OPERATOR-REGISTRY-v1.0.tsv	a6f6cd1fbda1b6ee77934fa24a3b1f654ae16c657a1bd2a1c9c61444f5d72f2a
NSR-DOM-073	⟶	e29fb6	U+27F6	DOMAIN_GATED	ACTIVE_BOUNDED	1;2-compatible	statechart/workflow profile	infix declaration	GRAPH_GRAMMAR	non-associative	transitionTo()	boundedoperator:dom-073-endpoint-0-False,boundedoperator:dom-073-endpoint-0-True	boundedoperator:dom-073-negative	Bounded typed edge/transition descriptor and deterministic replay projection; explicit endpoints, schema, guard, effect and capability; no asynchronous external execution.	docs/specifications/nebo-language/NEBO-SYMBOL-AND-OPERATOR-REGISTRY-v1.0.tsv	a6f6cd1fbda1b6ee77934fa24a3b1f654ae16c657a1bd2a1c9c61444f5d72f2a
NSR-DOM-074	⧺	e2a7ba	U+29FA	DOMAIN_GATED	ACTIVE_BOUNDED	1;2-compatible	Text profile	infix	P130_ADDITIVE	left	concat()	boundedoperator:dom-074-bytes-0-False,boundedoperator:dom-074-bytes-0-True	boundedoperator:dom-074-negative	Current Text/Pattern finite profile: UTF-8 concat and literal/dot Pattern matching with explicit mode/work budget; matched/negated values change with content, without a fixed operator report.	docs/specifications/nebo-language/NEBO-SYMBOL-AND-OPERATOR-REGISTRY-v1.0.tsv	a6f6cd1fbda1b6ee77934fa24a3b1f654ae16c657a1bd2a1c9c61444f5d72f2a
NSR-DOM-075	=~	3d7e	U+003D U+007E	DOMAIN_GATED	ACTIVE_BOUNDED	1;2-compatible	bounded regex profile	infix	P110_EQUALITY	non-associative	matches()	boundedoperator:dom-075-match-0,boundedoperator:dom-075-match-1	boundedoperator:dom-075-negative	Current Text/Pattern finite profile: UTF-8 concat and literal/dot Pattern matching with explicit mode/work budget; matched/negated values change with content, without a fixed operator report.	docs/specifications/nebo-language/NEBO-SYMBOL-AND-OPERATOR-REGISTRY-v1.0.tsv	a6f6cd1fbda1b6ee77934fa24a3b1f654ae16c657a1bd2a1c9c61444f5d72f2a
NSR-DOM-076	!~	217e	U+0021 U+007E	DOMAIN_GATED	ACTIVE_BOUNDED	1;2-compatible	bounded regex profile	infix	P110_EQUALITY	non-associative	!matches()	boundedoperator:dom-076-match-0,boundedoperator:dom-076-match-1	boundedoperator:dom-076-negative	Current Text/Pattern finite profile: UTF-8 concat and literal/dot Pattern matching with explicit mode/work budget; matched/negated values change with content, without a fixed operator report.	docs/specifications/nebo-language/NEBO-SYMBOL-AND-OPERATOR-REGISTRY-v1.0.tsv	a6f6cd1fbda1b6ee77934fa24a3b1f654ae16c657a1bd2a1c9c61444f5d72f2a
NSR-DOM-077	${...}	247b2e2e2e7d	U+0024 U+007B U+002E U+002E U+002E U+007D	DOMAIN_GATED	ACTIVE_BOUNDED	1;2-compatible	inside interpolated Text literals only	embedded expression	TEXT_TEMPLATE_GRAMMAR	N/A	FormatPlan interpolation	interpolation:arithmetic-17-29,interpolation:arithmetic-71-29	interpolation:effect-console	Current native grammar/context only; no implicit activation.	docs/specifications/nebo-language/NEBO-SYMBOL-AND-OPERATOR-REGISTRY-v1.0.tsv	a6f6cd1fbda1b6ee77934fa24a3b1f654ae16c657a1bd2a1c9c61444f5d72f2a
NSR-DOM-078	%s/%d/%f/%b/%%	25732f25642f25662f25622f2525	U+0025 U+0073 U+002F U+0025 U+0064 U+002F U+0025 U+0066 U+002F U+0025 U+0062 U+002F U+0025 U+0025	DOMAIN_GATED	ACTIVE_BOUNDED	1;2-compatible	inside validated format Text only	template token	TEXT_TEMPLATE_GRAMMAR	N/A	Text.format(...)	format:named-29,format:named-83	format:wrong-type	Current native grammar/context only; no implicit activation.	docs/specifications/nebo-language/NEBO-SYMBOL-AND-OPERATOR-REGISTRY-v1.0.tsv	a6f6cd1fbda1b6ee77934fa24a3b1f654ae16c657a1bd2a1c9c61444f5d72f2a
NSR-DOM-079	/name{...}	2f6e616d657b2e2e2e7d	U+002F U+006E U+0061 U+006D U+0065 U+007B U+002E U+002E U+002E U+007D	DOMAIN_GATED	ACTIVE_BOUNDED	1;2-compatible	inside Slash-enabled Text/RenderPlan templates only	template directive	TEXT_TEMPLATE_GRAMMAR	N/A	RenderPlan directive	slash:directive-bold,slash:directive-title	slash:constructor-type	Actual typed RenderPlan(Text).render(contextual target) consumes all source statements. The existing native Slash parser and two-pass renderer own 64 finite directives, 4096 input bytes, 256 aggregate tokens, depth 16 and 32 argument bytes. Target output is an owned Text projection; its separate Console publication is observed. Unknown directives and overflowing plans fail closed. Independent G064 grammar/render oracle, actual contents, two live plans and explicit returns replace the old template metadata/seed profile.	docs/specifications/nebo-language/NEBO-SYMBOL-AND-OPERATOR-REGISTRY-v1.0.tsv	a6f6cd1fbda1b6ee77934fa24a3b1f654ae16c657a1bd2a1c9c61444f5d72f2a
NSR-DOM-080	@	40	U+0040	DOMAIN_GATED	ACTIVE_BOUNDED	1;2-compatible	declaration/metadata profile	prefix annotation	DECLARATION_GRAMMAR	N/A	@	boundedoperator:dom-080-metadata-0-levelValue,boundedoperator:dom-080-metadata-0-enabledValue	boundedoperator:dom-080-negative	Current annotation registry with typed version/level/enabled arguments, targets and bounded seed/privacy; actual argument values and masks are observed; no claim of arbitrary annotation evaluation.	docs/specifications/nebo-language/NEBO-SYMBOL-AND-OPERATOR-REGISTRY-v1.0.tsv	a6f6cd1fbda1b6ee77934fa24a3b1f654ae16c657a1bd2a1c9c61444f5d72f2a
NSR-RES-001	<.	3c2e	U+003C U+002E	RESERVED	RESERVED	1;2-compatible	future flow expression	infix	UNASSIGNED	non-associative	N/A	NONE	lexical:protected;RF172:G167-G169	Current native grammar/context only; no implicit activation.	docs/specifications/nebo-language/NEBO-SYMBOL-AND-OPERATOR-REGISTRY-v1.0.tsv	a6f6cd1fbda1b6ee77934fa24a3b1f654ae16c657a1bd2a1c9c61444f5d72f2a
NSR-RES-002	<.>	3c2e3e	U+003C U+002E U+003E	RESERVED	RESERVED	1;2-compatible	future endpoint relation	infix	UNASSIGNED	non-associative	N/A	NONE	lexical:protected;RF172:G167-G169	Current native grammar/context only; no implicit activation.	docs/specifications/nebo-language/NEBO-SYMBOL-AND-OPERATOR-REGISTRY-v1.0.tsv	a6f6cd1fbda1b6ee77934fa24a3b1f654ae16c657a1bd2a1c9c61444f5d72f2a
NSR-RES-003	...	2e2e2e	U+002E U+002E U+002E	RESERVED	RESERVED	1;2-compatible	general source	contextual	UNASSIGNED	N/A	N/A	NONE	lexical:protected;RF172:G167-G169	Current native grammar/context only; no implicit activation.	docs/specifications/nebo-language/NEBO-SYMBOL-AND-OPERATOR-REGISTRY-v1.0.tsv	a6f6cd1fbda1b6ee77934fa24a3b1f654ae16c657a1bd2a1c9c61444f5d72f2a
NSR-RES-004	::	3a3a	U+003A U+003A	RESERVED	RESERVED	1;2-compatible	module/namespace path	infix path separator	TYPE_OR_PATH_GRAMMAR	left	N/A	NONE	lexical:protected;RF172:G167-G169	Current native grammar/context only; no implicit activation.	docs/specifications/nebo-language/NEBO-SYMBOL-AND-OPERATOR-REGISTRY-v1.0.tsv	a6f6cd1fbda1b6ee77934fa24a3b1f654ae16c657a1bd2a1c9c61444f5d72f2a
NSR-RES-005	#	23	U+0023	RESERVED	RESERVED	1;2-compatible	outside Text/comments	prefix/contextual	UNASSIGNED	N/A	N/A	NONE	lexical:protected;RF172:G167-G169	Current native grammar/context only; no implicit activation.	docs/specifications/nebo-language/NEBO-SYMBOL-AND-OPERATOR-REGISTRY-v1.0.tsv	a6f6cd1fbda1b6ee77934fa24a3b1f654ae16c657a1bd2a1c9c61444f5d72f2a
NSR-RES-006	#RRGGBB	23525247474242	U+0023 U+0052 U+0052 U+0047 U+0047 U+0042 U+0042	RESERVED	RESERVED	1;2-compatible	future Color literal	literal	LITERAL	N/A	"Color.hex(""#RRGGBB"")"	NONE	lexical:protected;RF172:G167-G169	Current native grammar/context only; no implicit activation.	docs/specifications/nebo-language/NEBO-SYMBOL-AND-OPERATOR-REGISTRY-v1.0.tsv	a6f6cd1fbda1b6ee77934fa24a3b1f654ae16c657a1bd2a1c9c61444f5d72f2a
NSR-RES-007	$	24	U+0024	RESERVED	RESERVED	1;2-compatible	general source	prefix/contextual	UNASSIGNED	N/A	N/A	NONE	lexical:protected;RF172:G167-G169	Current native grammar/context only; no implicit activation.	docs/specifications/nebo-language/NEBO-SYMBOL-AND-OPERATOR-REGISTRY-v1.0.tsv	a6f6cd1fbda1b6ee77934fa24a3b1f654ae16c657a1bd2a1c9c61444f5d72f2a
NSR-RES-008	`...`	602e2e2e60	U+0060 U+002E U+002E U+002E U+0060	RESERVED	RESERVED	1;2-compatible	future raw/tagged template	delimited	TEXT_GRAMMAR	N/A	N/A	NONE	lexical:protected;RF172:G167-G169	Current native grammar/context only; no implicit activation.	docs/specifications/nebo-language/NEBO-SYMBOL-AND-OPERATOR-REGISTRY-v1.0.tsv	a6f6cd1fbda1b6ee77934fa24a3b1f654ae16c657a1bd2a1c9c61444f5d72f2a
NSR-RES-009	/*...*/	2f2a2e2e2e2a2f	U+002F U+002A U+002E U+002E U+002E U+002A U+002F	RESERVED	ACTIVE_TRIVIA	1;2-compatible	lexer outside literals	lexical	LEXICAL	N/A	N/A	lexical:trivia	lexical:protected;RF172:G167-G169	Current native grammar/context only; no implicit activation.	docs/specifications/nebo-language/NEBO-SYMBOL-AND-OPERATOR-REGISTRY-v1.0.tsv	a6f6cd1fbda1b6ee77934fa24a3b1f654ae16c657a1bd2a1c9c61444f5d72f2a
NSR-RES-010	&	26	U+0026	RESERVED	RESERVED	1;2-compatible	general expression	infix	UNASSIGNED	left	bitAnd()	NONE	lexical:protected;RF172:G167-G169	Current native grammar/context only; no implicit activation.	docs/specifications/nebo-language/NEBO-SYMBOL-AND-OPERATOR-REGISTRY-v1.0.tsv	a6f6cd1fbda1b6ee77934fa24a3b1f654ae16c657a1bd2a1c9c61444f5d72f2a
NSR-RES-011	|	7c	U+007C	RESERVED	RESERVED	1;2-compatible	general expression or pattern	infix/contextual	UNASSIGNED	left	bitOr()	NONE	lexical:protected;RF172:G167-G169	Current native grammar/context only; no implicit activation.	docs/specifications/nebo-language/NEBO-SYMBOL-AND-OPERATOR-REGISTRY-v1.0.tsv	a6f6cd1fbda1b6ee77934fa24a3b1f654ae16c657a1bd2a1c9c61444f5d72f2a
NSR-RES-012	~	7e	U+007E	RESERVED	RESERVED	1;2-compatible	general expression	prefix	UNASSIGNED	right	bitNot()	NONE	lexical:protected;RF172:G167-G169	Current native grammar/context only; no implicit activation.	docs/specifications/nebo-language/NEBO-SYMBOL-AND-OPERATOR-REGISTRY-v1.0.tsv	a6f6cd1fbda1b6ee77934fa24a3b1f654ae16c657a1bd2a1c9c61444f5d72f2a
NSR-RES-013	<<	3c3c	U+003C U+003C	RESERVED	RESERVED	1;2-compatible	general expression	infix	UNASSIGNED	left	shiftLeft()	NONE	lexical:protected;RF172:G167-G169	Current native grammar/context only; no implicit activation.	docs/specifications/nebo-language/NEBO-SYMBOL-AND-OPERATOR-REGISTRY-v1.0.tsv	a6f6cd1fbda1b6ee77934fa24a3b1f654ae16c657a1bd2a1c9c61444f5d72f2a
NSR-RES-014	>>	3e3e	U+003E U+003E	RESERVED	RESERVED	1;2-compatible	general expression	infix	UNASSIGNED	left	shiftRight()	NONE	lexical:protected;RF172:G167-G169	Current native grammar/context only; no implicit activation.	docs/specifications/nebo-language/NEBO-SYMBOL-AND-OPERATOR-REGISTRY-v1.0.tsv	a6f6cd1fbda1b6ee77934fa24a3b1f654ae16c657a1bd2a1c9c61444f5d72f2a
NSR-RES-015	expr[index]	657870725b696e6465785d	U+0065 U+0078 U+0070 U+0072 U+005B U+0069 U+006E U+0064 U+0065 U+0078 U+005D	RESERVED	RESERVED	1;2-compatible	expression suffix	postfix	P180_SUFFIX	left	at()/get()	NONE	lexical:protected;RF172:G167-G169	Current native grammar/context only; no implicit activation.	docs/specifications/nebo-language/NEBO-SYMBOL-AND-OPERATOR-REGISTRY-v1.0.tsv	a6f6cd1fbda1b6ee77934fa24a3b1f654ae16c657a1bd2a1c9c61444f5d72f2a
NSR-RES-016	a:b	613a62	U+0061 U+003A U+0062	RESERVED	RESERVED	1;2-compatible	future slice grammar	contextual	UNASSIGNED	N/A	slice()	NONE	lexical:protected;RF172:G167-G169	Current native grammar/context only; no implicit activation.	docs/specifications/nebo-language/NEBO-SYMBOL-AND-OPERATOR-REGISTRY-v1.0.tsv	a6f6cd1fbda1b6ee77934fa24a3b1f654ae16c657a1bd2a1c9c61444f5d72f2a
NSR-RES-017	&expr	2665787072	U+0026 U+0065 U+0078 U+0070 U+0072	RESERVED	RESERVED	1;2-compatible	unsafe/FFI future profile	prefix	UNASSIGNED	right	explicit borrow/address API	NONE	lexical:protected;RF172:G167-G169	Current native grammar/context only; no implicit activation.	docs/specifications/nebo-language/NEBO-SYMBOL-AND-OPERATOR-REGISTRY-v1.0.tsv	a6f6cd1fbda1b6ee77934fa24a3b1f654ae16c657a1bd2a1c9c61444f5d72f2a
NSR-RES-018	*expr	2a65787072	U+002A U+0065 U+0078 U+0070 U+0072	RESERVED	RESERVED	1;2-compatible	unsafe/FFI future profile	prefix	UNASSIGNED	right	explicit dereference API	NONE	lexical:protected;RF172:G167-G169	Current native grammar/context only; no implicit activation.	docs/specifications/nebo-language/NEBO-SYMBOL-AND-OPERATOR-REGISTRY-v1.0.tsv	a6f6cd1fbda1b6ee77934fa24a3b1f654ae16c657a1bd2a1c9c61444f5d72f2a
NSR-RES-019	λ	cebb	U+03BB	RESERVED	RESERVED	1;2-compatible	future callable syntax	prefix/binder	CALLABLE_GRAMMAR	N/A	existing callable/lambda syntax	NONE	lexical:protected;RF172:G167-G169	Current native grammar/context only; no implicit activation.	docs/specifications/nebo-language/NEBO-SYMBOL-AND-OPERATOR-REGISTRY-v1.0.tsv	a6f6cd1fbda1b6ee77934fa24a3b1f654ae16c657a1bd2a1c9c61444f5d72f2a
NSR-RES-020	↦	e286a6	U+21A6	RESERVED	RESERVED	1;2-compatible	future binder/comprehension syntax	infix/binder	UNASSIGNED	right	map()	NONE	lexical:protected;RF172:G167-G169	Current native grammar/context only; no implicit activation.	docs/specifications/nebo-language/NEBO-SYMBOL-AND-OPERATOR-REGISTRY-v1.0.tsv	a6f6cd1fbda1b6ee77934fa24a3b1f654ae16c657a1bd2a1c9c61444f5d72f2a
NSR-RES-021	|x|	7c787c	U+007C U+0078 U+007C	RESERVED	RESERVED	1;2-compatible	future numeric grammar	delimited	UNASSIGNED	N/A	abs()	NONE	lexical:protected;RF172:G167-G169	Current native grammar/context only; no implicit activation.	docs/specifications/nebo-language/NEBO-SYMBOL-AND-OPERATOR-REGISTRY-v1.0.tsv	a6f6cd1fbda1b6ee77934fa24a3b1f654ae16c657a1bd2a1c9c61444f5d72f2a
NSR-RES-022	≔	e28994	U+2254	RESERVED	RESERVED	1;2-compatible	future specification/proof grammar	infix	UNASSIGNED	right	definition construct	NONE	lexical:protected;RF172:G167-G169	Current native grammar/context only; no implicit activation.	docs/specifications/nebo-language/NEBO-SYMBOL-AND-OPERATOR-REGISTRY-v1.0.tsv	a6f6cd1fbda1b6ee77934fa24a3b1f654ae16c657a1bd2a1c9c61444f5d72f2a
NSR-RES-023	∴ / ∵	e288b4202f20e288b5	U+2234 U+0020 U+002F U+0020 U+2235	RESERVED	RESERVED	1;2-compatible	future proof prose/grammar	contextual	UNASSIGNED	N/A	proof narrative APIs	NONE	lexical:protected;RF172:G167-G169	Current native grammar/context only; no implicit activation.	docs/specifications/nebo-language/NEBO-SYMBOL-AND-OPERATOR-REGISTRY-v1.0.tsv	a6f6cd1fbda1b6ee77934fa24a3b1f654ae16c657a1bd2a1c9c61444f5d72f2a
NSR-REJ-001	|>	7c3e	U+007C U+003E	REJECTED	REJECTED	1;2-compatible	general expression	infix	N/A	N/A	.	NONE	lexical:protected;RF172:G167-G169	Current native grammar/context only; no implicit activation.	docs/specifications/nebo-language/NEBO-SYMBOL-AND-OPERATOR-REGISTRY-v1.0.tsv	a6f6cd1fbda1b6ee77934fa24a3b1f654ae16c657a1bd2a1c9c61444f5d72f2a
NSR-REJ-002	<->	3c2d3e	U+003C U+002D U+003E	REJECTED	REJECTED	1;2-compatible	general expression	infix	N/A	N/A	<.> if ever activated	NONE	lexical:protected;RF172:G167-G169	Current native grammar/context only; no implicit activation.	docs/specifications/nebo-language/NEBO-SYMBOL-AND-OPERATOR-REGISTRY-v1.0.tsv	a6f6cd1fbda1b6ee77934fa24a3b1f654ae16c657a1bd2a1c9c61444f5d72f2a
NSR-REJ-003	**	2a2a	U+002A U+002A	REJECTED	REJECTED	1;2-compatible	numeric expression	infix	N/A	N/A	^	NONE	lexical:protected;RF172:G167-G169	Current native grammar/context only; no implicit activation.	docs/specifications/nebo-language/NEBO-SYMBOL-AND-OPERATOR-REGISTRY-v1.0.tsv	a6f6cd1fbda1b6ee77934fa24a3b1f654ae16c657a1bd2a1c9c61444f5d72f2a
NSR-REJ-004	^ as XOR	5e20617320584f52	U+005E U+0020 U+0061 U+0073 U+0020 U+0058 U+004F U+0052	REJECTED	REJECTED	1;2-compatible	logic/bit expression	semantic reinterpretation	N/A	N/A	xor / ⊻ / bitXor()	NONE	lexical:protected;RF172:G167-G169	Current native grammar/context only; no implicit activation.	docs/specifications/nebo-language/NEBO-SYMBOL-AND-OPERATOR-REGISTRY-v1.0.tsv	a6f6cd1fbda1b6ee77934fa24a3b1f654ae16c657a1bd2a1c9c61444f5d72f2a
NSR-REJ-005	++	2b2b	U+002B U+002B	REJECTED	REJECTED	1;2-compatible	prefix/postfix mutation	prefix/postfix	N/A	N/A	+= 1	NONE	lexical:protected;RF172:G167-G169	Current native grammar/context only; no implicit activation.	docs/specifications/nebo-language/NEBO-SYMBOL-AND-OPERATOR-REGISTRY-v1.0.tsv	a6f6cd1fbda1b6ee77934fa24a3b1f654ae16c657a1bd2a1c9c61444f5d72f2a
NSR-REJ-006	--	2d2d	U+002D U+002D	REJECTED	REJECTED	1;2-compatible	prefix/postfix mutation	prefix/postfix	N/A	N/A	-= 1	NONE	lexical:protected;RF172:G167-G169	Current native grammar/context only; no implicit activation.	docs/specifications/nebo-language/NEBO-SYMBOL-AND-OPERATOR-REGISTRY-v1.0.tsv	a6f6cd1fbda1b6ee77934fa24a3b1f654ae16c657a1bd2a1c9c61444f5d72f2a
NSR-REJ-007	cond ? a : b	636f6e64203f2061203a2062	U+0063 U+006F U+006E U+0064 U+0020 U+003F U+0020 U+0061 U+0020 U+003A U+0020 U+0062	REJECTED	REJECTED	1;2-compatible	general expression	ternary	N/A	right	if/else or a typed conditional method	NONE	lexical:protected;RF172:G167-G169	Current native grammar/context only; no implicit activation.	docs/specifications/nebo-language/NEBO-SYMBOL-AND-OPERATOR-REGISTRY-v1.0.tsv	a6f6cd1fbda1b6ee77934fa24a3b1f654ae16c657a1bd2a1c9c61444f5d72f2a
NSR-REJ-008	a ?: b	61203f3a2062	U+0061 U+0020 U+003F U+003A U+0020 U+0062	REJECTED	REJECTED	1;2-compatible	general expression	binary/ternary shorthand	N/A	right	?? for Option or explicit conditional	NONE	lexical:protected;RF172:G167-G169	Current native grammar/context only; no implicit activation.	docs/specifications/nebo-language/NEBO-SYMBOL-AND-OPERATOR-REGISTRY-v1.0.tsv	a6f6cd1fbda1b6ee77934fa24a3b1f654ae16c657a1bd2a1c9c61444f5d72f2a
NSR-REJ-009	:=	3a3d	U+003A U+003D	REJECTED	REJECTED	1;2-compatible	binding or assignment	infix	N/A	right	value.name; or target = value;	NONE	lexical:protected;RF172:G167-G169	Current native grammar/context only; no implicit activation.	docs/specifications/nebo-language/NEBO-SYMBOL-AND-OPERATOR-REGISTRY-v1.0.tsv	a6f6cd1fbda1b6ee77934fa24a3b1f654ae16c657a1bd2a1c9c61444f5d72f2a
NSR-REJ-010	(a, b, c) as comma operator	28612c20622c20632920617320636f6d6d61206f70657261746f72	U+0028 U+0061 U+002C U+0020 U+0062 U+002C U+0020 U+0063 U+0029 U+0020 U+0061 U+0073 U+0020 U+0063 U+006F U+006D U+006D U+0061 U+0020 U+006F U+0070 U+0065 U+0072 U+0061 U+0074 U+006F U+0072	REJECTED	REJECTED	1;2-compatible	general expression	infix	N/A	left	explicit block or pipeline	NONE	lexical:protected;RF172:G167-G169	Current native grammar/context only; no implicit activation.	docs/specifications/nebo-language/NEBO-SYMBOL-AND-OPERATOR-REGISTRY-v1.0.tsv	a6f6cd1fbda1b6ee77934fa24a3b1f654ae16c657a1bd2a1c9c61444f5d72f2a
NSR-REJ-011	= as equality	3d20617320657175616c697479	U+003D U+0020 U+0061 U+0073 U+0020 U+0065 U+0071 U+0075 U+0061 U+006C U+0069 U+0074 U+0079	REJECTED	REJECTED	1;2-compatible	comparison expression	infix	N/A	N/A	==	NONE	lexical:protected;RF172:G167-G169	Current native grammar/context only; no implicit activation.	docs/specifications/nebo-language/NEBO-SYMBOL-AND-OPERATOR-REGISTRY-v1.0.tsv	a6f6cd1fbda1b6ee77934fa24a3b1f654ae16c657a1bd2a1c9c61444f5d72f2a
NSR-REJ-012	<>	3c3e	U+003C U+003E	REJECTED	REJECTED	1;2-compatible	comparison expression	infix	N/A	N/A	!=	NONE	lexical:protected;RF172:G167-G169	Current native grammar/context only; no implicit activation.	docs/specifications/nebo-language/NEBO-SYMBOL-AND-OPERATOR-REGISTRY-v1.0.tsv	a6f6cd1fbda1b6ee77934fa24a3b1f654ae16c657a1bd2a1c9c61444f5d72f2a
NSR-REJ-013	and / or / not	616e64202f206f72202f206e6f74	U+0061 U+006E U+0064 U+0020 U+002F U+0020 U+006F U+0072 U+0020 U+002F U+0020 U+006E U+006F U+0074	REJECTED	REJECTED	1;2-compatible	Boolean expression	keyword operators	N/A	N/A	&& / || / !	NONE	lexical:protected;RF172:G167-G169	Current native grammar/context only; no implicit activation.	docs/specifications/nebo-language/NEBO-SYMBOL-AND-OPERATOR-REGISTRY-v1.0.tsv	a6f6cd1fbda1b6ee77934fa24a3b1f654ae16c657a1bd2a1c9c61444f5d72f2a
NSR-REJ-014	!!	2121	U+0021 U+0021	REJECTED	REJECTED	1;2-compatible	general expression	postfix	N/A	N/A	unwrapUnsafe() or doubleFactorial()	NONE	lexical:protected;RF172:G167-G169	Current native grammar/context only; no implicit activation.	docs/specifications/nebo-language/NEBO-SYMBOL-AND-OPERATOR-REGISTRY-v1.0.tsv	a6f6cd1fbda1b6ee77934fa24a3b1f654ae16c657a1bd2a1c9c61444f5d72f2a
NSR-REJ-015	// as integer division	2f2f20617320696e7465676572206469766973696f6e	U+002F U+002F U+0020 U+0061 U+0073 U+0020 U+0069 U+006E U+0074 U+0065 U+0067 U+0065 U+0072 U+0020 U+0064 U+0069 U+0076 U+0069 U+0073 U+0069 U+006F U+006E	REJECTED	REJECTED	1;2-compatible	numeric expression	infix	N/A	N/A	/	NONE	lexical:protected;RF172:G167-G169	Current native grammar/context only; no implicit activation.	docs/specifications/nebo-language/NEBO-SYMBOL-AND-OPERATOR-REGISTRY-v1.0.tsv	a6f6cd1fbda1b6ee77934fa24a3b1f654ae16c657a1bd2a1c9c61444f5d72f2a
NSR-REJ-016	=>	3d3e	U+003D U+003E	REJECTED	REJECTED	1;2-compatible	match or callable syntax	separator	N/A	N/A	-> or current callable syntax	NONE	lexical:protected;RF172:G167-G169	Current native grammar/context only; no implicit activation.	docs/specifications/nebo-language/NEBO-SYMBOL-AND-OPERATOR-REGISTRY-v1.0.tsv	a6f6cd1fbda1b6ee77934fa24a3b1f654ae16c657a1bd2a1c9c61444f5d72f2a
NSR-REJ-017	1..10	312e2e3130	U+0031 U+002E U+002E U+0031 U+0030	REJECTED	REJECTED	1;2-compatible	range expression	infix	N/A	N/A	1…10 or Range.inclusive(1,10)	NONE	lexical:protected;RF172:G167-G169	Current native grammar/context only; no implicit activation.	docs/specifications/nebo-language/NEBO-SYMBOL-AND-OPERATOR-REGISTRY-v1.0.tsv	a6f6cd1fbda1b6ee77934fa24a3b1f654ae16c657a1bd2a1c9c61444f5d72f2a
NSR-REJ-018	ptr->field	7074722d3e6669656c64	U+0070 U+0074 U+0072 U+002D U+003E U+0066 U+0069 U+0065 U+006C U+0064	REJECTED	REJECTED	1;2-compatible	member access	infix	N/A	N/A	value.field or explicit FFI API	NONE	lexical:protected;RF172:G167-G169	Current native grammar/context only; no implicit activation.	docs/specifications/nebo-language/NEBO-SYMBOL-AND-OPERATOR-REGISTRY-v1.0.tsv	a6f6cd1fbda1b6ee77934fa24a3b1f654ae16c657a1bd2a1c9c61444f5d72f2a
NSR-REJ-019	100 + 10%	313030202b20313025	U+0031 U+0030 U+0030 U+0020 U+002B U+0020 U+0031 U+0030 U+0025	REJECTED	REJECTED	1;2-compatible	numeric/quantity expression	type combination	N/A	N/A	100 * (1 + 10%) or increase(10%)	NONE	lexical:protected;RF172:G167-G169	Current native grammar/context only; no implicit activation.	docs/specifications/nebo-language/NEBO-SYMBOL-AND-OPERATOR-REGISTRY-v1.0.tsv	a6f6cd1fbda1b6ee77934fa24a3b1f654ae16c657a1bd2a1c9c61444f5d72f2a
NSR-REJ-020	a ≈ b without tolerance	6120e28988206220776974686f757420746f6c6572616e6365	U+0061 U+0020 U+2248 U+0020 U+0062 U+0020 U+0077 U+0069 U+0074 U+0068 U+006F U+0075 U+0074 U+0020 U+0074 U+006F U+006C U+0065 U+0072 U+0061 U+006E U+0063 U+0065	REJECTED	REJECTED	1;2-compatible	numeric expression	infix usage	N/A	N/A	a.approxEquals(b, absolute: ..., relative: ...)	NONE	lexical:protected;RF172:G167-G169	Current native grammar/context only; no implicit activation.	docs/specifications/nebo-language/NEBO-SYMBOL-AND-OPERATOR-REGISTRY-v1.0.tsv	a6f6cd1fbda1b6ee77934fa24a3b1f654ae16c657a1bd2a1c9c61444f5d72f2a
NSR-REJ-021	∫ returning bare Float	e288ab2072657475726e696e67206261726520466c6f6174	U+222B U+0020 U+0072 U+0065 U+0074 U+0075 U+0072 U+006E U+0069 U+006E U+0067 U+0020 U+0062 U+0061 U+0072 U+0065 U+0020 U+0046 U+006C U+006F U+0061 U+0074	REJECTED	REJECTED	1;2-compatible	calculus expression	usage	N/A	N/A	IntegralResult<T>	NONE	lexical:protected;RF172:G167-G169	Current native grammar/context only; no implicit activation.	docs/specifications/nebo-language/NEBO-SYMBOL-AND-OPERATOR-REGISTRY-v1.0.tsv	a6f6cd1fbda1b6ee77934fa24a3b1f654ae16c657a1bd2a1c9c61444f5d72f2a
NSR-REJ-022	a ± b as implicit Tuple	6120c2b1206220617320696d706c69636974205475706c65	U+0061 U+0020 U+00B1 U+0020 U+0062 U+0020 U+0061 U+0073 U+0020 U+0069 U+006D U+0070 U+006C U+0069 U+0063 U+0069 U+0074 U+0020 U+0054 U+0075 U+0070 U+006C U+0065	REJECTED	REJECTED	1;2-compatible	measurement expression	usage	N/A	N/A	Uncertain(a,b).branches()	NONE	lexical:protected;RF172:G167-G169	Current native grammar/context only; no implicit activation.	docs/specifications/nebo-language/NEBO-SYMBOL-AND-OPERATOR-REGISTRY-v1.0.tsv	a6f6cd1fbda1b6ee77934fa24a3b1f654ae16c657a1bd2a1c9c61444f5d72f2a
NSR-REJ-023	Text + Number	54657874202b204e756d626572	U+0054 U+0065 U+0078 U+0074 U+0020 U+002B U+0020 U+004E U+0075 U+006D U+0062 U+0065 U+0072	REJECTED	REJECTED	1;2-compatible	Text expression	type combination	N/A	N/A	Text.format, interpolation or explicit toText()	NONE	lexical:protected;RF172:G167-G169	Current native grammar/context only; no implicit activation.	docs/specifications/nebo-language/NEBO-SYMBOL-AND-OPERATOR-REGISTRY-v1.0.tsv	a6f6cd1fbda1b6ee77934fa24a3b1f654ae16c657a1bd2a1c9c61444f5d72f2a
NSR-REJ-024	user-defined new operator lexeme	757365722d646566696e6564206e6577206f70657261746f72206c6578656d65	U+0075 U+0073 U+0065 U+0072 U+002D U+0064 U+0065 U+0066 U+0069 U+006E U+0065 U+0064 U+0020 U+006E U+0065 U+0077 U+0020 U+006F U+0070 U+0065 U+0072 U+0061 U+0074 U+006F U+0072 U+0020 U+006C U+0065 U+0078 U+0065 U+006D U+0065	REJECTED	REJECTED	1;2-compatible	language extension	any	N/A	N/A	implement a known operator protocol or named method	NONE	lexical:protected;RF172:G167-G169	Current native grammar/context only; no implicit activation.	docs/specifications/nebo-language/NEBO-SYMBOL-AND-OPERATOR-REGISTRY-v1.0.tsv	a6f6cd1fbda1b6ee77934fa24a3b1f654ae16c657a1bd2a1c9c61444f5d72f2a
NSR-REJ-025	fullwidth/confusable operator forms	66756c6c77696474682f636f6e66757361626c65206f70657261746f7220666f726d73	U+0066 U+0075 U+006C U+006C U+0077 U+0069 U+0064 U+0074 U+0068 U+002F U+0063 U+006F U+006E U+0066 U+0075 U+0073 U+0061 U+0062 U+006C U+0065 U+0020 U+006F U+0070 U+0065 U+0072 U+0061 U+0074 U+006F U+0072 U+0020 U+0066 U+006F U+0072 U+006D U+0073	REJECTED	REJECTED	1;2-compatible	general source	lexical	N/A	N/A	registered ASCII/Unicode lexeme	NONE	lexical:protected;RF172:G167-G169	Current native grammar/context only; no implicit activation.	docs/specifications/nebo-language/NEBO-SYMBOL-AND-OPERATOR-REGISTRY-v1.0.tsv	a6f6cd1fbda1b6ee77934fa24a3b1f654ae16c657a1bd2a1c9c61444f5d72f2a
NSR-REJ-026	%% in expression	252520696e2065787072657373696f6e	U+0025 U+0025 U+0020 U+0069 U+006E U+0020 U+0065 U+0078 U+0070 U+0072 U+0065 U+0073 U+0073 U+0069 U+006F U+006E	REJECTED	REJECTED	1;2-compatible	general expression	infix/postfix	N/A	N/A	% or a format-template `%%`	NONE	lexical:protected;RF172:G167-G169	Current native grammar/context only; no implicit activation.	docs/specifications/nebo-language/NEBO-SYMBOL-AND-OPERATOR-REGISTRY-v1.0.tsv	a6f6cd1fbda1b6ee77934fa24a3b1f654ae16c657a1bd2a1c9c61444f5d72f2a
