id	cls	lexeme	name	context	fixity	arity	precedence	associativity	canonical_ascii	domain	operand_rule	result_rule	evaluation	short_circuit	failure_policy	current_state	target_state	dependencies	description
NSR-CORE-001	CORE_ALWAYS_ON	.	flow/member/call/binding dot	expression, receiver-first call and terminal binding	postfix/contextual	1+	P180_SUFFIX	left/contextual	.	core	receiver or value followed by a valid member, call, pipeline stage or binding terminal	member/call result, transformed receiver, or a new binding	receiver exactly once; stages left-to-right	NO	type/resolution error before codegen; no hidden fallback	ACTIVE_CURRENT	CANONICAL	RF27-G02/G03/G06; RF52-G47/G48	The visual and semantic center of Nebo: member access, fluent call, pipeline continuation and value-first binding are decided by parser context.
NSR-CORE-002	CORE_ALWAYS_ON	()	grouping and call delimiters	expressions and argument lists	delimited/postfix	0+	P180_SUFFIX	left	()	core	groupable expression or callable plus typed arguments	grouped value or callable result	callee once, arguments left-to-right exactly once	NO	arity/type/effect diagnostics; no call on failure	ACTIVE_CURRENT	CANONICAL	RF27-G03; RF52-G47/G48	Groups expressions and invokes callables. Nested calls reuse the general expression grammar.
NSR-CORE-003	CORE_ALWAYS_ON	{}	block delimiters	function, control-flow, match, struct and domain bodies	delimited	N	STRUCTURAL	N/A	{}	core	context-specific statements or fields	block value only where a construct defines one	source order	NO	unclosed or invalid-context diagnostic	ACTIVE_CURRENT	CANONICAL	RF27-G02/G03/G05/G06	Delimits lexical blocks and structured bodies; the lexer does not assign a single semantic meaning.
NSR-CORE-004	CORE_ALWAYS_ON	[]	array/list/type delimiters	Array literals, bounded collection forms and type syntax	delimited	0+	P180_SUFFIX_WHEN_INDEXING_EXISTS	left/contextual	[]	core	context-specific elements or type arguments	Array/collection/type value; general indexing is separately RESERVED	elements left-to-right exactly once	NO	bounds and shape diagnostics; no partial aggregate	PARTIAL_ACTIVE_CURRENT	CANONICAL_DELIMITERS	RF27-G06/G07; RF52-G47/G48	The delimiters are core. General `expr[index]` semantics are not implied by their presence.
NSR-CORE-005	CORE_ALWAYS_ON	<...>	generic type argument delimiters	type context only	delimited/contextual	1+	TYPE_GRAMMAR	N/A	<...>	core	generic type constructor plus valid type arguments	instantiated type	compile-time only	NO	generic arity/constraint diagnostic	ACTIVE_CURRENT	CANONICAL	RF27-G06; RF52-G47/G48	Angle brackets in type context are distinct from relational operators in expression context.
NSR-CORE-006	CORE_ALWAYS_ON	,	separator	arguments, elements, fields, bindings and tuples	separator	N	STRUCTURAL	N/A	,	core	context-specific list members	no value of its own	source order	NO	missing-element or trailing-comma policy diagnostic	ACTIVE_CURRENT	CANONICAL_SEPARATOR	RF27-G03/G06; RF52-G48	Comma is a separator, never a free expression operator.
NSR-CORE-007	CORE_ALWAYS_ON	;	statement terminator	statement and selected arm termination	terminator	0	STRUCTURAL	N/A	;	core	completed statement	no value	N/A	NO	missing/extra terminator diagnostic	ACTIVE_CURRENT	CANONICAL	RF27-G02/G03/G05	Terminates statements. It is not an operator and cannot be overloaded.
NSR-CORE-008	CORE_ALWAYS_ON	:	typed/named separator	type annotations, named arguments, fields and schemas	separator/contextual	2	STRUCTURAL	N/A	:	core	name/type or name/value according to context	annotation or association	compile-time only	NO	context-specific diagnostic; `=` is not a named-argument separator	ACTIVE_CURRENT	CANONICAL	RF27-G03/G06/G10; RF52-G47/G48	Separates names from types or values. It is not the C ternary separator in the canonical language.
NSR-CORE-009	CORE_ALWAYS_ON	->	return-type and match-arm arrow	function signatures and match arms	separator/contextual	2	STRUCTURAL	right/contextual	->	core	signature type relation or pattern/body relation	type declaration or selected arm result	compile-time dispatch; selected arm once	MATCH_ONLY	invalid-context diagnostic; member-arrow meaning is rejected	ACTIVE_CURRENT	CANONICAL_CONTEXTUAL	RF27-G03/G05; RF52-G47/G48	The current Assembly language uses `->` for bounded match arms and return-type context; it is not pointer member access.
NSR-CORE-010	CORE_ALWAYS_ON	_	wildcard and ignored binding	patterns and explicitly ignored names	atomic/contextual	0	STRUCTURAL	N/A	_	core	pattern or binding context	no bound value unless a future pattern says otherwise	compile-time only	NO	invalid-position diagnostic	ACTIVE_CURRENT	CANONICAL_CONTEXTUAL	RF27-G05; RF52-G48	Matches or ignores without introducing a normal binding.
NSR-CORE-011	CORE_ALWAYS_ON	//	line comment introducer	lexer outside Text/Char/raw literals	lexical	N	LEXICAL	N/A	//	core	any source bytes until newline or EOF	no token stream output	lexical skip	NO	none unless encoding/source controls are invalid	ACTIVE_CURRENT	CANONICAL	RF27 frontend; RF52-G47	Begins a line comment. It also permanently prevents `//` from becoming integer division.
NSR-CORE-012	CORE_ALWAYS_ON	+	addition	numeric expression	infix	2	P130_ADDITIVE	left	+	core.numeric	same-type numeric operands or an explicitly registered Add protocol with no implicit unsafe coercion	numeric or protocol-declared result	left then right exactly once	NO	checked overflow by default; invalid type rejected	ACTIVE_CURRENT_INT_FLOAT_BOUNDED	CANONICAL	RF27 core/G14; RF52-G47/G49	Adds numeric values. Text concatenation is not implicit and belongs to the domain-gated `⧺` operator.
NSR-CORE-013	CORE_ALWAYS_ON	-	subtraction	numeric expression	infix	2	P130_ADDITIVE	left	-	core.numeric	same-type numeric operands or Subtract protocol	numeric or protocol-declared result	left then right exactly once	NO	checked overflow by default	ACTIVE_CURRENT_INT_FLOAT_BOUNDED	CANONICAL	RF27 core/G14; RF52-G47/G49	Subtracts the right operand from the left.
NSR-CORE-014	CORE_ALWAYS_ON	*	multiplication	numeric expression	infix	2	P140_MULTIPLICATIVE	left	*	core.numeric	same-type numeric operands or Multiply protocol	numeric or protocol-declared result	left then right exactly once	NO	checked overflow by default	ACTIVE_CURRENT_INT_FLOAT_BOUNDED	CANONICAL	RF27 core/G14; RF52-G47/G49	Scalar multiplication. Vector cross, Cartesian product and tensor products use distinct domain symbols.
NSR-CORE-015	CORE_ALWAYS_ON	/	division	numeric expression	infix	2	P140_MULTIPLICATIVE	left	/	core.numeric	compatible numeric operands; no implicit Int/Float coercion unless a future numeric policy explicitly allows it	Int for Int/Int; Float for supported Float profiles	left then right exactly once	NO	division-by-zero and signed overflow checked; Int division truncates toward zero	ACTIVE_CURRENT_INT_FLOAT_BOUNDED	CANONICAL_INT_TRUNCATE_TOWARD_ZERO	RF27 core/G14; RF52-G47/G49	Preserves the Assembly compiler decision: signed integer division truncates toward zero.
NSR-CORE-016	CORE_ALWAYS_ON	%	remainder	between expressions	infix	2	P140_MULTIPLICATIVE	left	%	core.numeric	Int operands in the current profile; future types require a Remainder protocol	Int or protocol-declared result	left then right exactly once	NO	zero divisor checked; result obeys the signed division identity	ACTIVE_CURRENT_INT	CANONICAL_INFIX	RF27 core; RF52-G47	In infix position `%` means remainder. Template placeholders and postfix percentage are separate contexts.
NSR-CORE-017	CORE_ALWAYS_ON	^	power	numeric or algebraic expression	infix	2	P160_POWER	right	^	core.numeric	Power protocol; initial core profiles Int^nonnegative-Int and Float-compatible powers	type-specific numeric/algebraic result	base then exponent exactly once	NO	checked overflow/domain policy; negative Int exponent requires explicit promotion	INACTIVE_CURRENT	APPROVED_CANONICAL	RF27-G14/G15/G16; RF46-G35/G36; RF52-G47/G48	Canonical exponentiation. It is intentionally not XOR.
NSR-CORE-018	CORE_ALWAYS_ON	+	unary plus	prefix numeric expression	prefix	1	P150_PREFIX	right	+	core.numeric	numeric operand	same type	operand exactly once	NO	invalid type rejected	INACTIVE_OR_PROFILE_LIMITED	APPROVED_CANONICAL	RF27 core; RF52-G47	Explicit numeric identity, primarily useful for generated and mathematical source.
NSR-CORE-019	CORE_ALWAYS_ON	-	unary negation	prefix numeric expression	prefix	1	P150_PREFIX	right	-	core.numeric	signed numeric operand or Negate protocol	same or declared result type	operand exactly once	NO	checked overflow for minimum signed integer	ACTIVE_CURRENT_INT	CANONICAL	RF27 core/G14; RF52-G47	Negates a value. Power binds more tightly: `-2 ^ 2` means `-(2 ^ 2)`.
NSR-CORE-020	CORE_ALWAYS_ON	!	logical NOT	prefix Boolean expression	prefix	1	P150_PREFIX	right	!	core.logic	Bool only	Bool	operand exactly once	NO	non-Bool rejected; no truthiness	ACTIVE_CURRENT	CANONICAL_PREFIX	RF27 core; RF52-G47	Boolean negation. Postfix factorial is a separate domain-gated context.
NSR-CORE-021	CORE_ALWAYS_ON	&&	logical AND	Boolean expression	infix	2	P090_AND	left	&&	core.logic	Bool and Bool	Bool	left once; right only when left is true	YES_RIGHT_LAZY	non-Bool rejected; no truthiness	ACTIVE_CURRENT	CANONICAL	RF27 core; RF52-G47	Short-circuit conjunction.
NSR-CORE-022	CORE_ALWAYS_ON	||	logical OR	Boolean expression	infix	2	P080_OR	left	||	core.logic	Bool and Bool	Bool	left once; right only when left is false	YES_RIGHT_LAZY	non-Bool rejected; no truthiness	ACTIVE_CURRENT	CANONICAL	RF27 core; RF52-G47	Short-circuit disjunction.
NSR-CORE-023	CORE_ALWAYS_ON	xor	typed XOR	Boolean, Int or Bytes expression	infix keyword	2	P100_XOR	left	xor	core.logic_bits	Bool/Bool, Int/Int or equal-length Bytes/Bytes	Bool, Int or Bytes matching the operand domain	left then right exactly once	NO	type/length mismatch rejected; no padding or truncation	METHOD_SUBSTRATE_ACTIVE_SYMBOL_INACTIVE	APPROVED_CANONICAL_ASCII	RF27-G01/G08; RF52-G47/G48	Canonical XOR spelling. Existing `bitXor()` remains an exact method form.
NSR-CORE-024	CORE_ALWAYS_ON	<	less than	ordered expression	infix	2	P120_RELATIONAL	non-associative	<	core.compare	same compatible Comparable domain	Bool	left then right exactly once	NO	unsupported comparison rejected	ACTIVE_CURRENT_INT	CANONICAL	RF27 core/G06; RF52-G47	Strict ordering. Chained comparisons are rejected; use explicit conjunction.
NSR-CORE-025	CORE_ALWAYS_ON	<=	less than or equal	ordered expression	infix	2	P120_RELATIONAL	non-associative	<=	core.compare	same compatible Comparable domain	Bool	left then right exactly once	NO	unsupported comparison rejected	ACTIVE_CURRENT_INT	CANONICAL	RF27 core/G06; RF52-G47	Inclusive upper-order comparison.
NSR-CORE-026	CORE_ALWAYS_ON	>	greater than	ordered expression	infix	2	P120_RELATIONAL	non-associative	>	core.compare	same compatible Comparable domain	Bool	left then right exactly once	NO	unsupported comparison rejected	ACTIVE_CURRENT_INT	CANONICAL	RF27 core/G06; RF52-G47	Strict reverse ordering.
NSR-CORE-027	CORE_ALWAYS_ON	>=	greater than or equal	ordered expression	infix	2	P120_RELATIONAL	non-associative	>=	core.compare	same compatible Comparable domain	Bool	left then right exactly once	NO	unsupported comparison rejected	ACTIVE_CURRENT_INT	CANONICAL	RF27 core/G06; RF52-G47	Inclusive lower-order comparison.
NSR-CORE-028	CORE_ALWAYS_ON	==	equality	equality expression	infix	2	P110_EQUALITY	non-associative	==	core.eq	same Eq domain; no implicit cross-type coercion	Bool	left then right exactly once	NO	unsupported equality rejected	ACTIVE_CURRENT_INT_BOOL_TEXT_BOUNDED	CANONICAL	RF27 core/G06; RF52-G47	Typed equality. Current-head Char uniformity must be replayed before extending claims.
NSR-CORE-029	CORE_ALWAYS_ON	!=	inequality	equality expression	infix	2	P110_EQUALITY	non-associative	!=	core.eq	same Eq domain	Bool	left then right exactly once	NO	unsupported equality rejected	ACTIVE_CURRENT_INT_BOOL_TEXT_BOUNDED	CANONICAL	RF27 core/G06; RF52-G47	Logical negation of typed equality without re-evaluating operands.
NSR-CORE-030	CORE_ALWAYS_ON	<=>	three-way comparison	ordered expression	infix	2	P120_RELATIONAL	non-associative	<=>	core.compare	same Comparable domain	Ordering { LESS, EQUAL, GREATER }	left then right exactly once	NO	unsupported domain rejected	INACTIVE_CURRENT	APPROVED_CANONICAL	RF27-G06; RF52-G47/G48	Returns a typed Ordering rather than an Int sentinel.
NSR-CORE-031	CORE_ALWAYS_ON	=	assignment statement	statement to an existing mutable lvalue	statement operator	2	P020_ASSIGNMENT	right/statement	=	core.mutation	mutable lvalue and type-compatible RHS	no value	target once, RHS once, one store on success	NO	zero store on rejection/failure	ACTIVE_CURRENT	CANONICAL_STATEMENT	RF27-G02/G04; RF52-G47	Assignment never creates a new binding and is not equality.
NSR-CORE-032	CORE_ALWAYS_ON	+=	checked add assignment	statement to an existing mutable numeric lvalue	statement operator	2	P020_ASSIGNMENT	right/statement	+=	core.mutation	mutable lvalue supporting Add and compatible RHS	no value	target once, old value once, RHS once, one store on success	NO	checked overflow; zero store on failure	ACTIVE_CURRENT_INT	CANONICAL	RF27-G02/G04; RF52-G47	Compound assignment with exactly-once lvalue and RHS evaluation.
NSR-CORE-033	CORE_ALWAYS_ON	-=	checked subtract assignment	statement to an existing mutable numeric lvalue	statement operator	2	P020_ASSIGNMENT	right/statement	-=	core.mutation	mutable lvalue supporting Subtract	no value	target once, old value once, RHS once, one store on success	NO	checked overflow; zero store on failure	ACTIVE_CURRENT_INT	CANONICAL	RF27-G02/G04; RF52-G47	Checked subtraction assignment.
NSR-CORE-034	CORE_ALWAYS_ON	*=	checked multiply assignment	statement to an existing mutable numeric lvalue	statement operator	2	P020_ASSIGNMENT	right/statement	*=	core.mutation	mutable lvalue supporting Multiply	no value	target once, old value once, RHS once, one store on success	NO	checked overflow; zero store on failure	INACTIVE_CURRENT	APPROVED_CANONICAL	RF27-G02/G04; RF52-G47	Future checked multiplication assignment.
NSR-CORE-035	CORE_ALWAYS_ON	/=	checked divide assignment	statement to an existing mutable numeric lvalue	statement operator	2	P020_ASSIGNMENT	right/statement	/=	core.mutation	mutable lvalue supporting Divide	no value	target once, old value once, RHS once, one store on success	NO	zero divisor/overflow checked; zero store on failure	INACTIVE_CURRENT	APPROVED_CANONICAL	RF27-G02/G04; RF52-G47	Future checked division assignment.
NSR-CORE-036	CORE_ALWAYS_ON	%=	checked remainder assignment	statement to an existing mutable Int-like lvalue	statement operator	2	P020_ASSIGNMENT	right/statement	%=	core.mutation	mutable lvalue supporting Remainder	no value	target once, old value once, RHS once, one store on success	NO	zero divisor checked; zero store on failure	INACTIVE_CURRENT	APPROVED_CANONICAL	RF27-G02/G04; RF52-G47	Future checked remainder assignment.
NSR-CORE-037	CORE_ALWAYS_ON	^=	checked power assignment	statement to an existing mutable power-capable lvalue	statement operator	2	P020_ASSIGNMENT	right/statement	^=	core.mutation	mutable lvalue supporting Power	no value	target once, old value once, exponent once, one store on success	NO	overflow/domain checked; zero store on failure	INACTIVE_CURRENT	APPROVED_CANONICAL	RF27-G02/G14; RF52-G47	Power assignment; XOR assignment uses no `^=` interpretation.
NSR-CORE-038	CORE_ALWAYS_ON	?	Result propagation	postfix on Result in a compatible Result-returning context	postfix	1	P170_POSTFIX	left	?	core.result	Result<T,E> with an enclosing compatible Result<_,E>	T on Ok; early return of the exact E on Err	operand once; cleanup exactly once before early return	YES_ERR_EARLY_RETURN	type/context mismatch diagnostic; no artifact on rejection	ACTIVE_CURRENT_BOUNDED	CANONICAL_CONTEXTUAL	RF27-G04/G05; RF52-G47	Propagates typed Result errors. It is not a ternary marker.
NSR-CORE-039	CORE_ALWAYS_ON	??	Option coalescing	infix on Option	infix	2	P050_COALESCE	right	??	core.option	Option<T> on the left and a T-compatible fallback on the right	T	left once; fallback only for None	YES_RIGHT_LAZY	type mismatch rejected	INACTIVE_CURRENT	APPROVED_CANONICAL	RF27-G05; RF52-G47/G48	Returns the contained value or lazily evaluates the fallback.
NSR-CORE-040	CORE_ALWAYS_ON	?.	Option-safe member/call chain	suffix on Option	postfix/contextual	1+	P180_SUFFIX	left	?.	core.option	Option<T> followed by a valid T member or call	Option<U>	receiver once; member/call only for Some	YES_CHAIN_LAZY	invalid member/type diagnostic	INACTIVE_CURRENT	APPROVED_CANONICAL	RF27-G03/G05; RF52-G47/G48	Safe Option chaining; it does not catch arbitrary errors.
NSR-CORE-041	CORE_ALWAYS_ON	??=	assign when None	statement to mutable Option lvalue	statement operator	2	P020_ASSIGNMENT	right/statement	??=	core.option_mutation	mutable Option<T> lvalue and T-compatible RHS	no value	target once; RHS only when None; one store on success	YES_RIGHT_LAZY	zero store on failure	INACTIVE_CURRENT	APPROVED_CANONICAL	RF27-G02/G05; RF52-G47/G48	Conditionally initializes a mutable Option without duplicating target evaluation.
NSR-CORE-042	CORE_ALWAYS_ON	%	typed percentage	immediately after a numeric expression without an intervening operator	postfix	1	P170_POSTFIX	left	%	core.quantity	exact numeric literal/value accepted by Percent constructor	Percent exact ratio scaled by 1/100	operand once	NO	range policy is type-defined; never silently becomes raw Float	INACTIVE_CURRENT	APPROVED_CANONICAL_POSTFIX	RF46-G35; RF52-G47/G48	Postfix `%` constructs a typed Percent. Infix `%` remains remainder.
NSR-CORE-043	CORE_ALWAYS_ON	…	inclusive range	between ordered endpoints	infix	2	P125_RANGE	non-associative	Range.inclusive	core.range	compatible ordered step-capable endpoints	Range<T> inclusive at both ends	start then end exactly once	NO	invalid direction/step handled by Range policy	RANGE_API_ACTIVE_SYMBOL_INACTIVE	APPROVED_CANONICAL	RF27-G06; RF52-G47/G48	Uses the single ellipsis U+2026 so ASCII `..` remains available for lateral flow.
NSR-CORE-044	CORE_ALWAYS_ON	…<	range excluding end	between ordered endpoints	infix	2	P125_RANGE	non-associative	Range.exclusiveEnd	core.range	compatible ordered step-capable endpoints	Range<T> including start and excluding end	start then end exactly once	NO	Range policy	INACTIVE_CURRENT	APPROVED_CANONICAL	RF27-G06; RF52-G47/G48	Half-open range `[start,end)`.
NSR-CORE-045	CORE_ALWAYS_ON	<…	range excluding start	between ordered endpoints	infix	2	P125_RANGE	non-associative	Range.exclusiveStart	core.range	compatible ordered step-capable endpoints	Range<T> excluding start and including end	start then end exactly once	NO	Range policy	INACTIVE_CURRENT	APPROVED_CANONICAL	RF27-G06; RF52-G47/G48	Half-open range `(start,end]`.
NSR-CORE-046	CORE_ALWAYS_ON	<…<	exclusive range	between ordered endpoints	infix	2	P125_RANGE	non-associative	Range.exclusive	core.range	compatible ordered step-capable endpoints	Range<T> excluding both ends	start then end exactly once	NO	Range policy	INACTIVE_CURRENT	APPROVED_CANONICAL	RF27-G06; RF52-G47/G48	Open range `(start,end)`.
NSR-CORE-047	CORE_ALWAYS_ON	..	lateral flow/tap	expression followed by a lateral block	special flow form	2	SPECIAL_LATERAL_FLOW	non-associative	..	core.flow	any receiver; first profile lends a shared read-only view to the block	the original receiver	receiver once; block once; block result discarded	NO	move/escape/mutation conflicts rejected; no hidden parallelism	INACTIVE_CURRENT	APPROVED_CANONICAL_BOUNDED	RF27-G03/G04; RF52-G47/G48	Observes or derives from a value without replacing the main pipeline receiver.
NSR-UA-001	UNICODE_ALIAS	−	Unicode minus	prefix or infix numeric expression	alias	1 or 2	SAME_AS_ASCII	same as `-`	-	core.numeric	same as ASCII `-`	same as ASCII `-`	identical lowering	NO	identical failure policy	INACTIVE_CURRENT	APPROVED_EXACT_ALIAS	RF52-G47/G48/G51	U+2212 is an exact source alias for ASCII hyphen-minus in operator context.
NSR-UA-002	UNICODE_ALIAS	÷	Unicode division	infix numeric expression	alias	2	SAME_AS_ASCII	left	/	core.numeric	same as `/`	same as `/`	identical lowering	NO	identical failure policy	INACTIVE_CURRENT	APPROVED_EXACT_ALIAS	RF52-G47/G48/G51	U+00F7 aliases `/`; U+2215 and other slash confusables do not.
NSR-UA-003	UNICODE_ALIAS	≤	Unicode less-or-equal	relational expression	alias	2	SAME_AS_ASCII	non-associative	<=	core.compare	same as `<=`	Bool	identical lowering	NO	identical diagnostics	INACTIVE_CURRENT	APPROVED_EXACT_ALIAS	RF52-G47/G48/G51	Exact alias for `<=`.
NSR-UA-004	UNICODE_ALIAS	≥	Unicode greater-or-equal	relational expression	alias	2	SAME_AS_ASCII	non-associative	>=	core.compare	same as `>=`	Bool	identical lowering	NO	identical diagnostics	INACTIVE_CURRENT	APPROVED_EXACT_ALIAS	RF52-G47/G48/G51	Exact alias for `>=`.
NSR-UA-005	UNICODE_ALIAS	≠	Unicode not-equal	equality expression	alias	2	SAME_AS_ASCII	non-associative	!=	core.eq	same as `!=`	Bool	identical lowering	NO	identical diagnostics	INACTIVE_CURRENT	APPROVED_EXACT_ALIAS	RF52-G47/G48/G51	Exact alias for `!=`; it is not symbolic inequivalence beyond typed inequality.
NSR-UA-006	UNICODE_ALIAS	∧	Unicode logical AND	Boolean expression	alias	2	SAME_AS_ASCII	left	&&	core.logic	Bool and Bool	Bool	same short-circuit as `&&`	YES_RIGHT_LAZY	same diagnostics	INACTIVE_CURRENT	APPROVED_EXACT_ALIAS	RF52-G47/G48/G51	Exact short-circuit alias for `&&`.
NSR-UA-007	UNICODE_ALIAS	∨	Unicode logical OR	Boolean expression	alias	2	SAME_AS_ASCII	left	||	core.logic	Bool and Bool	Bool	same short-circuit as `||`	YES_RIGHT_LAZY	same diagnostics	INACTIVE_CURRENT	APPROVED_EXACT_ALIAS	RF52-G47/G48/G51	Exact short-circuit alias for `||`.
NSR-UA-008	UNICODE_ALIAS	¬	Unicode logical NOT	prefix Boolean expression	alias	1	SAME_AS_ASCII	right	!	core.logic	Bool	Bool	identical lowering	NO	same diagnostics	INACTIVE_CURRENT	APPROVED_EXACT_ALIAS	RF52-G47/G48/G51	Exact alias for prefix logical `!`.
NSR-UA-009	UNICODE_ALIAS	⊻	Unicode XOR	Bool, Int or Bytes expression	alias	2	SAME_AS_ASCII	left	xor	core.logic_bits	same as `xor`	same as `xor`	identical lowering	NO	same diagnostics	INACTIVE_CURRENT	APPROVED_EXACT_ALIAS	RF27-G01; RF52-G47/G48/G51	Exact alias for the canonical ASCII keyword `xor`.
NSR-DOM-001	DOMAIN_GATED	√	square root	numeric/math profile	prefix	1	P150_PREFIX	right	sqrt()	std.math	Sqrt protocol or supported numeric/symbolic type	type-specific root or Result	operand once	NO	domain/precision policy is explicit	RUNTIME_SUBSTRATE_PARTIAL_SYMBOL_INACTIVE	APPROVED_DOMAIN_GATED	RF27-G14; RF46-G35/G36; RF52-G47/G48	Square-root operator; negative real input never silently becomes an untyped NaN.
NSR-DOM-002	DOMAIN_GATED	∛	cube root	numeric/math profile	prefix	1	P150_PREFIX	right	cubeRoot()	std.math	CubeRoot protocol	type-specific root or Result	operand once	NO	domain and precision explicit	INACTIVE_CURRENT	APPROVED_DOMAIN_GATED	RF27-G14; RF46-G35/G36; RF52-G47/G48	Cube root with exact/approximate behavior determined by the numeric type.
NSR-DOM-003	DOMAIN_GATED	∜	fourth root	numeric/math profile	prefix	1	P150_PREFIX	right	fourthRoot()	std.math	FourthRoot protocol	type-specific root or Result	operand once	NO	domain and precision explicit	INACTIVE_CURRENT	APPROVED_DOMAIN_GATED	RF46-G35/G36; RF52-G47/G48	Fourth root.
NSR-DOM-004	DOMAIN_GATED	!	factorial	postfix in combinatorics profile	postfix	1	P170_POSTFIX	left	factorial()	std.math.combinatorics	nonnegative integral domain or Factorial protocol	checked Int/BigInt/domain result	operand once	NO	negative input and overflow rejected or returned as typed failure	INACTIVE_CURRENT	APPROVED_DOMAIN_GATED_POSTFIX	RF46-G35; RF52-G47/G48	Postfix factorial; prefix `!` remains core logical NOT.
NSR-DOM-005	DOMAIN_GATED	∞	typed infinity literal	extended numeric, interval and calculus profiles	literal	0	LITERAL	N/A	inf	std.math.extended	context must admit infinity	Float infinity, unbounded interval endpoint or symbolic infinity	compile-time literal	NO	Int context rejected	INACTIVE_CURRENT	APPROVED_CONTEXTUAL_LITERAL	RF46-G35/G36; RF52-G47/G51	Infinity is contextual and never a universal untyped value.
NSR-DOM-006	DOMAIN_GATED	π	pi constant	math/angle profile	literal constant	0	LITERAL	N/A	PI	std.math.constants	context supporting the selected precision	typed constant	compile-time or canonical constant load	NO	precision profile explicit	INACTIVE_CURRENT	APPROVED_DOMAIN_GATED_CONSTANT	RF27-G14; RF46-G35; RF52-G47	Unicode constant alias with an ASCII `PI` name in the math module.
NSR-DOM-007	DOMAIN_GATED	τ	tau constant	math/angle profile	literal constant	0	LITERAL	N/A	TAU	std.math.constants	context supporting the selected precision	typed constant	compile-time or canonical constant load	NO	precision profile explicit	INACTIVE_CURRENT	APPROVED_DOMAIN_GATED_CONSTANT	RF27-G14; RF46-G35; RF52-G47	Circle constant equal to two pi in the selected precision domain.
NSR-DOM-008	DOMAIN_GATED	∑	summation binder	finite collection/range reduction	binder	1+	BINDER	N/A	sum()	std.math.reduce	finite iterable plus a summable mapped expression	type-specific sum or reduction report	domain once; iteration order explicit and deterministic by default	NO	overflow, cancellation and floating reduction policy explicit	NATIVE_SUBSTRATE_PARTIAL_SYMBOL_INACTIVE	APPROVED_DOMAIN_GATED_BINDER	RF27-G07/G10/G14/G16; RF52-G47/G49	Summation with a dedicated binder grammar; it never hides nondeterministic parallel reduction.
NSR-DOM-009	DOMAIN_GATED	∏	product binder	finite collection/range reduction	binder	1+	BINDER	N/A	product()	std.math.reduce	finite iterable plus multiplicative expression	type-specific product or reduction report	domain once; explicit deterministic order	NO	checked overflow and empty-domain identity policy	INACTIVE_CURRENT	APPROVED_DOMAIN_GATED_BINDER	RF27-G07/G14; RF52-G47/G49	Product reduction.
NSR-DOM-010	DOMAIN_GATED	±	value with symmetric uncertainty	measurement/interval profile	infix	2	P130_ADDITIVE	left	Uncertain(value, uncertainty)	std.measurement	compatible scalar value and nonnegative uncertainty	Uncertain<T> or Measurement<T>	left then right once	NO	invalid uncertainty rejected; propagation policy explicit	INACTIVE_CURRENT	APPROVED_DOMAIN_GATED	RF46-G35/G36; RF52-G47/G48	Constructs a typed uncertain value, not an implicit tuple of two branches.
NSR-DOM-011	DOMAIN_GATED	≈	approximate equality	numeric/measurement profile	infix with required tolerance contract	2+	P110_EQUALITY	non-associative	approxEquals(...)	std.math.approx	comparable approximate domain plus explicit tolerance or an uncertainty-bearing type	Bool	operands once; tolerance once	NO	hidden global epsilon forbidden	INACTIVE_CURRENT	APPROVED_DOMAIN_GATED	RF46-G35/G36; RF52-G47/G48	Approximate equality is valid only with explicit tolerance or intrinsic uncertainty.
NSR-DOM-012	DOMAIN_GATED	≉	not approximately equal	numeric/measurement profile	infix with required tolerance contract	2+	P110_EQUALITY	non-associative	!approxEquals(...)	std.math.approx	same as `≈`	Bool	operands once; tolerance once	NO	hidden epsilon forbidden	INACTIVE_CURRENT	APPROVED_DOMAIN_GATED	RF46-G35/G36; RF52-G47/G48	Typed negation of approximate equality.
NSR-DOM-013	DOMAIN_GATED	≡	symbolic or structural equivalence	symbolic/formal profile	infix	2	P110_EQUALITY	non-associative	equivalentTo()	std.symbolic	symbolic expressions or explicitly registered equivalence domain	Bool or ProofObligation	operands once	NO	must not collapse to ordinary `==`	INACTIVE_CURRENT	APPROVED_DOMAIN_GATED	RF46-G29/G35; RF52-G47	Represents semantic/symbolic equivalence, distinct from runtime typed equality.
NSR-DOM-014	DOMAIN_GATED	∣	divides	integer/number-theory profile	infix	2	P120_RELATIONAL	non-associative	divides()	std.math.number_theory	integral operands	Bool	left then right once	NO	zero divisor convention explicitly defined	INACTIVE_CURRENT	APPROVED_DOMAIN_GATED	RF46-G35; RF52-G47	Tests divisibility.
NSR-DOM-015	DOMAIN_GATED	∤	does not divide	integer/number-theory profile	infix	2	P120_RELATIONAL	non-associative	!divides()	std.math.number_theory	integral operands	Bool	left then right once	NO	same policy as `∣`	INACTIVE_CURRENT	APPROVED_DOMAIN_GATED	RF46-G35; RF52-G47	Negates divisibility.
NSR-DOM-016	DOMAIN_GATED	⌊x⌋	floor delimiters	numeric profile	delimited prefix/postfix pair	1	DELIMITER_OPERATOR	N/A	floor()	std.math.rounding	ordered fractional numeric value	integral or domain-declared result	operand once	NO	overflow/conversion policy explicit	INACTIVE_CURRENT	APPROVED_DOMAIN_GATED	RF27-G14; RF52-G47/G48	Mathematical floor delimiters.
NSR-DOM-017	DOMAIN_GATED	⌈x⌉	ceiling delimiters	numeric profile	delimited prefix/postfix pair	1	DELIMITER_OPERATOR	N/A	ceil()	std.math.rounding	ordered fractional numeric value	integral or domain-declared result	operand once	NO	overflow/conversion policy explicit	INACTIVE_CURRENT	APPROVED_DOMAIN_GATED	RF27-G14; RF52-G47/G48	Mathematical ceiling delimiters.
NSR-DOM-018	DOMAIN_GATED	∝	proportional to	symbolic/measurement profile	infix	2	P120_RELATIONAL	non-associative	proportionalTo()	std.symbolic	symbolic expressions, quantities or datasets with a declared proportionality model	Bool, relation or constraint	operands once	NO	model/units must be explicit	INACTIVE_CURRENT	APPROVED_DOMAIN_GATED	RF46-G29/G35; RF52-G47	Creates or tests a typed proportionality relation.
NSR-DOM-019	DOMAIN_GATED	°	degree suffix	angle/units profile	postfix	1	P170_POSTFIX	left	Angle.degrees()	std.units.angle	numeric value	Angle	operand once	NO	range normalization is type-defined	INACTIVE_CURRENT	APPROVED_DOMAIN_GATED_POSTFIX	RF46-G35/G41/G42; RF52-G47/G48	Constructs a typed angle, never a plain number.
NSR-DOM-020	DOMAIN_GATED	‰	per-mille suffix	ratio/units profile	postfix	1	P170_POSTFIX	left	PerMille()	std.units.ratio	exact numeric value	PerMille exact ratio scaled by 1/1000	operand once	NO	no implicit Float conversion	INACTIVE_CURRENT	APPROVED_DOMAIN_GATED_POSTFIX	RF46-G35; RF52-G47/G48	Typed per-mille ratio.
NSR-DOM-021	DOMAIN_GATED	‱	basis-point suffix	finance/ratio profile	postfix	1	P170_POSTFIX	left	BasisPoints()	std.units.ratio	exact numeric value	BasisPoints exact ratio scaled by 1/10000	operand once	NO	no implicit Float conversion	INACTIVE_CURRENT	APPROVED_DOMAIN_GATED_POSTFIX	RF46-G35; RF52-G47/G48	Typed basis-point ratio.
NSR-DOM-022	DOMAIN_GATED	°C	Celsius suffix	temperature/units profile	postfix unit suffix	1	P170_POSTFIX	left	Temperature.celsius()	std.units.temperature	numeric value	Temperature	operand once	NO	affine-unit arithmetic rules enforced	INACTIVE_CURRENT	APPROVED_DOMAIN_GATED_SUFFIX	RF46-G35/G41; RF52-G47/G48	Constructs an affine Celsius temperature.
NSR-DOM-023	DOMAIN_GATED	°F	Fahrenheit suffix	temperature/units profile	postfix unit suffix	1	P170_POSTFIX	left	Temperature.fahrenheit()	std.units.temperature	numeric value	Temperature	operand once	NO	affine-unit arithmetic rules enforced	INACTIVE_CURRENT	APPROVED_DOMAIN_GATED_SUFFIX	RF46-G35/G41; RF52-G47/G48	Constructs an affine Fahrenheit temperature.
NSR-DOM-024	DOMAIN_GATED	∈	membership	set/collection profile	infix	2	P120_RELATIONAL	non-associative	contains()	std.set	value and compatible Set/collection	Bool	container and value once	NO	type mismatch rejected	COLLECTION_SUBSTRATE_ACTIVE_SYMBOL_INACTIVE	APPROVED_DOMAIN_GATED	RF27-G08/G09; RF46-G30/G34; RF52-G47/G48	Tests whether a value belongs to a set or explicitly opted-in collection.
NSR-DOM-025	DOMAIN_GATED	∉	non-membership	set/collection profile	infix	2	P120_RELATIONAL	non-associative	!contains()	std.set	value and compatible Set/collection	Bool	container and value once	NO	same as membership	INACTIVE_CURRENT	APPROVED_DOMAIN_GATED	RF27-G08/G09; RF46-G30/G34; RF52-G47/G48	Negates membership.
NSR-DOM-026	DOMAIN_GATED	∪	set union	set profile	infix	2	P130_ADDITIVE	left	union()	std.set	compatible Set operands	Set	left then right once	NO	allocation/budget failure explicit	SET_SUBSTRATE_ACTIVE_SYMBOL_INACTIVE	APPROVED_DOMAIN_GATED	RF27-G08/G09; RF46-G30/G34; RF52-G47/G48	Returns the union without mutating either operand.
NSR-DOM-027	DOMAIN_GATED	∩	set intersection	set profile	infix	2	P140_MULTIPLICATIVE	left	intersection()	std.set	compatible Set operands	Set	left then right once	NO	allocation/budget failure explicit	SET_SUBSTRATE_ACTIVE_SYMBOL_INACTIVE	APPROVED_DOMAIN_GATED	RF27-G08/G09; RF46-G30/G34; RF52-G47/G48	Returns the intersection.
NSR-DOM-028	DOMAIN_GATED	∖	set difference	set profile	infix	2	P130_ADDITIVE	left	difference()	std.set	compatible Set operands	Set	left then right once	NO	allocation/budget failure explicit	INACTIVE_CURRENT	APPROVED_DOMAIN_GATED	RF27-G08/G09; RF46-G30/G34; RF52-G47/G48	Elements of the left set that are not in the right.
NSR-DOM-029	DOMAIN_GATED	△	symmetric difference	set profile	infix	2	P130_ADDITIVE	left	symmetricDifference()	std.set	compatible Set operands	Set	left then right once	NO	allocation/budget failure explicit	INACTIVE_CURRENT	APPROVED_DOMAIN_GATED	RF27-G08/G09; RF46-G30/G34; RF52-G47/G48	Elements present in exactly one operand.
NSR-DOM-030	DOMAIN_GATED	⊆	subset or equal	set profile	infix	2	P120_RELATIONAL	non-associative	isSubsetOf()	std.set	compatible Set operands	Bool	left then right once	NO	type mismatch rejected	INACTIVE_CURRENT	APPROVED_DOMAIN_GATED	RF27-G08/G09; RF46-G30/G34; RF52-G47/G48	Inclusive subset relation.
NSR-DOM-031	DOMAIN_GATED	⊂	proper subset	set profile	infix	2	P120_RELATIONAL	non-associative	isProperSubsetOf()	std.set	compatible Set operands	Bool	left then right once	NO	type mismatch rejected	INACTIVE_CURRENT	APPROVED_DOMAIN_GATED	RF27-G08/G09; RF46-G30/G34; RF52-G47/G48	Strict subset relation.
NSR-DOM-032	DOMAIN_GATED	⊇	superset or equal	set profile	infix	2	P120_RELATIONAL	non-associative	isSupersetOf()	std.set	compatible Set operands	Bool	left then right once	NO	type mismatch rejected	INACTIVE_CURRENT	APPROVED_DOMAIN_GATED	RF27-G08/G09; RF46-G30/G34; RF52-G47/G48	Inclusive superset relation.
NSR-DOM-033	DOMAIN_GATED	⊃	proper superset	set profile	infix	2	P120_RELATIONAL	non-associative	isProperSupersetOf()	std.set	compatible Set operands	Bool	left then right once	NO	type mismatch rejected	INACTIVE_CURRENT	APPROVED_DOMAIN_GATED	RF27-G08/G09; RF46-G30/G34; RF52-G47/G48	Strict superset relation.
NSR-DOM-034	DOMAIN_GATED	×	Cartesian product	set profile	infix	2	P140_MULTIPLICATIVE	left	cartesianProduct()	std.set	finite compatible Sets/collections	Set<Tuple<A,B>> or bounded product view	left then right once; pair order deterministic	NO	cardinality/budget checked	INACTIVE_CURRENT	APPROVED_DOMAIN_GATED	RF27-G08/G09; RF46-G30/G34; RF52-G47/G48	Cartesian product. In vector context the same code point means cross product via type-directed domain resolution.
NSR-DOM-035	DOMAIN_GATED	∅	empty set literal	set profile	literal	0	LITERAL	N/A	Set.empty()	std.set	context supplies the element type or an explicit type is required	Set<T>	compile-time literal	NO	ambiguous element type rejected	INACTIVE_CURRENT	APPROVED_DOMAIN_GATED_LITERAL	RF27-G08/G09; RF46-G30/G34; RF52-G47/G48	Typed empty set.
NSR-DOM-036	DOMAIN_GATED	·	dot/inner scalar product	vector/matrix profile	infix	2	P140_MULTIPLICATIVE	left	dot()	std.linalg	compatible vectors or algebraic structures with DotProduct	scalar or declared result	left then right once	NO	shape/type mismatch explicit	NATIVE_SUBSTRATE_ACTIVE_SYMBOL_INACTIVE	APPROVED_DOMAIN_GATED	RF27-G14/G15/G16/G17; RF46-G36; RF52-G47/G49	Dot product or type-declared inner scalar product.
NSR-DOM-037	DOMAIN_GATED	×	vector cross product	Vector3/geometry profile	infix	2	P140_MULTIPLICATIVE	left	cross()	std.linalg.geometry	compatible three-dimensional vectors	Vector3	left then right once	NO	dimension mismatch rejected	NATIVE_SUBSTRATE_PARTIAL_SYMBOL_INACTIVE	APPROVED_DOMAIN_GATED	RF27-G14/G15/G16/G17; RF46-G36; RF52-G47/G49	Cross product selected by the vector domain, not scalar multiplication.
NSR-DOM-038	DOMAIN_GATED	⊙	Hadamard product	matrix/tensor profile	infix	2	P140_MULTIPLICATIVE	left	hadamard()	std.linalg	equal-shape matrices/tensors	same-shape value	left then right once	NO	shape mismatch explicit	NATIVE_SUBSTRATE_ACTIVE_SYMBOL_INACTIVE	APPROVED_DOMAIN_GATED	RF27-G14/G15/G16/G17; RF46-G36; RF52-G47/G49	Elementwise product.
NSR-DOM-039	DOMAIN_GATED	⊗	tensor/Kronecker product	matrix/tensor profile	infix	2	P140_MULTIPLICATIVE	left	tensorProduct()	std.linalg	compatible vectors/matrices/tensors	higher-rank or Kronecker result	left then right once	NO	shape/size budget explicit	NATIVE_SUBSTRATE_PARTIAL_SYMBOL_INACTIVE	APPROVED_DOMAIN_GATED	RF27-G14/G15/G16/G17; RF46-G36; RF52-G47/G49	Tensor or Kronecker product according to operand types.
NSR-DOM-040	DOMAIN_GATED	⊕	direct sum	algebra/matrix profile	infix	2	P130_ADDITIVE	left	directSum()	std.linalg	compatible algebraic structures	direct-sum structure	left then right once	NO	shape/budget explicit	INACTIVE_CURRENT	APPROVED_DOMAIN_GATED	RF27-G14/G15/G16/G17; RF46-G36; RF52-G47/G49	Direct sum.
NSR-DOM-041	DOMAIN_GATED	ᵀ	transpose	matrix/tensor profile	postfix	1	P170_POSTFIX	left	transpose()	std.linalg	matrix or transpose-capable tensor/view	transposed view/value	operand once	NO	view ownership and shape explicit	NATIVE_SUBSTRATE_ACTIVE_SYMBOL_INACTIVE	APPROVED_DOMAIN_GATED_POSTFIX	RF27-G14/G15/G16/G17; RF46-G36; RF52-G47/G49	Postfix transpose.
NSR-DOM-042	DOMAIN_GATED	†	adjoint	complex linear-algebra profile	postfix	1	P170_POSTFIX	left	adjoint()	std.linalg.complex	complex matrix/operator	adjoint value/view	operand once	NO	unsupported scalar domain rejected	INACTIVE_CURRENT	APPROVED_DOMAIN_GATED_POSTFIX	RF27-G14/G15/G16/G17; RF46-G36; RF52-G47/G49	Conjugate transpose/adjoint.
NSR-DOM-043	DOMAIN_GATED	⁻¹	inverse	algebra/matrix profile	postfix	1	P170_POSTFIX	left	inverse()	std.linalg	invertible algebraic value	Result<T, SingularError> or exact inverse type	operand once	NO	singularity/conditioning explicit	NATIVE_SUBSTRATE_PARTIAL_SYMBOL_INACTIVE	APPROVED_DOMAIN_GATED_POSTFIX	RF27-G14/G15/G16/G17; RF46-G36; RF52-G47/G49	Postfix inverse; never silently produces invalid numeric data.
NSR-DOM-044	DOMAIN_GATED	‖x‖	norm delimiters	vector/matrix profile	delimited	1	DELIMITER_OPERATOR	N/A	norm()	std.linalg	norm-capable value	nonnegative scalar	operand once	NO	norm kind/default must be declared by type/profile	NATIVE_SUBSTRATE_PARTIAL_SYMBOL_INACTIVE	APPROVED_DOMAIN_GATED	RF27-G14/G15/G16/G17; RF46-G36; RF52-G47/G49	Mathematical norm delimiters.
NSR-DOM-045	DOMAIN_GATED	⟨u,v⟩	inner product delimiters	inner-product-space profile	delimited	2	DELIMITER_OPERATOR	N/A	innerProduct()	std.linalg	compatible values in a declared inner-product space	scalar	u then v once	NO	domain/shape mismatch explicit	INACTIVE_CURRENT	APPROVED_DOMAIN_GATED	RF27-G14/G15/G16/G17; RF46-G36; RF52-G47/G49	Inner-product notation.
NSR-DOM-046	DOMAIN_GATED	∘	function/operator composition	callable/algebra profile	infix	2	P145_COMPOSITION	right	compose()	std.functional	output of right callable compatible with input of left callable	composed callable	construction operands once; invocation follows callable order	NO	signature/effect incompatibility rejected	CALLABLE_SUBSTRATE_ACTIVE_SYMBOL_INACTIVE	APPROVED_DOMAIN_GATED	RF27-G03; RF52-G47/G48	Creates `f ∘ g`, which invokes g before f.
NSR-DOM-047	DOMAIN_GATED	⟂	orthogonality	linear/geometry profile	infix	2	P120_RELATIONAL	non-associative	isOrthogonalTo()	std.linalg.geometry	vectors/subspaces with explicit tolerance or exact domain	Bool	left then right once	NO	hidden tolerance forbidden	INACTIVE_CURRENT	APPROVED_DOMAIN_GATED	RF27-G14/G15/G16/G17; RF46-G36; RF52-G47/G49	Tests orthogonality.
NSR-DOM-048	DOMAIN_GATED	∥	parallel relation	geometry profile	infix	2	P120_RELATIONAL	non-associative	isParallelTo()	std.geometry	vectors/lines with explicit tolerance or exact domain	Bool	left then right once	NO	hidden tolerance forbidden	INACTIVE_CURRENT	APPROVED_DOMAIN_GATED	RF46-G42; RF52-G47/G48	Tests geometric parallelism.
NSR-DOM-049	DOMAIN_GATED	∫	integral binder	calculus profile	binder	1+	BINDER	N/A	integrate()	std.calculus	integrable callable/expression, explicit variable/domain, method and tolerance	IntegralResult<T>	domain and integrand follow the integration plan	NO	convergence/error/status explicit	NATIVE_INTEGRATION_SUBSTRATE_SYMBOL_INACTIVE	APPROVED_DOMAIN_GATED_BINDER	RF27-G14/G16/G21; RF46-G35/G36; RF52-G47/G49	Single integral. A naked Float result without convergence/error metadata is not the canonical contract.
NSR-DOM-050	DOMAIN_GATED	∬	double integral binder	multidimensional calculus profile	binder	2+	BINDER	N/A	integrate2D()	std.calculus	two-dimensional domain and integrand plan	IntegralResult<T>	explicit plan	NO	convergence/error explicit	INACTIVE_CURRENT	APPROVED_DOMAIN_GATED_BINDER	RF27-G14/G16/G21; RF46-G35/G36; RF52-G47/G49	Double integral.
NSR-DOM-051	DOMAIN_GATED	∭	triple integral binder	multidimensional calculus profile	binder	3+	BINDER	N/A	integrate3D()	std.calculus	three-dimensional domain and integrand plan	IntegralResult<T>	explicit plan	NO	convergence/error explicit	INACTIVE_CURRENT	APPROVED_DOMAIN_GATED_BINDER	RF27-G14/G16/G21; RF46-G35/G36; RF52-G47/G49	Triple integral.
NSR-DOM-052	DOMAIN_GATED	∮	contour integral binder	complex/vector calculus profile	binder	1+	BINDER	N/A	contourIntegrate()	std.calculus	oriented contour plus integrand	IntegralResult<T>	explicit contour order	NO	orientation/convergence explicit	INACTIVE_CURRENT	APPROVED_DOMAIN_GATED_BINDER	RF27-G14/G16/G21; RF46-G35/G36; RF52-G47/G49	Contour integral.
NSR-DOM-053	DOMAIN_GATED	∂	partial derivative	calculus/autodiff/symbolic profile	prefix/binder	2+	BINDER	N/A	partial()	std.calculus	differentiable expression/function and selected variable	derivative expression/value/report	arguments once	NO	unsupported differentiability explicit	AUTODIFF_SUBSTRATE_ACTIVE_SYMBOL_INACTIVE	APPROVED_DOMAIN_GATED	RF27-G14/G16/G21; RF46-G35/G36; RF52-G47/G49	Partial derivative.
NSR-DOM-054	DOMAIN_GATED	∇	gradient	vector calculus/autodiff profile	prefix	1	P150_PREFIX	right	gradient()	std.calculus	scalar field over a declared coordinate space	vector field	operand once	NO	dimension/domain explicit	AUTODIFF_SUBSTRATE_ACTIVE_SYMBOL_INACTIVE	APPROVED_DOMAIN_GATED	RF27-G14/G16/G21; RF46-G35/G36; RF52-G47/G49	Gradient.
NSR-DOM-055	DOMAIN_GATED	∇·	divergence	vector calculus profile	prefix compound	1	P150_PREFIX	right	divergence()	std.calculus	vector field	scalar field	operand once	NO	dimension/domain explicit	INACTIVE_CURRENT	APPROVED_DOMAIN_GATED	RF27-G14/G16/G21; RF46-G35/G36; RF52-G47/G49	Divergence; maximal-munch compound token in calculus context.
NSR-DOM-056	DOMAIN_GATED	∇×	curl	vector calculus profile	prefix compound	1	P150_PREFIX	right	curl()	std.calculus	three-dimensional vector field or declared curl domain	vector/scalar domain result	operand once	NO	dimension/domain explicit	INACTIVE_CURRENT	APPROVED_DOMAIN_GATED	RF27-G14/G16/G21; RF46-G35/G36; RF52-G47/G49	Curl/rotational.
NSR-DOM-057	DOMAIN_GATED	Δ	Laplacian	calculus/PDE profile	prefix	1	P150_PREFIX	right	laplacian()	std.calculus	twice-differentiable scalar/vector field	field result	operand once	NO	boundary/discretization or symbolic policy explicit	PDE_SUBSTRATE_PARTIAL_SYMBOL_INACTIVE	APPROVED_DOMAIN_GATED	RF27-G14/G16/G21; RF46-G35/G36; RF52-G47/G49	Laplacian.
NSR-DOM-058	DOMAIN_GATED	∼	distributed as	probability model profile	infix declaration/relation	2	SPECIAL_PROBABILITY	non-associative	distributedAs()	std.probability	random variable/model symbol and Distribution	typed probabilistic relation/binding	left then distribution once	NO	shape/support mismatch explicit	DISTRIBUTION_SUBSTRATE_ACTIVE_SYMBOL_INACTIVE	APPROVED_DOMAIN_GATED	RF27-G14; RF46-G37; RF52-G47/G48/G49	Declares or states a distributional relation.
NSR-DOM-059	DOMAIN_GATED	⫫	probabilistic independence	probability model profile	infix	2	P120_RELATIONAL	non-associative	independentOf()	std.probability	random variables or variable sets	Bool, constraint or model relation	left then right once	NO	model context required	INACTIVE_CURRENT	APPROVED_DOMAIN_GATED	RF27-G14; RF46-G37; RF52-G47/G48/G49	Independence relation.
NSR-DOM-060	DOMAIN_GATED	|	conditional probability separator	inside `P(...)` probability grammar only	contextual separator	2	PROBABILITY_GRAMMAR	N/A	conditionalOn()	std.probability	event/expression pair inside a probability construct	conditional event/probability expression	context-defined	NO	outside the probability grammar it is not activated	INACTIVE_CURRENT	APPROVED_DOMAIN_GATED_CONTEXTUAL	RF27-G14; RF46-G37; RF52-G47/G48/G49	Separates event and condition only inside a dedicated probability grammar.
NSR-DOM-061	DOMAIN_GATED	∀	universal quantifier	contract/solver/formal profile	binder	1+	BINDER	N/A	forAll()	std.logic	finite or proof-bounded domain plus predicate	Bool, Constraint or ProofObligation	domain once; predicate under solver rules	NO	budgets and undecided status explicit	INACTIVE_CURRENT	APPROVED_DOMAIN_GATED_BINDER	RF46-G29/G30; RF52-G47/G48	Universal quantification.
NSR-DOM-062	DOMAIN_GATED	∃	existential quantifier	contract/solver/formal profile	binder	1+	BINDER	N/A	exists()	std.logic	finite or proof-bounded domain plus predicate	Bool, Constraint or ProofResult	domain once; search bounded	NO	SAT/UNSAT/UNKNOWN/TIMEOUT explicit	INACTIVE_CURRENT	APPROVED_DOMAIN_GATED_BINDER	RF46-G29/G30; RF52-G47/G48	Existential quantification.
NSR-DOM-063	DOMAIN_GATED	∄	non-existence quantifier	contract/solver/formal profile	binder	1+	BINDER	N/A	notExists()	std.logic	finite or proof-bounded domain plus predicate	Bool, Constraint or ProofResult	domain once; search bounded	NO	UNKNOWN/TIMEOUT distinct from proof	INACTIVE_CURRENT	APPROVED_DOMAIN_GATED_BINDER	RF46-G29/G30; RF52-G47/G48	States that no witness exists.
NSR-DOM-064	DOMAIN_GATED	⇒	logical implication	formal logic/contract profile	infix	2	P070_IMPLICATION	right	implies	std.logic	Bool/Constraint operands	Bool or Constraint	left once; right may be solver-lazy, never ordinary hidden effects	CONTEXTUAL	solver status explicit	INACTIVE_CURRENT	APPROVED_DOMAIN_GATED	RF46-G29/G30; RF52-G47/G48	Implication, separate from graph arrows and match arrows.
NSR-DOM-065	DOMAIN_GATED	⇔	logical equivalence	formal logic/contract profile	infix	2	P060_EQUIVALENCE	non-associative	iff	std.logic	Bool/Constraint operands	Bool or Constraint	operands once	NO	solver status explicit	INACTIVE_CURRENT	APPROVED_DOMAIN_GATED	RF46-G29/G30; RF52-G47/G48	If-and-only-if relation.
NSR-DOM-066	DOMAIN_GATED	⊢	provability relation	proof profile	infix/sequent	2+	PROOF_GRAMMAR	N/A	proves()	std.proof	proof context and proposition	ProofResult	proof engine rules	NO	UNKNOWN is not PASS	INACTIVE_CURRENT	APPROVED_DOMAIN_GATED	RF46-G29/G30; RF52-G47/G48	Syntactic derivability/provability.
NSR-DOM-067	DOMAIN_GATED	⊨	semantic satisfaction	model-checking profile	infix	2	PROOF_GRAMMAR	N/A	satisfies()	std.model	model and property	ModelCheckResult	bounded model evaluation	NO	counterexample/unknown/timeout explicit	INACTIVE_CURRENT	APPROVED_DOMAIN_GATED	RF46-G29/G30; RF52-G47/G48	Semantic satisfaction.
NSR-DOM-068	DOMAIN_GATED	⊼	NAND	formal Boolean profile	infix	2	P090_AND	left	nand	std.logic	Bool operands	Bool	both operands exactly once	NO	non-Bool rejected	INACTIVE_CURRENT	APPROVED_DOMAIN_GATED	RF46-G29/G30; RF52-G47/G48	Boolean NAND; unlike `&&`, it does not short-circuit.
NSR-DOM-069	DOMAIN_GATED	⊽	NOR	formal Boolean profile	infix	2	P080_OR	left	nor	std.logic	Bool operands	Bool	both operands exactly once	NO	non-Bool rejected	INACTIVE_CURRENT	APPROVED_DOMAIN_GATED	RF46-G29/G30; RF52-G47/G48	Boolean NOR; unlike `||`, it does not short-circuit.
NSR-DOM-070	DOMAIN_GATED	→	directed relation/edge	graph profile only	infix declaration	2	GRAPH_GRAMMAR	non-associative	directedEdgeTo()	std.graph	compatible nodes/states	Edge/Transition	left then right once	NO	duplicate/cycle policy graph-specific	GRAPH_SUBSTRATE_ACTIVE_SYMBOL_INACTIVE	APPROVED_DOMAIN_GATED	RF27-G09; RF46-G34/G45; RF52-G47/G48	Directed graph edge. It is not the ASCII `->` match/signature separator.
NSR-DOM-071	DOMAIN_GATED	↔	bidirectional relation/edge	graph profile only	infix declaration	2	GRAPH_GRAMMAR	non-associative	bidirectionalEdge()	std.graph	compatible nodes	edge pair or bidirectional edge	left then right once	NO	graph policy explicit	INACTIVE_CURRENT	APPROVED_DOMAIN_GATED	RF27-G09; RF46-G34/G45; RF52-G47/G48	Bidirectional graph relation.
NSR-DOM-072	DOMAIN_GATED	⇢	asynchronous/dataflow edge	workflow/dataflow profile	infix declaration	2	GRAPH_GRAMMAR	non-associative	asyncEdgeTo()	std.workflow	compatible stages/endpoints	typed asynchronous edge	construction only; runtime effects declared separately	NO	backpressure/capability policy explicit	INACTIVE_CURRENT	APPROVED_DOMAIN_GATED	RF27-G09; RF46-G34/G45; RF52-G47/G48	Asynchronous or dataflow connection.
NSR-DOM-073	DOMAIN_GATED	⟶	state transition	statechart/workflow profile	infix declaration	2	GRAPH_GRAMMAR	non-associative	transitionTo()	std.statechart	states and optional transition metadata	Transition	construction once	NO	guards/effects explicit	INACTIVE_CURRENT	APPROVED_DOMAIN_GATED	RF27-G09; RF46-G34/G45; RF52-G47/G48	State transition notation.
NSR-DOM-074	DOMAIN_GATED	⧺	Text concatenation	Text profile	infix	2	P130_ADDITIVE	left	concat()	std.text	Text and Text	Text	left then right once	NO	allocation/length/Unicode metadata policy explicit	INACTIVE_CURRENT	APPROVED_DOMAIN_GATED	RF84-G53/G59/G60/G61/G64/G65/G83; RF52-G47/G48	Unambiguous Text concatenation without numeric coercion.
NSR-DOM-075	DOMAIN_GATED	=~	pattern/regex match	bounded regex profile	infix	2	P110_EQUALITY	non-associative	matches()	std.regex	Text and compiled/bounded Pattern	Bool or MatchResult depending on explicit form	text then pattern once	NO	step/depth/memory budgets; catastrophic pattern fails closed	INACTIVE_CURRENT	APPROVED_DOMAIN_GATED	RF84-G53/G59/G60/G61/G64/G65/G83; RF52-G47/G48	Bounded pattern match.
NSR-DOM-076	DOMAIN_GATED	!~	pattern/regex non-match	bounded regex profile	infix	2	P110_EQUALITY	non-associative	!matches()	std.regex	Text and Pattern	Bool	text then pattern once	NO	same budgets as `=~`	INACTIVE_CURRENT	APPROVED_DOMAIN_GATED	RF84-G53/G59/G60/G61/G64/G65/G83; RF52-G47/G48	Negated bounded pattern match.
NSR-DOM-077	DOMAIN_GATED	${...}	Text interpolation	inside interpolated Text literals only	embedded expression	1	TEXT_TEMPLATE_GRAMMAR	N/A	FormatPlan interpolation	std.text.format	pure expression accepted by the interpolation profile	Text segment/FormatPlan value	left-to-right exactly once	NO	compile-time type/format diagnostics	INACTIVE_CURRENT	APPROVED_DOMAIN_GATED_AFTER_FORMATPLAN	RF84-G53/G59/G60/G61/G64/G65/G83; RF52-G47/G48	Syntax B from RF84; lowers to the same FormatPlan as `.format(...)`.
NSR-DOM-078	DOMAIN_GATED	%s/%d/%f/%b/%%	typed format placeholders	inside validated format Text only	template token	N	TEXT_TEMPLATE_GRAMMAR	N/A	Text.format(...)	std.text.format	placeholder/argument types and counts must match	FormatPlan/Text	arguments left-to-right exactly once	NO	compile-time for literal templates; Result for dynamic templates	INACTIVE_CURRENT	APPROVED_DOMAIN_GATED	RF84-G53/G59/G60/G61/G64/G65/G83; RF52-G47/G48	Percent tokens inside a format template are not arithmetic `%` operators.
NSR-DOM-079	DOMAIN_GATED	/name{...}	Slash render directive	inside Slash-enabled Text/RenderPlan templates only	template directive	1+	TEXT_TEMPLATE_GRAMMAR	N/A	RenderPlan directive	std.render.slash	registered bounded directive and validated body/options	RenderPlan node with plain fallback	template order	NO	unknown directive policy explicit; anti-Turing limits	INACTIVE_CURRENT	APPROVED_DOMAIN_GATED	RF84-G53/G59/G60/G61/G64/G65/G83; RF52-G47/G48	Semantic rendering directive; outside a Slash template `/` remains division.
NSR-DOM-080	DOMAIN_GATED	@	annotation/metadata introducer	declaration/metadata profile	prefix annotation	1+	DECLARATION_GRAMMAR	N/A	@	std.meta	registered annotation and typed arguments	metadata attached to a declaration/node	compile-time only unless the annotation explicitly declares generated runtime metadata	NO	unknown/invalid annotation diagnostic	INACTIVE_CURRENT_OR_RESERVED	APPROVED_DOMAIN_GATED	RF46-G28; RF52-G47/G48	Introduces typed metadata; it is never a free arithmetic operator.
NSR-RES-001	RESERVED	<.	reverse flow	future flow expression	infix	2	UNASSIGNED	non-associative	N/A	future.flow	unfrozen	unfrozen	unfrozen	NO	stable reserved diagnostic	INACTIVE_CURRENT	RESERVED_SEMANTICS_NOT_FROZEN	RF27-G03/G04; future decision	Historical parse-only idea; no executable semantics are frozen in this registry.
NSR-RES-002	RESERVED	<.>	bidirectional flow/binding	future endpoint relation	infix	2	UNASSIGNED	non-associative	N/A	future.flow	unfrozen	unfrozen	unfrozen	NO	stable reserved diagnostic	INACTIVE_CURRENT	RESERVED_SEMANTICS_NOT_FROZEN	RF27-G13; RF46-G31/G33/G45	Reserved until synchronization, ownership, causality and failure semantics are separately frozen.
NSR-RES-003	RESERVED	...	ellipsis/spread/rest/varargs	general source	contextual	N	UNASSIGNED	N/A	N/A	future.syntax	unfrozen	unfrozen	N/A	NO	stable reserved diagnostic	INACTIVE_CURRENT	RESERVED	RF52-G47/G48	Does not activate spread, rest, varargs or a range.
NSR-RES-004	RESERVED	::	qualified path separator	module/namespace path	infix path separator	2	TYPE_OR_PATH_GRAMMAR	left	N/A	future.modules	unfrozen path/name rules	qualified symbol	compile-time	NO	stable reserved diagnostic	INACTIVE_CURRENT	RESERVED	RF27-G03; RF52-G47/G48	Reserved because current modules do not require a second public path syntax.
NSR-RES-005	RESERVED	#	hash-prefixed syntax	outside Text/comments	prefix/contextual	N	UNASSIGNED	N/A	N/A	future.syntax	unfrozen	unfrozen	N/A	NO	stable reserved diagnostic	INACTIVE_CURRENT	RESERVED	RF84/RF116; future lexer decision	Held for one future purpose only; no implicit debug, comment, color or template semantics.
NSR-RES-006	RESERVED	#RRGGBB	hash Color literal	future Color literal	literal	0	LITERAL	N/A	"Color.hex(""#RRGGBB"")"	future.color	Color context	Color	compile-time	NO	stable reserved diagnostic and quick fix	INACTIVE_CURRENT	RESERVED	RF116-G87/G88; RF52-G47/G48	Reserved until a dedicated lexer contract exists; explicit `Color.hex()` remains the safe form.
NSR-RES-007	RESERVED	$	dollar syntax outside interpolation	general source	prefix/contextual	N	UNASSIGNED	N/A	N/A	future.syntax	unfrozen	unfrozen	N/A	NO	stable reserved diagnostic	INACTIVE_CURRENT	RESERVED_OUTSIDE_TEXT_INTERPOLATION	RF84-G61; RF52-G47	Only `${...}` inside an interpolation-enabled Text literal may eventually use dollar.
NSR-RES-008	RESERVED	`...`	backtick literal/template	future raw/tagged template	delimited	N	TEXT_GRAMMAR	N/A	N/A	future.text	unfrozen	Text/template	source order	NO	stable reserved diagnostic	INACTIVE_CURRENT	RESERVED	RF84-G63; RF52-G47/G48	Reserved until raw, multiline and tagged literal grammar is frozen.
NSR-RES-009	RESERVED	/*...*/	block comment	lexer outside literals	lexical	N	LEXICAL	N/A	N/A	future.lexer	comment bytes	no tokens	lexical	NO	current explicit unsupported diagnostic	UNSUPPORTED_CURRENT	RESERVED_FOR_FUTURE	RF52-G47/G48	Line comments are canonical; block comments remain reserved, not silently ignored.
NSR-RES-010	RESERVED	&	infix bitwise AND	general expression	infix	2	UNASSIGNED	left	bitAnd()	future.bits	Int/Bytes candidate	candidate	left then right once	NO	reserved diagnostic	METHOD_ACTIVE_SYMBOL_INACTIVE	RESERVED_TO_AVOID_CONTEXT_COLLISION	RF27-G01; RF52-G47/G48	Existing method-based bitwise API is preserved while `&` also remains available for a future unsafe/reference decision.
NSR-RES-011	RESERVED	|	infix bitwise OR/or-pattern	general expression or pattern	infix/contextual	2	UNASSIGNED	left	bitOr()	future.bits_patterns	unfrozen	unfrozen	left then right once	NO	reserved diagnostic outside approved domain grammar	METHOD_ACTIVE_SYMBOL_INACTIVE	RESERVED_TO_AVOID_CONTEXT_COLLISION	RF27-G01/G05; RF52-G47/G48	Reserved because bitwise OR, or-patterns and conditional probability compete for the same code point.
NSR-RES-012	RESERVED	~	prefix bitwise NOT	general expression	prefix	1	UNASSIGNED	right	bitNot()	future.bits	Int candidate	Int candidate	operand once	NO	reserved diagnostic	METHOD_ACTIVE_SYMBOL_INACTIVE	RESERVED	RF27-G01; RF52-G47/G48	Method form remains canonical until infix/prefix bitwise syntax is intentionally activated.
NSR-RES-013	RESERVED	<<	shift left symbol	general expression	infix	2	UNASSIGNED	left	shiftLeft()	future.bits	Int and bounded shift count candidate	Int	left then count once	NO	reserved diagnostic	METHOD_ACTIVE_SYMBOL_INACTIVE	RESERVED	RF27-G01; RF52-G47/G48	Existing bounded method semantics are not automatically exposed as an infix operator.
NSR-RES-014	RESERVED	>>	shift right symbol	general expression	infix	2	UNASSIGNED	left	shiftRight()	future.bits	Int and bounded shift count candidate	Int	left then count once	NO	reserved diagnostic	METHOD_ACTIVE_SYMBOL_INACTIVE	RESERVED	RF27-G01; RF52-G47/G48	Reserved until signed/logical right-shift profiles are unified beyond the current method contract.
NSR-RES-015	RESERVED	expr[index]	general bracket indexing	expression suffix	postfix	2	P180_SUFFIX	left	at()/get()	future.collections	indexable receiver and typed index	element or Option<Element>	receiver then index once	NO	bounds policy must be explicit	INACTIVE_CURRENT_USE_AT	RESERVED	RF27-G06/G07/G10; RF52-G47/G48	General indexing remains RESERVED. NSR-RES-015-COMPAT-1.0.1 separately preserves bound immutable Array<Int,4> with a constant Int index; `.at()` is canonical. See NSR-RES-015-PUBLIC-1.0.1-COMPATIBILITY.json.
NSR-RES-016	RESERVED	a:b	slice colon inside brackets	future slice grammar	contextual	2+	UNASSIGNED	N/A	slice()	future.collections	sliceable receiver and bounded indices	Slice	indices once	NO	bounds/step policy required	INACTIVE_CURRENT	RESERVED	RF27-G01/G06/G07; RF52-G47/G48	Reserved to avoid colliding with type and named-argument colon until a slice grammar is frozen.
NSR-RES-017	RESERVED	&expr	address/reference prefix	unsafe/FFI future profile	prefix	1	UNASSIGNED	right	explicit borrow/address API	future.unsafe	lvalue with capability and lifetime proof	typed reference/address	operand place once	NO	unsafe capability required	INACTIVE_CURRENT	RESERVED_UNSAFE	RF27-G04; RF46-G44/G46; RF52-G51	Never active in the safe core without an explicit unsafe/FFI contract.
NSR-RES-018	RESERVED	*expr	dereference prefix	unsafe/FFI future profile	prefix	1	UNASSIGNED	right	explicit dereference API	future.unsafe	typed reference/pointer with capability	referent/place	pointer once	NO	null/alignment/lifetime checked	INACTIVE_CURRENT	RESERVED_UNSAFE	RF27-G04; RF46-G44/G46; RF52-G51	Binary `*` remains core multiplication; prefix dereference is reserved.
NSR-RES-019	RESERVED	λ	lambda introducer	future callable syntax	prefix/binder	1+	CALLABLE_GRAMMAR	N/A	existing callable/lambda syntax	future.functional	parameter list and body	callable	compile-time construction; captures once	NO	capture/effect policy required	CALLABLE_SUBSTRATE_ACTIVE_SYMBOL_INACTIVE	RESERVED	RF27-G03; RF52-G47/G48	Reserved because the existing callable syntax should not be duplicated without a migration decision.
NSR-RES-020	RESERVED	↦	mapping arrow	future binder/comprehension syntax	infix/binder	2	UNASSIGNED	right	map()	future.functional	unfrozen	unfrozen	unfrozen	NO	reserved diagnostic	INACTIVE_CURRENT	RESERVED	RF27-G03/G07; RF52-G47/G48	Reserved for a possible mathematically styled mapping syntax.
NSR-RES-021	RESERVED	|x|	absolute-value delimiters	future numeric grammar	delimited	1	UNASSIGNED	N/A	abs()	future.math	numeric value	nonnegative numeric value	operand once	NO	reserved diagnostic	INACTIVE_CURRENT	RESERVED_DUE_BAR_AMBIGUITY	RF27-G14; RF52-G47/G48	Reserved because `|` already competes with patterns, probability and potential bitwise syntax.
NSR-RES-022	RESERVED	≔	definition symbol	future specification/proof grammar	infix	2	UNASSIGNED	right	definition construct	future.spec	unfrozen	unfrozen	compile-time	NO	reserved diagnostic	INACTIVE_CURRENT	RESERVED	RF46-G29; RF52-G47/G48	Reserved for formal definitions; not assignment or binding.
NSR-RES-023	RESERVED	∴ / ∵	therefore/because proof symbols	future proof prose/grammar	contextual	N	UNASSIGNED	N/A	proof narrative APIs	future.proof	unfrozen	proof narrative	compile-time	NO	reserved diagnostic	INACTIVE_CURRENT	RESERVED	RF46-G29; RF52-G47	Reserved for proof-report notation, not executable core expressions.
NSR-REJ-001	REJECTED	|>	alternative pipeline	general expression	infix	2	N/A	N/A	.	core.flow	N/A	N/A	N/A	NO	diagnostic with quick fix to receiver-first dot flow	INACTIVE_CURRENT	REJECTED_PERMANENT	RF52-G47/G48	Rejected because `.` is the canonical Nebo pipeline.
NSR-REJ-002	REJECTED	<->	alternative bidirectional arrow	general expression	infix	2	N/A	N/A	<.> if ever activated	future.flow	N/A	N/A	N/A	NO	diagnostic	INACTIVE_CURRENT	REJECTED_ALTERNATIVE	RF52-G47/G48	Rejected spelling; the historical candidate is `<.>`, itself still RESERVED.
NSR-REJ-003	REJECTED	**	alternative power	numeric expression	infix	2	N/A	N/A	^	core.numeric	N/A	N/A	N/A	NO	quick fix to `^`	INACTIVE_CURRENT	REJECTED_ALTERNATIVE	RF52-G47/G48	Rejected because `^` is the canonical power operator.
NSR-REJ-004	REJECTED	^ as XOR	XOR interpretation of caret	logic/bit expression	semantic reinterpretation	2	N/A	N/A	xor / ⊻ / bitXor()	core.logic_bits	N/A	N/A	N/A	NO	typed diagnostic explaining power versus XOR	INACTIVE_CURRENT_INFIX	REJECTED_SEMANTIC_INTERPRETATION	RF27-G01; RF52-G47/G48	Caret is power only; XOR uses `xor`, `⊻` or the existing method.
NSR-REJ-005	REJECTED	++	increment	prefix/postfix mutation	prefix/postfix	1	N/A	N/A	+= 1	core.mutation	N/A	N/A	N/A	NO	quick fix where semantics are safe	INACTIVE_CURRENT	REJECTED	RF27-G02; RF52-G47/G48	Rejected to keep mutation explicit and exactly-once.
NSR-REJ-006	REJECTED	--	decrement	prefix/postfix mutation	prefix/postfix	1	N/A	N/A	-= 1	core.mutation	N/A	N/A	N/A	NO	quick fix where semantics are safe	INACTIVE_CURRENT	REJECTED	RF27-G02; RF52-G47/G48	Rejected to avoid C-style value-before/value-after ambiguity.
NSR-REJ-007	REJECTED	cond ? a : b	C-style ternary	general expression	ternary	3	N/A	right	if/else or a typed conditional method	core.control	N/A	N/A	N/A	CONDITIONAL	dedicated unsupported-ternary diagnostic	INACTIVE_CURRENT_REJECTED_WITH_IMPRECISE_SNAPSHOT_DIAGNOSTIC	REJECTED	RF27-G02; RF52-G47/G48	Rejected in favor of explicit flow-first conditional constructs.
NSR-REJ-008	REJECTED	a ?: b	Elvis operator	general expression	binary/ternary shorthand	2	N/A	right	?? for Option or explicit conditional	core.option	N/A	N/A	N/A	CONDITIONAL	diagnostic	INACTIVE_CURRENT	REJECTED	RF27-G05; RF52-G47/G48	Rejected because `??` has a precise Option meaning.
NSR-REJ-009	REJECTED	:=	definition/assignment operator	binding or assignment	infix	2	N/A	right	value.name; or target = value;	core.binding	N/A	N/A	N/A	NO	quick fix based on context	INACTIVE_CURRENT	REJECTED	RF27-G02; RF52-G47/G48	Rejected because Nebo already separates value-first binding from assignment.
NSR-REJ-010	REJECTED	(a, b, c) as comma operator	free comma sequencing	general expression	infix	2+	N/A	left	explicit block or pipeline	core.control	N/A	N/A	N/A	NO	diagnostic	INACTIVE_CURRENT	REJECTED	RF27-G02/G03; RF52-G47/G48	Comma remains a separator and never discards intermediate expression results as an operator.
NSR-REJ-011	REJECTED	= as equality	single-equals comparison	comparison expression	infix	2	N/A	N/A	==	core.eq	N/A	N/A	N/A	NO	quick fix to `==` when no assignment is intended	INACTIVE_AS_EQUALITY	REJECTED	RF27-G02; RF52-G47/G48	Single equals is assignment only.
NSR-REJ-012	REJECTED	<>	legacy inequality	comparison expression	infix	2	N/A	N/A	!=	core.eq	N/A	N/A	N/A	NO	quick fix to `!=`	INACTIVE_CURRENT	REJECTED	RF52-G47/G48	Rejected legacy spelling.
NSR-REJ-013	REJECTED	and / or / not	textual logical operators	Boolean expression	keyword operators	1 or 2	N/A	N/A	&& / || / !	core.logic	N/A	N/A	N/A	N/A	quick fix to canonical symbols	HISTORICAL_ONLY	REJECTED_PUBLIC_ALIAS	RF52-G47/G48	Rejected to keep one ASCII core spelling plus optional mathematical Unicode aliases.
NSR-REJ-014	REJECTED	!!	force unwrap or double factorial	general expression	postfix	1	N/A	N/A	unwrapUnsafe() or doubleFactorial()	core.result_math	N/A	N/A	N/A	NO	diagnostic requiring explicit intent	INACTIVE_CURRENT	REJECTED_AMBIGUOUS	RF27-G05; RF46-G35; RF52-G47/G48	Rejected because force unwrap and double factorial are incompatible meanings.
NSR-REJ-015	REJECTED	// as integer division	integer-division operator	numeric expression	infix	2	N/A	N/A	/	core.numeric	N/A	N/A	N/A	NO	lexer treats it as a comment	IMPOSSIBLE_BY_CURRENT_LEXER	REJECTED	RF52-G47	Line comments permanently own `//`; integer division uses `/` with typed operands.
NSR-REJ-016	REJECTED	=>	alternative match/lambda arrow	match or callable syntax	separator	2	N/A	N/A	-> or current callable syntax	core.match	N/A	N/A	N/A	NO	quick fix where unambiguous	INACTIVE_CURRENT	REJECTED_PUBLIC_MATCH_SEPARATOR	RF27-G03/G05; RF52-G47/G48	The Assembly language uses `->` for bounded match arms; `=>` is not a second public spelling.
NSR-REJ-017	REJECTED	1..10	ASCII dot-dot range	range expression	infix	2	N/A	N/A	1…10 or Range.inclusive(1,10)	core.range	N/A	N/A	N/A	NO	quick fix to U+2026 or Range API	INACTIVE_CURRENT	REJECTED_AS_RANGE	RF27-G06; RF52-G47/G48	ASCII `..` is reserved for lateral flow and cannot also mean range.
NSR-REJ-018	REJECTED	ptr->field	pointer member arrow	member access	infix	2	N/A	N/A	value.field or explicit FFI API	future.unsafe	N/A	N/A	N/A	NO	diagnostic	INACTIVE_CURRENT	REJECTED_SAFE_CORE	RF27-G04; RF52-G47/G48	Rejected from safe Nebo; `->` retains signature/match meaning.
NSR-REJ-019	REJECTED	100 + 10%	implicit relative percentage addition	numeric/quantity expression	type combination	2	N/A	N/A	100 * (1 + 10%) or increase(10%)	core.quantity	Number plus Percent	N/A	N/A	NO	type diagnostic with explicit alternatives	INACTIVE_CURRENT	REJECTED_IMPLICIT_SEMANTICS	RF46-G35; RF52-G47/G48	The language never guesses that adding a Percent means increasing the left value.
NSR-REJ-020	REJECTED	a ≈ b without tolerance	approximation with hidden epsilon	numeric expression	infix usage	2	N/A	N/A	a.approxEquals(b, absolute: ..., relative: ...)	std.math.approx	N/A	N/A	N/A	NO	diagnostic requiring tolerance or Uncertain type	INACTIVE_CURRENT	REJECTED_USAGE	RF46-G35/G36; RF52-G47/G48	A global or target-dependent hidden epsilon is forbidden.
NSR-REJ-021	REJECTED	∫ returning bare Float	integral without report	calculus expression	usage	N	N/A	N/A	IntegralResult<T>	std.calculus	N/A	N/A	N/A	NO	diagnostic requiring method/tolerance/status	INACTIVE_CURRENT	REJECTED_USAGE	RF46-G36; RF52-G47	Numerical integration must expose convergence and estimated error.
NSR-REJ-022	REJECTED	a ± b as implicit Tuple	plus/minus tuple expansion	measurement expression	usage	2	N/A	N/A	Uncertain(a,b).branches()	std.measurement	N/A	N/A	N/A	NO	type diagnostic	INACTIVE_CURRENT	REJECTED_SEMANTIC_INTERPRETATION	RF46-G35; RF52-G47	`±` constructs an uncertainty-bearing value, never an implicit pair.
NSR-REJ-023	REJECTED	Text + Number	implicit Text coercion	Text expression	type combination	2	N/A	N/A	Text.format, interpolation or explicit toText()	std.text	N/A	N/A	N/A	NO	typed diagnostic	REJECTED_BY_CURRENT_TYPECHECKER_IN_TYPED_CONTEXTS	REJECTED_IMPLICIT_COERCION	RF84-G53/G59/G61; RF52-G47	Text formatting must be explicit; arithmetic addition does not stringify values.
NSR-REJ-024	REJECTED	user-defined new operator lexeme	arbitrary custom operator	language extension	any	N	N/A	N/A	implement a known operator protocol or named method	language.meta	N/A	N/A	N/A	NO	diagnostic	INACTIVE_CURRENT	REJECTED_PERMANENT	RF46-G28; RF52-G47/G48	User types may implement known protocols but may not invent symbols or precedence.
NSR-REJ-025	REJECTED	fullwidth/confusable operator forms	Unicode confusables	general source	lexical	N	N/A	N/A	registered ASCII/Unicode lexeme	source.security	N/A	N/A	N/A	NO	diagnostic prints code point and canonical replacement	INACTIVE_CURRENT	REJECTED_SECURITY	RF52-G47/G48/G51	Only explicitly registered Unicode aliases are accepted; NFKC/fullwidth lookalikes are rejected.
NSR-REJ-026	REJECTED	%% in expression	double-percent arithmetic	general expression	infix/postfix	N	N/A	N/A	% or a format-template `%%`	core.numeric_text	N/A	N/A	N/A	NO	contextual diagnostic	INACTIVE_CURRENT	REJECTED_OUTSIDE_TEMPLATE	RF84-G60; RF52-G47	`%%` is only a literal-percent escape inside a validated format template.
